Store,Date,DayOfWeek,Sales,Customers,Open,Promo,StateHoliday,SchoolHoliday
1,2022-01-01,6,6093,126,1,0,a,0
1,2022-01-02,7,0,0,0,1,0,0
1,2022-01-03,1,5692,128,1,1,0,0
1,2022-01-04,2,4148,86,1,0,0,0
1,2022-01-05,3,4069,100,1,0,0,0
1,2022-01-06,4,4471,113,1,0,0,0
1,2022-01-07,5,4915,103,1,0,0,0
1,2022-01-08,6,7723,172,1,1,0,0
1,2022-01-09,7,5523,126,1,0,0,0
1,2022-01-10,1,5073,126,1,1,0,0
1,2022-01-11,2,4176,80,1,0,0,0
1,2022-01-12,3,5661,133,1,1,0,0
1,2022-01-13,4,5709,119,1,1,0,0
1,2022-01-14,5,5034,108,1,0,0,0
1,2022-01-15,6,6369,144,1,0,0,0
1,2022-01-16,7,0,0,0,0,0,0
1,2022-01-17,1,4267,102,1,0,0,0
1,2022-01-18,2,4452,91,1,0,0,0
1,2022-01-19,3,4410,102,1,0,0,0
1,2022-01-20,4,4695,111,1,0,0,0
1,2022-01-21,5,5435,112,1,0,0,0
1,2022-01-22,6,6818,143,1,0,0,0
1,2022-01-23,7,5051,110,1,0,0,0
1,2022-01-24,1,4515,93,1,0,0,0
1,2022-01-25,2,4545,99,1,0,0,0
1,2022-01-26,3,5481,122,1,1,0,0
1,2022-01-27,4,4295,98,1,0,0,0
1,2022-01-28,5,5044,122,1,0,0,0
1,2022-01-29,6,6695,139,1,0,0,0
1,2022-01-30,7,0,0,0,0,0,0
1,2022-01-31,1,4309,100,1,0,0,0
1,2022-02-01,2,3887,102,1,0,0,0
1,2022-02-02,3,4236,94,1,0,0,0
1,2022-02-03,4,5947,136,1,1,0,0
1,2022-02-04,5,7102,161,1,1,0,0
1,2022-02-05,6,8297,181,1,1,0,0
1,2022-02-06,7,0,0,0,0,0,0
1,2022-02-07,1,4198,99,1,0,0,0
1,2022-02-08,2,4195,111,1,0,0,0
1,2022-02-09,3,4003,96,1,0,0,0
1,2022-02-10,4,4769,106,1,0,0,0
1,2022-02-11,5,4946,107,1,0,0,0
1,2022-02-12,6,6857,157,1,0,0,0
1,2022-02-13,7,0,0,0,1,0,0
1,2022-02-14,1,4890,107,1,0,0,0
1,2022-02-15,2,4733,98,1,0,0,0
1,2022-02-16,3,4019,93,1,0,0,0
1,2022-02-17,4,4830,122,1,0,0,0
1,2022-02-18,5,4994,114,1,0,0,0
1,2022-02-19,6,6886,140,1,0,0,0
1,2022-02-20,7,6339,134,1,1,0,0
1,2022-02-21,1,5963,156,1,1,0,0
1,2022-02-22,2,5720,119,1,1,0,0
1,2022-02-23,3,5286,129,1,1,0,0
1,2022-02-24,4,4658,97,1,0,0,0
1,2022-02-25,5,6548,139,1,1,0,0
1,2022-02-26,6,6923,169,1,0,0,0
1,2022-02-27,7,5444,125,1,0,0,0
1,2022-02-28,1,4633,103,1,0,0,0
1,2022-03-01,2,4345,92,1,0,0,0
1,2022-03-02,3,4699,115,1,0,0,0
1,2022-03-03,4,4387,93,1,0,0,0
1,2022-03-04,5,6500,132,1,1,0,0
1,2022-03-05,6,7081,164,1,0,0,0
1,2022-03-06,7,5842,123,1,0,0,0
1,2022-03-07,1,4505,98,1,0,0,0
1,2022-03-08,2,4347,108,1,0,0,0
1,2022-03-09,3,6101,117,1,1,0,0
1,2022-03-10,4,4694,103,1,0,0,0
1,2022-03-11,5,6893,159,1,1,0,0
1,2022-03-12,6,8341,185,1,1,0,0
1,2022-03-13,7,5479,109,1,0,0,0
1,2022-03-14,1,4228,88,1,0,0,0
1,2022-03-15,2,5129,122,1,1,0,0
1,2022-03-16,3,6001,139,1,1,0,0
1,2022-03-17,4,6418,133,1,1,0,0
1,2022-03-18,5,6567,169,1,1,0,0
1,2022-03-19,6,6665,151,1,0,0,0
1,2022-03-20,7,5758,140,1,0,0,0
1,2022-03-21,1,4559,97,1,0,0,0
1,2022-03-22,2,4824,123,1,1,0,0
1,2022-03-23,3,4813,99,1,0,0,0
1,2022-03-24,4,4419,107,1,0,0,0
1,2022-03-25,5,5233,98,1,0,0,0
1,2022-03-26,6,6585,162,1,0,0,0
1,2022-03-27,7,5312,121,1,0,0,0
1,2022-03-28,1,5628,123,1,1,0,0
1,2022-03-29,2,4589,100,1,0,0,0
1,2022-03-30,3,5751,128,1,1,0,0
1,2022-03-31,4,5079,96,1,0,0,0
1,2022-04-01,5,5648,121,1,0,0,0
1,2022-04-02,6,9076,218,1,1,0,0
1,2022-04-03,7,6854,168,1,1,0,0
1,2022-04-04,1,4392,89,1,0,0,0
1,2022-04-05,2,5492,135,1,1,0,0
1,2022-04-06,3,4861,96,1,0,0,0
1,2022-04-07,4,5007,116,1,0,0,0
1,2022-04-08,5,4574,104,1,0,0,0
1,2022-04-09,6,6862,146,1,0,0,0
1,2022-04-10,7,4857,122,1,0,0,0
1,2022-04-11,1,4504,98,1,0,0,0
1,2022-04-12,2,4293,107,1,0,0,0
1,2022-04-13,3,4418,100,1,0,0,0
1,2022-04-14,4,4965,107,1,0,0,0
1,2022-04-15,5,6369,154,1,1,0,0
1,2022-04-16,6,6768,138,1,0,0,0
1,2022-04-17,7,0,0,0,0,0,0
1,2022-04-18,1,5667,136,1,1,0,0
1,2022-04-19,2,4630,95,1,0,0,0
1,2022-04-20,3,4417,101,1,0,0,0
1,2022-04-21,4,4924,116,1,0,0,0
1,2022-04-22,5,5290,127,1,0,0,0
1,2022-04-23,6,8500,194,1,1,0,0
1,2022-04-24,7,6791,162,1,1,0,0
1,2022-04-25,1,8460,201,1,0,0,0
1,2022-04-26,2,10292,225,1,1,0,0
1,2022-04-27,3,10344,221,1,1,0,0
1,2022-04-28,4,8692,195,1,0,0,0
1,2022-04-29,5,12333,275,1,1,0,0
1,2022-04-30,6,12566,280,1,0,0,0
1,2022-05-01,7,0,0,0,1,0,0
1,2022-05-02,1,0,0,0,1,b,0
1,2022-05-03,2,0,0,0,0,b,0
1,2022-05-04,3,5126,126,1,0,0,0
1,2022-05-05,4,4414,104,1,0,0,0
1,2022-05-06,5,5481,119,1,0,0,0
1,2022-05-07,6,9002,178,1,1,0,0
1,2022-05-08,7,7286,177,1,1,0,0
1,2022-05-09,1,4485,94,1,0,0,0
1,2022-05-10,2,4140,84,1,0,0,0
1,2022-05-11,3,5003,126,1,0,0,0
1,2022-05-12,4,4683,112,1,0,0,0
1,2022-05-13,5,5226,116,1,0,0,0
1,2022-05-14,6,7527,170,1,0,0,0
1,2022-05-15,7,0,0,0,1,0,0
1,2022-05-16,1,4737,103,1,0,0,0
1,2022-05-17,2,4283,102,1,0,0,0
1,2022-05-18,3,5592,139,1,1,0,0
1,2022-05-19,4,4847,116,1,0,0,0
1,2022-05-20,5,6868,151,1,1,0,0
1,2022-05-21,6,8949,201,1,1,0,0
1,2022-05-22,7,0,0,0,0,0,0
1,2022-05-23,1,4398,103,1,0,0,0
1,2022-05-24,2,4204,80,1,0,0,0
1,2022-05-25,3,4583,103,1,0,0,0
1,2022-05-26,4,4900,101,1,0,0,0
1,2022-05-27,5,5270,110,1,0,0,0
1,2022-05-28,6,5604,125,1,0,0,0
1,2022-05-29,7,5071,108,1,0,0,0
1,2022-05-30,1,4512,97,1,0,0,0
1,2022-05-31,2,5823,111,1,1,0,0
1,2022-06-01,3,4460,97,1,0,0,1
1,2022-06-02,4,5002,135,1,0,0,1
1,2022-06-03,5,4935,117,1,0,0,1
1,2022-06-04,6,8685,196,1,1,0,1
1,2022-06-05,7,5665,124,1,0,0,1
1,2022-06-06,1,4683,91,1,0,0,1
1,2022-06-07,2,5312,120,1,1,0,1
1,2022-06-08,3,4318,101,1,0,0,1
1,2022-06-09,4,6262,153,1,1,0,1
1,2022-06-10,5,4936,98,1,0,0,1
1,2022-06-11,6,6608,159,1,0,0,1
1,2022-06-12,7,0,0,0,0,0,1
1,2022-06-13,1,4623,83,1,0,0,1
1,2022-06-14,2,4566,90,1,0,0,1
1,2022-06-15,3,6044,120,1,1,0,1
1,2022-06-16,4,4985,121,1,0,0,1
1,2022-06-17,5,5348,118,1,0,0,1
1,2022-06-18,6,6575,145,1,0,0,1
1,2022-06-19,7,0,0,0,0,0,1
1,2022-06-20,1,4525,96,1,0,0,1
1,2022-06-21,2,4566,103,1,0,0,1
1,2022-06-22,3,4801,96,1,0,0,1
1,2022-06-23,4,4722,111,1,0,0,1
1,2022-06-24,5,5250,118,1,0,0,1
1,2022-06-25,6,7411,171,1,0,0,1
1,2022-06-26,7,5414,128,1,0,0,1
1,2022-06-27,1,4696,106,1,0,0,1
1,2022-06-28,2,5877,125,1,1,0,1
1,2022-06-29,3,4655,116,1,0,0,1
1,2022-06-30,4,4838,120,1,0,0,1
1,2022-07-01,5,5631,127,1,0,0,1
1,2022-07-02,6,8579,186,1,1,0,1
1,2022-07-03,7,6309,157,1,1,0,1
1,2022-07-04,1,4956,114,1,0,0,1
1,2022-07-05,2,4288,100,1,0,0,1
1,2022-07-06,3,5957,141,1,1,0,1
1,2022-07-07,4,4549,100,1,0,0,1
1,2022-07-08,5,5246,105,1,0,0,1
1,2022-07-09,6,6772,131,1,0,0,1
1,2022-07-10,7,5692,118,1,0,0,1
1,2022-07-11,1,5519,131,1,1,0,1
1,2022-07-12,2,6205,145,1,1,0,1
1,2022-07-13,3,4729,110,1,0,0,1
1,2022-07-14,4,5093,106,1,0,0,1
1,2022-07-15,5,5391,134,1,0,0,1
1,2022-07-16,6,9102,243,1,1,0,1
1,2022-07-17,7,6324,125,1,1,0,1
1,2022-07-18,1,5579,121,1,1,0,1
1,2022-07-19,2,5508,113,1,1,0,1
1,2022-07-20,3,4606,98,1,0,0,1
1,2022-07-21,4,5014,105,1,0,0,1
1,2022-07-22,5,5562,103,1,0,0,1
1,2022-07-23,6,8654,219,1,1,0,1
1,2022-07-24,7,0,0,0,0,0,1
1,2022-07-25,1,5200,116,1,0,0,1
1,2022-07-26,2,4607,106,1,0,0,1
1,2022-07-27,3,4213,70,1,0,0,1
1,2022-07-28,4,5085,109,1,0,0,1
1,2022-07-29,5,5564,123,1,0,0,1
1,2022-07-30,6,7365,179,1,0,0,1
1,2022-07-31,7,0,0,0,0,0,1
1,2022-08-01,1,4433,112,1,0,0,0
1,2022-08-02,2,4743,119,1,0,0,0
1,2022-08-03,3,5966,121,1,1,0,0
1,2022-08-04,4,5162,112,1,0,0,0
1,2022-08-05,5,5842,134,1,0,0,0
1,2022-08-06,6,8664,179,1,1,0,0
1,2022-08-07,7,5933,125,1,0,0,0
1,2022-08-08,1,6115,135,1,1,0,0
1,2022-08-09,2,4586,101,1,0,0,0
1,2022-08-10,3,5223,108,1,0,0,0
1,2022-08-11,4,5171,111,1,0,0,0
1,2022-08-12,5,5274,120,1,0,0,0
1,2022-08-13,6,7077,156,1,0,0,0
1,2022-08-14,7,5939,121,1,0,0,0
1,2022-08-15,1,6384,160,1,1,0,0
1,2022-08-16,2,4699,129,1,0,0,0
1,2022-08-17,3,6044,145,1,1,a,0
1,2022-08-18,4,5234,116,1,0,0,0
1,2022-08-19,5,6728,145,1,1,0,0
1,2022-08-20,6,6653,147,1,0,0,0
1,2022-08-21,7,0,0,0,0,0,0
1,2022-08-22,1,4580,101,1,0,0,0
1,2022-08-23,2,5186,118,1,0,0,0
1,2022-08-24,3,6044,141,1,1,0,0
1,2022-08-25,4,5107,129,1,0,0,0
1,2022-08-26,5,5281,123,1,0,0,0
1,2022-08-27,6,7455,159,1,0,0,0
1,2022-08-28,7,5707,118,1,0,0,0
1,2022-08-29,1,5810,132,1,1,0,0
1,2022-08-30,2,5689,125,1,1,0,0
1,2022-08-31,3,5593,139,1,1,0,0
1,2022-09-01,4,4879,115,1,0,0,0
1,2022-09-02,5,5611,116,1,0,0,0
1,2022-09-03,6,8102,177,1,1,0,0
1,2022-09-04,7,6018,126,1,0,0,0
1,2022-09-05,1,5778,147,1,1,0,0
1,2022-09-06,2,5798,121,1,1,0,0
1,2022-09-07,3,5321,106,1,1,0,0
1,2022-09-08,4,5005,107,1,0,0,0
1,2022-09-09,5,5187,103,1,0,0,0
1,2022-09-10,6,8642,172,1,1,0,0
1,2022-09-11,7,5286,122,1,0,0,0
1,2022-09-12,1,4487,100,1,0,0,0
1,2022-09-13,2,4553,120,1,0,0,0
1,2022-09-14,3,5919,155,1,1,0,0
1,2022-09-15,4,5178,117,1,0,0,0
1,2022-09-16,5,4970,118,1,0,0,0
1,2022-09-17,6,7032,154,1,0,0,0
1,2022-09-18,7,5717,138,1,0,0,0
1,2022-09-19,1,5743,128,1,1,0,0
1,2022-09-20,2,4389,95,1,0,0,0
1,2022-09-21,3,5074,107,1,0,0,0
1,2022-09-22,4,6845,150,1,1,0,0
1,2022-09-23,5,6276,140,1,1,0,0
1,2022-09-24,6,6736,162,1,0,0,0
1,2022-09-25,7,6834,152,1,1,0,0
1,2022-09-26,1,4644,94,1,0,0,0
1,2022-09-27,2,4896,121,1,0,0,0
1,2022-09-28,3,6181,138,1,1,0,0
1,2022-09-29,4,6172,148,1,1,0,0
1,2022-09-30,5,6882,128,1,1,0,0
1,2022-10-01,6,8703,175,1,1,0,0
1,2022-10-02,7,5979,104,1,0,0,0
1,2022-10-03,1,4922,103,1,0,0,0
1,2022-10-04,2,5940,141,1,1,0,0
1,2022-10-05,3,4296,97,1,0,0,0
1,2022-10-06,4,6235,141,1,1,0,0
1,2022-10-07,5,6825,171,1,1,0,0
1,2022-10-08,6,9299,213,1,1,0,0
1,2022-10-09,7,0,0,0,0,0,0
1,2022-10-10,1,4859,96,1,0,0,0
1,2022-10-11,2,4509,108,1,0,0,0
1,2022-10-12,3,5062,134,1,0,0,0
1,2022-10-13,4,5302,99,1,0,0,0
1,2022-10-14,5,5072,115,1,0,0,0
1,2022-10-15,6,6640,142,1,0,0,0
1,2022-10-16,7,6008,119,1,0,0,0
1,2022-10-17,1,4695,98,1,0,0,0
1,2022-10-18,2,4870,103,1,0,0,0
1,2022-10-19,3,4902,105,1,0,0,0
1,2022-10-20,4,6470,137,1,1,0,0
1,2022-10-21,5,5324,119,1,0,0,0
1,2022-10-22,6,7234,151,1,0,0,0
1,2022-10-23,7,0,0,0,0,0,0
1,2022-10-24,1,5726,119,1,1,0,0
1,2022-10-25,2,4873,107,1,0,0,0
1,2022-10-26,3,4392,115,1,0,0,0
1,2022-10-27,4,5064,108,1,0,0,0
1,2022-10-28,5,5182,106,1,0,0,0
1,2022-10-29,6,6761,135,1,0,0,0
1,2022-10-30,7,0,0,0,0,0,0
1,2022-10-31,1,4491,92,1,0,0,0
1,2022-11-01,2,5479,112,1,1,0,0
1,2022-11-02,3,6252,152,1,1,0,0
1,2022-11-03,4,4742,79,1,0,0,0
1,2022-11-04,5,5833,121,1,0,0,0
1,2022-11-05,6,9210,229,1,1,0,0
1,2022-11-06,7,0,0,0,0,0,0
1,2022-11-07,1,4995,113,1,0,0,0
1,2022-11-08,2,4205,99,1,0,0,0
1,2022-11-09,3,4985,89,1,0,0,0
1,2022-11-10,4,5895,150,1,1,0,0
1,2022-11-11,5,6769,119,1,1,0,0
1,2022-11-12,6,6987,131,1,0,0,0
1,2022-11-13,7,0,0,0,0,0,0
1,2022-11-14,1,4650,102,1,0,0,0
1,2022-11-15,2,4647,113,1,0,0,0
1,2022-11-16,3,4771,114,1,0,0,0
1,2022-11-17,4,1077,23,1,0,0,0
1,2022-11-18,5,6604,155,1,1,0,0
1,2022-11-19,6,841,21,1,0,0,0
1,2022-11-20,7,5831,144,1,0,0,0
1,2022-11-21,1,6200,141,1,1,0,0
1,2022-11-22,2,5771,125,1,1,0,0
1,2022-11-23,3,4836,107,1,0,0,0
1,2022-11-24,4,5241,141,1,0,0,0
1,2022-11-25,5,5476,121,1,0,0,0
1,2022-11-26,6,6660,141,1,0,0,0
1,2022-11-27,7,6097,131,1,0,0,0
1,2022-11-28,1,5781,139,1,1,0,0
1,2022-11-29,2,4697,107,1,0,0,0
1,2022-11-30,3,4742,116,1,0,0,0
1,2022-12-01,4,4810,101,1,0,0,0
1,2022-12-02,5,5059,98,1,0,0,0
1,2022-12-03,6,9138,218,1,1,0,0
1,2022-12-04,7,6081,138,1,1,0,0
1,2022-12-05,1,5106,106,1,0,0,0
1,2022-12-06,2,4932,121,1,0,0,0
1,2022-12-07,3,4681,110,1,0,0,0
1,2022-12-08,4,5467,108,1,0,0,0
1,2022-12-09,5,6177,135,1,0,0,0
1,2022-12-10,6,7103,149,1,0,0,0
1,2022-12-11,7,5990,139,1,0,0,0
1,2022-12-12,1,879,19,1,0,0,0
1,2022-12-13,2,5053,105,1,0,0,0
1,2022-12-14,3,4571,104,1,0,0,0
1,2022-12-15,4,5016,125,1,0,0,0
1,2022-12-16,5,5867,131,1,0,0,0
1,2022-12-17,6,7508,169,1,0,0,0
1,2022-12-18,7,7334,151,1,1,0,0
1,2022-12-19,1,5147,108,1,0,0,0
1,2022-12-20,2,4761,111,1,0,0,0
1,2022-12-21,3,4949,111,1,0,0,0
1,2022-12-22,4,5260,124,1,0,0,0
1,2022-12-23,5,5602,110,1,0,0,0
1,2022-12-24,6,7245,178,1,0,0,0
1,2022-12-25,7,0,0,0,1,a,0
1,2022-12-26,1,5527,136,1,0,0,0
1,2022-12-27,2,4603,102,1,0,0,0
1,2022-12-28,3,5110,121,1,0,0,0
1,2022-12-29,4,5578,137,1,0,0,0
1,2022-12-30,5,5251,134,1,0,0,0
1,2022-12-31,6,9326,235,1,1,0,0
1,2023-01-01,7,0,0,0,0,a,0
1,2023-01-02,1,6578,149,1,1,0,0
1,2023-01-03,2,5635,117,1,1,0,0
1,2023-01-04,3,4753,94,1,0,0,0
1,2023-01-05,4,5088,93,1,0,0,0
1,2023-01-06,5,5500,113,1,0,0,0
1,2023-01-07,6,7086,155,1,0,0,0
1,2023-01-08,7,6510,121,1,0,0,0
1,2023-01-09,1,4868,99,1,0,0,0
1,2023-01-10,2,4545,105,1,0,0,0
1,2023-01-11,3,4851,102,1,0,0,0
1,2023-01-12,4,6516,150,1,1,0,0
1,2023-01-13,5,5744,130,1,0,0,0
1,2023-01-14,6,8819,200,1,1,0,0
1,2023-01-15,7,0,0,0,0,0,0
1,2023-01-16,1,4833,110,1,0,0,0
1,2023-01-17,2,4721,107,1,0,0,0
1,2023-01-18,3,4796,100,1,0,0,0
1,2023-01-19,4,6808,152,1,1,0,0
1,2023-01-20,5,7277,177,1,1,0,0
1,2023-01-21,6,9158,207,1,1,0,0
1,2023-01-22,7,0,0,0,0,0,0
1,2023-01-23,1,5275,130,1,0,0,0
1,2023-01-24,2,5592,128,1,1,0,0
1,2023-01-25,3,6051,143,1,1,0,0
1,2023-01-26,4,6264,143,1,1,0,0
1,2023-01-27,5,5753,126,1,0,0,0
1,2023-01-28,6,7531,175,1,0,0,0
1,2023-01-29,7,6931,159,1,1,0,0
1,2023-01-30,1,4696,108,1,0,0,0
1,2023-01-31,2,6077,119,1,1,0,0
1,2023-02-01,3,6009,124,1,1,0,0
1,2023-02-02,4,5033,101,1,0,0,0
1,2023-02-03,5,7159,166,1,1,0,0
1,2023-02-04,6,8681,206,1,1,0,0
1,2023-02-05,7,6034,141,1,0,0,0
1,2023-02-06,1,6275,135,1,1,0,0
1,2023-02-07,2,4773,113,1,0,0,0
1,2023-02-08,3,6671,141,1,1,0,0
1,2023-02-09,4,5332,120,1,0,0,0
1,2023-02-10,5,7096,165,1,1,0,0
1,2023-02-11,6,7198,162,1,0,0,0
1,2023-02-12,7,0,0,0,0,0,0
1,2023-02-13,1,5897,130,1,1,0,0
1,2023-02-14,2,4707,111,1,0,0,0
1,2023-02-15,3,4888,102,1,0,0,0
1,2023-02-16,4,6571,137,1,1,0,0
1,2023-02-17,5,7926,177,1,1,0,0
1,2023-02-18,6,7418,148,1,0,0,0
1,2023-02-19,7,5876,146,1,0,0,0
1,2023-02-20,1,4934,112,1,0,0,0
1,2023-02-21,2,4466,104,1,0,0,0
1,2023-02-22,3,4952,108,1,0,0,0
1,2023-02-23,4,5603,130,1,0,0,0
1,2023-02-24,5,7371,173,1,1,0,0
1,2023-02-25,6,9740,215,1,1,0,0
1,2023-02-26,7,7857,167,1,1,0,0
1,2023-02-27,1,4723,95,1,0,0,0
1,2023-02-28,2,5246,126,1,0,0,0
1,2023-03-01,3,4563,89,1,0,0,0
1,2023-03-02,4,5258,114,1,0,0,0
1,2023-03-03,5,5129,105,1,0,0,0
1,2023-03-04,6,8404,181,1,1,0,0
1,2023-03-05,7,6273,139,1,0,0,0
1,2023-03-06,1,4735,105,1,0,0,0
1,2023-03-07,2,5095,114,1,0,0,0
1,2023-03-08,3,5588,116,1,1,0,0
1,2023-03-09,4,5158,121,1,0,0,0
1,2023-03-10,5,5379,108,1,0,0,0
1,2023-03-11,6,7245,151,1,0,0,0
1,2023-03-12,7,8085,178,1,1,0,0
1,2023-03-13,1,5353,140,1,0,0,0
1,2023-03-14,2,6160,142,1,1,0,0
1,2023-03-15,3,5780,112,1,1,0,0
1,2023-03-16,4,4877,112,1,0,0,0
1,2023-03-17,5,5783,128,1,0,0,0
1,2023-03-18,6,8852,190,1,1,0,0
1,2023-03-19,7,0,0,0,0,0,0
1,2023-03-20,1,5334,120,1,0,0,0
1,2023-03-21,2,5721,125,1,1,0,0
1,2023-03-22,3,6010,140,1,1,0,0
1,2023-03-23,4,6115,122,1,1,0,0
1,2023-03-24,5,7093,142,1,1,0,0
1,2023-03-25,6,7410,167,1,0,0,0
1,2023-03-26,7,0,0,0,0,0,0
1,2023-03-27,1,6439,153,1,1,0,0
1,2023-03-28,2,4916,102,1,0,0,0
1,2023-03-29,3,5027,104,1,0,0,0
1,2023-03-30,4,6523,128,1,1,0,0
1,2023-03-31,5,5782,129,1,0,0,0
1,2023-04-01,6,7382,149,1,0,0,0
1,2023-04-02,7,0,0,0,0,0,0
1,2023-04-03,1,4641,111,1,0,0,0
1,2023-04-04,2,4864,121,1,0,0,0
1,2023-04-05,3,4924,100,1,0,0,0
1,2023-04-06,4,5353,125,1,0,0,0
1,2023-04-07,5,5788,151,1,0,0,0
1,2023-04-08,6,9277,200,1,1,0,0
1,2023-04-09,7,6342,147,1,0,0,0
1,2023-04-10,1,5749,122,1,1,0,0
1,2023-04-11,2,5266,108,1,0,0,0
1,2023-04-12,3,4506,98,1,0,0,0
1,2023-04-13,4,7005,156,1,1,0,0
1,2023-04-14,5,5835,132,1,0,0,0
1,2023-04-15,6,16277,372,1,1,0,0
1,2023-04-16,7,0,0,0,0,0,0
1,2023-04-17,1,10815,242,1,1,0,0
1,2023-04-18,2,8652,179,1,0,0,0
1,2023-04-19,3,11513,258,1,1,0,0
1,2023-04-20,4,10103,208,1,0,0,0
1,2023-04-21,5,13068,354,1,1,0,0
1,2023-04-22,6,0,0,0,0,b,0
1,2023-04-23,7,0,0,0,0,b,0
1,2023-04-24,1,6103,141,1,1,0,0
1,2023-04-25,2,4808,105,1,0,0,0
1,2023-04-26,3,5049,126,1,0,0,0
1,2023-04-27,4,5407,115,1,0,0,0
1,2023-04-28,5,5532,115,1,0,0,0
1,2023-04-29,6,7266,153,1,0,0,0
1,2023-04-30,7,0,0,0,0,0,0
1,2023-05-01,1,5880,131,1,1,0,0
1,2023-05-02,2,4890,121,1,0,0,0
1,2023-05-03,3,4946,111,1,0,0,0
1,2023-05-04,4,6731,169,1,1,0,0
1,2023-05-05,5,7756,170,1,1,0,0
1,2023-05-06,6,7264,171,1,0,0,0
1,2023-05-07,7,6316,134,1,0,0,0
1,2023-05-08,1,5030,106,1,0,0,0
1,2023-05-09,2,4777,112,1,0,0,0
1,2023-05-10,3,5095,118,1,0,0,0
1,2023-05-11,4,5602,129,1,0,0,0
1,2023-05-12,5,5766,123,1,0,0,0
1,2023-05-13,6,7969,187,1,0,0,0
1,2023-05-14,7,7574,168,1,1,0,0
1,2023-05-15,1,5796,124,1,1,0,0
1,2023-05-16,2,4843,111,1,0,0,0
1,2023-05-17,3,4722,103,1,0,0,0
1,2023-05-18,4,5186,120,1,0,0,0
1,2023-05-19,5,7153,147,1,1,0,0
1,2023-05-20,6,8173,177,1,0,0,0
1,2023-05-21,7,0,0,0,0,0,0
1,2023-05-22,1,6273,124,1,1,0,0
1,2023-05-23,2,6479,145,1,1,0,0
1,2023-05-24,3,6261,123,1,1,0,0
1,2023-05-25,4,6128,142,1,1,0,0
1,2023-05-26,5,5990,139,1,0,0,0
1,2023-05-27,6,7641,143,1,0,0,0
1,2023-05-28,7,0,0,0,1,0,0
1,2023-05-29,1,5978,124,1,1,0,0
1,2023-05-30,2,5126,123,1,0,0,0
1,2023-05-31,3,4688,89,1,0,0,0
1,2023-06-01,4,5435,102,1,0,0,1
1,2023-06-02,5,7192,176,1,1,0,1
1,2023-06-03,6,9660,221,1,1,0,1
1,2023-06-04,7,6430,153,1,0,0,1
1,2023-06-05,1,4795,109,1,0,0,1
1,2023-06-06,2,4624,114,1,0,0,1
1,2023-06-07,3,6880,135,1,1,0,1
1,2023-06-08,4,6602,130,1,1,0,1
1,2023-06-09,5,7439,172,1,1,0,1
1,2023-06-10,6,7873,169,1,0,0,1
1,2023-06-11,7,0,0,0,0,0,1
1,2023-06-12,1,5249,120,1,0,0,1
1,2023-06-13,2,5069,126,1,0,0,1
1,2023-06-14,3,6893,161,1,1,0,1
1,2023-06-15,4,7113,158,1,1,0,1
1,2023-06-16,5,7355,174,1,1,0,1
1,2023-06-17,6,9784,201,1,1,0,1
1,2023-06-18,7,0,0,0,0,0,1
1,2023-06-19,1,6334,141,1,1,0,1
1,2023-06-20,2,5803,151,1,1,0,1
1,2023-06-21,3,6359,149,1,1,0,1
1,2023-06-22,4,4837,95,1,0,0,1
1,2023-06-23,5,5835,131,1,0,0,1
1,2023-06-24,6,8054,211,1,0,0,1
1,2023-06-25,7,7997,177,1,1,0,1
1,2023-06-26,1,5068,111,1,0,0,1
1,2023-06-27,2,4879,99,1,0,0,1
1,2023-06-28,3,5015,109,1,0,0,1
1,2023-06-29,4,5079,101,1,0,0,1
1,2023-06-30,5,6126,130,1,0,0,1
1,2023-07-01,6,6987,181,1,0,0,1
1,2023-07-02,7,0,0,0,0,0,1
1,2023-07-03,1,5276,122,1,0,0,1
1,2023-07-04,2,6235,161,1,1,0,1
1,2023-07-05,3,5174,118,1,0,0,1
1,2023-07-06,4,6734,164,1,1,0,1
1,2023-07-07,5,6487,136,1,0,0,1
1,2023-07-08,6,7602,157,1,0,0,1
1,2023-07-09,7,7836,175,1,1,0,1
1,2023-07-10,1,5577,116,1,0,0,1
1,2023-07-11,2,4929,104,1,0,0,1
1,2023-07-12,3,5617,128,1,0,0,1
1,2023-07-13,4,5973,147,1,1,0,1
1,2023-07-14,5,5562,122,1,0,0,1
1,2023-07-15,6,9175,216,1,1,0,1
1,2023-07-16,7,6369,163,1,0,0,1
1,2023-07-17,1,5514,100,1,0,0,1
1,2023-07-18,2,4807,111,1,0,0,1
1,2023-07-19,3,5433,104,1,0,0,1
1,2023-07-20,4,5948,127,1,0,0,1
1,2023-07-21,5,6377,155,1,0,0,1
1,2023-07-22,6,7453,184,1,0,0,1
1,2023-07-23,7,8085,170,1,1,0,1
1,2023-07-24,1,5159,107,1,0,0,1
1,2023-07-25,2,4798,108,1,0,0,1
1,2023-07-26,3,6624,170,1,1,0,1
1,2023-07-27,4,5232,121,1,0,0,1
1,2023-07-28,5,5961,145,1,0,0,1
1,2023-07-29,6,8867,204,1,1,0,1
1,2023-07-30,7,7078,137,1,1,0,1
1,2023-07-31,1,5009,118,1,0,0,1
1,2023-08-01,2,6311,133,1,1,0,0
1,2023-08-02,3,4904,106,1,0,0,0
1,2023-08-03,4,5509,107,1,0,0,0
1,2023-08-04,5,5947,124,1,0,0,0
1,2023-08-05,6,9849,217,1,1,0,0
1,2023-08-06,7,6514,128,1,0,0,0
1,2023-08-07,1,5432,104,1,0,0,0
1,2023-08-08,2,5128,123,1,0,0,0
1,2023-08-09,3,5129,111,1,0,0,0
1,2023-08-10,4,5427,119,1,0,0,0
1,2023-08-11,5,6636,148,1,0,0,0
1,2023-08-12,6,8021,166,1,0,0,0
1,2023-08-13,7,0,0,0,0,0,0
1,2023-08-14,1,5060,121,1,0,0,0
1,2023-08-15,2,4837,117,1,0,0,0
1,2023-08-16,3,4905,117,1,0,0,0
1,2023-08-17,4,5845,141,1,0,a,0
1,2023-08-18,5,7620,183,1,1,0,0
1,2023-08-19,6,7171,158,1,0,0,0
1,2023-08-20,7,6201,133,1,0,0,0
1,2023-08-21,1,5431,111,1,0,0,0
1,2023-08-22,2,4883,103,1,0,0,0
1,2023-08-23,3,5010,120,1,0,0,0
1,2023-08-24,4,5491,112,1,0,0,0
1,2023-08-25,5,6160,146,1,0,0,0
1,2023-08-26,6,7498,168,1,0,0,0
1,2023-08-27,7,0,0,0,0,0,0
1,2023-08-28,1,5233,115,1,0,0,0
1,2023-08-29,2,4721,87,1,0,0,0
1,2023-08-30,3,5091,105,1,0,0,0
1,2023-08-31,4,5371,117,1,0,0,0
1,2023-09-01,5,6194,136,1,0,0,0
1,2023-09-02,6,7518,174,1,0,0,0
1,2023-09-03,7,6437,149,1,0,0,0
1,2023-09-04,1,6778,134,1,1,0,0
1,2023-09-05,2,4884,96,1,0,0,0
1,2023-09-06,3,6084,143,1,0,0,0
1,2023-09-07,4,7245,151,1,1,0,0
1,2023-09-08,5,7581,184,1,1,0,0
1,2023-09-09,6,7625,167,1,0,0,0
1,2023-09-10,7,0,0,0,0,0,0
1,2023-09-11,1,6948,150,1,1,0,0
1,2023-09-12,2,6340,140,1,1,0,0
1,2023-09-13,3,4871,115,1,0,0,0
1,2023-09-14,4,4957,99,1,0,0,0
1,2023-09-15,5,6027,127,1,0,0,0
1,2023-09-16,6,7759,199,1,0,0,0
1,2023-09-17,7,0,0,0,0,0,0
1,2023-09-18,1,4751,104,1,0,0,0
1,2023-09-19,2,4534,101,1,0,0,0
1,2023-09-20,3,6322,148,1,1,0,0
1,2023-09-21,4,5331,125,1,0,0,0
1,2023-09-22,5,6211,134,1,0,0,0
1,2023-09-23,6,9587,220,1,1,0,0
1,2023-09-24,7,8283,173,1,1,0,0
1,2023-09-25,1,5305,121,1,0,0,0
1,2023-09-26,2,5165,109,1,0,0,0
1,2023-09-27,3,5524,136,1,0,0,0
1,2023-09-28,4,5062,130,1,0,0,0
1,2023-09-29,5,5852,111,1,0,0,0
1,2023-09-30,6,8661,221,1,0,0,0
1,2023-10-01,7,0,0,0,0,0,0
1,2023-10-02,1,5081,122,1,0,0,0
1,2023-10-03,2,5164,123,1,0,0,0
1,2023-10-04,3,4780,92,1,0,0,0
1,2023-10-05,4,5243,114,1,0,0,0
1,2023-10-06,5,6624,130,1,0,0,0
1,2023-10-07,6,7811,154,1,0,0,0
1,2023-10-08,7,7664,190,1,1,0,0
1,2023-10-09,1,5220,124,1,0,0,0
1,2023-10-10,2,4907,94,1,0,0,0
1,2023-10-11,3,7169,140,1,1,0,0
1,2023-10-12,4,5186,124,1,0,0,0
1,2023-10-13,5,5875,141,1,0,0,0
1,2023-10-14,6,7179,165,1,0,0,0
1,2023-10-15,7,6229,139,1,0,0,0
1,2023-10-16,1,6411,134,1,1,0,0
1,2023-10-17,2,5363,117,1,0,0,0
1,2023-10-18,3,5023,115,1,0,0,0
1,2023-10-19,4,5598,123,1,0,0,0
1,2023-10-20,5,6069,135,1,0,0,0
1,2023-10-21,6,7035,185,1,0,0,0
1,2023-10-22,7,0,0,0,0,0,0
1,2023-10-23,1,4984,99,1,0,0,0
1,2023-10-24,2,6869,155,1,1,0,0
1,2023-10-25,3,5445,121,1,0,0,0
1,2023-10-26,4,5514,119,1,0,0,0
1,2023-10-27,5,4752,102,1,0,0,0
1,2023-10-28,6,7041,143,1,0,0,0
1,2023-10-29,7,0,0,0,0,0,0
1,2023-10-30,1,5394,131,1,0,0,0
1,2023-10-31,2,4889,111,1,0,0,0
1,2023-11-01,3,5316,114,1,0,0,0
1,2023-11-02,4,5472,116,1,0,0,0
1,2023-11-03,5,7642,169,1,1,0,0
1,2023-11-04,6,7651,178,1,0,0,0
1,2023-11-05,7,0,0,0,0,0,0
1,2023-11-06,1,5487,124,1,0,0,0
1,2023-11-07,2,6052,122,1,1,0,0
1,2023-11-08,3,5000,124,1,0,0,0
1,2023-11-09,4,5274,115,1,0,0,0
1,2023-11-10,5,7608,195,1,1,0,0
1,2023-11-11,6,9934,231,1,1,0,0
1,2023-11-12,7,0,0,0,1,0,0
1,2023-11-13,1,5461,106,1,0,0,0
1,2023-11-14,2,5186,120,1,0,0,0
1,2023-11-15,3,5387,111,1,0,0,0
1,2023-11-16,4,7443,160,1,1,0,0
1,2023-11-17,5,6083,131,1,0,0,0
1,2023-11-18,6,8052,134,1,0,0,0
1,2023-11-19,7,0,0,0,0,0,0
1,2023-11-20,1,6464,147,1,1,0,0
1,2023-11-21,2,5059,132,1,0,0,0
1,2023-11-22,3,5687,123,1,0,0,0
1,2023-11-23,4,5485,120,1,0,0,0
1,2023-11-24,5,5984,130,1,0,0,0
1,2023-11-25,6,7545,203,1,0,0,0
1,2023-11-26,7,6519,148,1,0,0,0
1,2023-11-27,1,5091,109,1,0,0,0
1,2023-11-28,2,5195,116,1,0,0,0
1,2023-11-29,3,5391,117,1,0,0,0
1,2023-11-30,4,5401,117,1,0,0,0
1,2023-12-01,5,5676,119,1,0,0,0
1,2023-12-02,6,7443,177,1,0,0,0
1,2023-12-03,7,0,0,0,0,0,0
1,2023-12-04,1,4971,108,1,0,0,0
1,2023-12-05,2,5235,116,1,0,0,0
1,2023-12-06,3,5922,132,1,0,0,0
1,2023-12-07,4,6733,165,1,1,0,0
1,2023-12-08,5,5994,130,1,0,0,0
1,2023-12-09,6,9537,212,1,1,0,0
1,2023-12-10,7,6680,140,1,0,0,0
1,2023-12-11,1,5353,120,1,0,0,0
1,2023-12-12,2,6403,144,1,1,0,0
1,2023-12-13,3,5036,110,1,0,0,0
1,2023-12-14,4,5269,113,1,0,0,0
1,2023-12-15,5,6175,110,1,0,0,0
1,2023-12-16,6,7960,161,1,0,0,0
1,2023-12-17,7,8013,165,1,1,0,0
1,2023-12-18,1,6781,160,1,1,0,0
1,2023-12-19,2,6026,128,1,1,0,0
1,2023-12-20,3,5451,135,1,0,0,0
1,2023-12-21,4,7018,156,1,1,0,0
1,2023-12-22,5,7296,167,1,1,0,0
1,2023-12-23,6,7646,175,1,0,0,0
1,2023-12-24,7,0,0,0,0,0,0
1,2023-12-25,1,6199,141,1,1,a,0
1,2023-12-26,2,5776,114,1,0,0,0
1,2023-12-27,3,6909,165,1,1,0,0
1,2023-12-28,4,5539,116,1,0,0,0
1,2023-12-29,5,7579,177,1,1,0,0
1,2023-12-30,6,8208,173,1,0,0,0
1,2023-12-31,7,6304,143,1,0,0,0
1,2024-01-01,1,5169,109,1,0,a,0
1,2024-01-02,2,6907,166,1,1,0,0
1,2024-01-03,3,5260,117,1,0,0,0
1,2024-01-04,4,5601,129,1,0,0,0
1,2024-01-05,5,5917,126,1,0,0,0
1,2024-01-06,6,10015,216,1,1,0,0
1,2024-01-07,7,0,0,0,0,0,0
1,2024-01-08,1,7149,161,1,1,0,0
1,2024-01-09,2,4918,98,1,0,0,0
1,2024-01-10,3,5005,121,1,0,0,0
1,2024-01-11,4,5498,126,1,0,0,0
1,2024-01-12,5,5970,117,1,0,0,0
1,2024-01-13,6,9895,212,1,1,0,0
1,2024-01-14,7,6625,118,1,0,0,0
1,2024-01-15,1,5882,120,1,0,0,0
1,2024-01-16,2,6314,151,1,1,0,0
1,2024-01-17,3,4807,108,1,0,0,0
1,2024-01-18,4,5515,111,1,0,0,0
1,2024-01-19,5,7848,179,1,1,0,0
1,2024-01-20,6,7550,158,1,0,0,0
1,2024-01-21,7,6542,129,1,0,0,0
1,2024-01-22,1,6661,154,1,1,0,0
1,2024-01-23,2,5243,109,1,0,0,0
1,2024-01-24,3,5627,119,1,0,0,0
1,2024-01-25,4,5567,121,1,0,0,0
1,2024-01-26,5,7936,186,1,1,0,0
1,2024-01-27,6,7233,171,1,0,0,0
1,2024-01-28,7,6166,135,1,0,0,0
1,2024-01-29,1,6513,142,1,1,0,0
1,2024-01-30,2,6154,138,1,1,0,0
1,2024-01-31,3,5423,110,1,0,0,0
1,2024-02-01,4,5503,122,1,0,0,0
1,2024-02-02,5,6049,133,1,0,0,0
1,2024-02-03,6,10390,210,1,1,0,0
1,2024-02-04,7,6515,141,1,0,0,0
1,2024-02-05,1,5021,120,1,0,0,0
1,2024-02-06,2,6295,128,1,1,0,0
1,2024-02-07,3,7043,166,1,1,0,0
1,2024-02-08,4,5664,116,1,0,0,0
1,2024-02-09,5,8213,179,1,1,0,0
1,2024-02-10,6,8310,190,1,0,0,0
1,2024-02-11,7,0,0,0,1,0,0
1,2024-02-12,1,5699,123,1,0,0,0
1,2024-02-13,2,5595,130,1,0,0,0
1,2024-02-14,3,6191,142,1,1,0,0
1,2024-02-15,4,5626,131,1,0,0,0
1,2024-02-16,5,6039,140,1,0,0,0
1,2024-02-17,6,9852,229,1,1,0,0
1,2024-02-18,7,0,0,0,1,0,0
1,2024-02-19,1,5075,113,1,0,0,0
1,2024-02-20,2,5444,139,1,0,0,0
1,2024-02-21,3,5129,127,1,0,0,0
1,2024-02-22,4,5652,149,1,0,0,0
1,2024-02-23,5,5800,127,1,0,0,0
1,2024-02-24,6,8506,187,1,0,0,0
1,2024-02-25,7,0,0,0,1,0,0
1,2024-02-26,1,5533,106,1,0,0,0
1,2024-02-27,2,5268,114,1,0,0,0
1,2024-02-28,3,5386,135,1,0,0,0
1,2024-02-29,4,7067,169,1,1,0,0
1,2024-03-01,5,6699,145,1,0,0,0
1,2024-03-02,6,7651,176,1,0,0,0
1,2024-03-03,7,0,0,0,0,0,0
1,2024-03-04,1,5133,120,1,0,0,0
1,2024-03-05,2,4909,110,1,0,0,0
1,2024-03-06,3,7161,176,1,1,0,0
1,2024-03-07,4,6992,156,1,1,0,0
1,2024-03-08,5,6497,107,1,0,0,0
1,2024-03-09,6,8036,176,1,0,0,0
1,2024-03-10,7,0,0,0,1,0,0
1,2024-03-11,1,6744,149,1,1,0,0
1,2024-03-12,2,5621,106,1,0,0,0
1,2024-03-13,3,5524,144,1,0,0,0
1,2024-03-14,4,5966,134,1,0,0,0
1,2024-03-15,5,6575,144,1,0,0,0
1,2024-03-16,6,9963,212,1,1,0,0
1,2024-03-17,7,8156,173,1,1,0,0
1,2024-03-18,1,6573,129,1,1,0,0
1,2024-03-19,2,5578,136,1,0,0,0
1,2024-03-20,3,5223,116,1,0,0,0
1,2024-03-21,4,6821,153,1,1,0,0
1,2024-03-22,5,7715,187,1,1,0,0
1,2024-03-23,6,7587,162,1,0,0,0
1,2024-03-24,7,7957,196,1,1,0,0
1,2024-03-25,1,7091,152,1,1,0,0
1,2024-03-26,2,5421,113,1,0,0,0
1,2024-03-27,3,5374,116,1,0,0,0
1,2024-03-28,4,5898,130,1,0,0,0
1,2024-03-29,5,6921,168,1,0,0,0
1,2024-03-30,6,8187,186,1,0,0,0
1,2024-03-31,7,8796,201,1,1,0,0
1,2024-04-01,1,5606,112,1,0,0,0
1,2024-04-02,2,5181,117,1,0,0,0
1,2024-04-03,3,9995,194,1,0,0,0
1,2024-04-04,4,10491,221,1,0,0,0
1,2024-04-05,5,13600,303,1,1,0,0
1,2024-04-06,6,12637,252,1,0,0,0
1,2024-04-07,7,11350,299,1,0,0,0
1,2024-04-08,1,10809,231,1,1,0,0
1,2024-04-09,2,9124,222,1,0,0,0
1,2024-04-10,3,0,0,0,0,b,0
1,2024-04-11,4,0,0,0,0,b,0
1,2024-04-12,5,5916,137,1,0,0,0
1,2024-04-13,6,8307,171,1,0,0,0
1,2024-04-14,7,6843,159,1,0,0,0
1,2024-04-15,1,5583,123,1,0,0,0
1,2024-04-16,2,5978,113,1,1,0,0
1,2024-04-17,3,5825,136,1,0,0,0
1,2024-04-18,4,5817,128,1,0,0,0
1,2024-04-19,5,6551,126,1,0,0,0
1,2024-04-20,6,8840,233,1,0,0,0
1,2024-04-21,7,6863,175,1,0,0,0
1,2024-04-22,1,5082,117,1,0,0,0
1,2024-04-23,2,6819,156,1,1,0,0
1,2024-04-24,3,5109,115,1,0,0,0
1,2024-04-25,4,5688,104,1,0,0,0
1,2024-04-26,5,6149,142,1,0,0,0
1,2024-04-27,6,10145,232,1,1,0,0
1,2024-04-28,7,0,0,0,0,0,0
1,2024-04-29,1,5033,106,1,0,0,0
1,2024-04-30,2,5172,113,1,0,0,0
1,2024-05-01,3,6839,155,1,1,0,0
1,2024-05-02,4,5593,123,1,0,0,0
1,2024-05-03,5,8470,188,1,1,0,0
1,2024-05-04,6,8297,190,1,0,0,0
1,2024-05-05,7,6753,154,1,0,0,0
1,2024-05-06,1,5315,120,1,0,0,0
1,2024-05-07,2,4931,113,1,0,0,0
1,2024-05-08,3,5540,113,1,0,0,0
1,2024-05-09,4,6241,133,1,0,0,0
1,2024-05-10,5,7998,161,1,1,0,0
1,2024-05-11,6,8590,180,1,0,0,0
1,2024-05-12,7,0,0,0,0,0,0
1,2024-05-13,1,5579,114,1,0,0,0
1,2024-05-14,2,5366,139,1,0,0,0
1,2024-05-15,3,5276,133,1,0,0,0
1,2024-05-16,4,5673,113,1,0,0,0
1,2024-05-17,5,6223,139,1,0,0,0
1,2024-05-18,6,10355,261,1,1,0,0
1,2024-05-19,7,0,0,0,1,0,0
1,2024-05-20,1,5290,124,1,0,0,0
1,2024-05-21,2,5423,135,1,0,0,0
1,2024-05-22,3,5364,123,1,0,0,0
1,2024-05-23,4,1353,33,1,0,0,0
1,2024-05-24,5,6096,121,1,0,0,0
1,2024-05-25,6,8051,171,1,0,0,0
1,2024-05-26,7,7326,162,1,1,0,0
1,2024-05-27,1,5241,115,1,0,0,0
1,2024-05-28,2,5578,134,1,0,0,0
1,2024-05-29,3,5658,129,1,0,0,0
1,2024-05-30,4,5871,131,1,0,0,0
1,2024-05-31,5,5776,108,1,0,0,0
1,2024-06-01,6,8006,175,1,0,0,1
1,2024-06-02,7,0,0,0,0,0,1
1,2024-06-03,1,6974,146,1,1,0,1
1,2024-06-04,2,5629,121,1,0,0,1
1,2024-06-05,3,5842,136,1,0,0,1
1,2024-06-06,4,5591,124,1,0,0,1
1,2024-06-07,5,6188,154,1,0,0,1
1,2024-06-08,6,8766,207,1,0,0,1
1,2024-06-09,7,0,0,0,1,0,1
1,2024-06-10,1,6457,127,1,1,0,1
1,2024-06-11,2,6607,145,1,1,0,1
1,2024-06-12,3,5961,143,1,0,0,1
1,2024-06-13,4,5507,114,1,0,0,1
1,2024-06-14,5,6240,133,1,0,0,1
1,2024-06-15,6,7846,164,1,0,0,1
1,2024-06-16,7,0,0,0,1,0,1
1,2024-06-17,1,5548,118,1,0,0,1
1,2024-06-18,2,5597,119,1,0,0,1
1,2024-06-19,3,6031,133,1,0,0,1
1,2024-06-20,4,5340,118,1,0,0,1
1,2024-06-21,5,6144,142,1,0,0,1
1,2024-06-22,6,8035,178,1,0,0,1
1,2024-06-23,7,6717,165,1,0,0,1
1,2024-06-24,1,7020,154,1,1,0,1
1,2024-06-25,2,6532,124,1,1,0,1
1,2024-06-26,3,5408,117,1,0,0,1
1,2024-06-27,4,6063,128,1,0,0,1
1,2024-06-28,5,6571,152,1,0,0,1
1,2024-06-29,6,8356,192,1,0,0,1
1,2024-06-30,7,0,0,0,0,0,1
2,2022-01-01,6,3931,119,1,0,a,0
2,2022-01-02,7,0,0,0,0,0,0
2,2022-01-03,1,2453,76,1,0,0,0
2,2022-01-04,2,2320,70,1,0,0,0
2,2022-01-05,3,2449,70,1,0,0,0
2,2022-01-06,4,2621,82,1,1,0,0
2,2022-01-07,5,2730,81,1,1,0,0
2,2022-01-08,6,3563,106,1,0,0,0
2,2022-01-09,7,2925,79,1,1,0,0
2,2022-01-10,1,2470,66,1,0,0,0
2,2022-01-11,2,2398,67,1,1,0,0
2,2022-01-12,3,2758,85,1,1,0,0
2,2022-01-13,4,2400,68,1,0,0,0
2,2022-01-14,5,3067,84,1,0,0,0
2,2022-01-15,6,3877,106,1,0,0,0
2,2022-01-16,7,0,0,0,0,0,0
2,2022-01-17,1,2471,62,1,0,0,0
2,2022-01-18,2,2324,60,1,0,0,0
2,2022-01-19,3,2612,68,1,0,0,0
2,2022-01-20,4,3001,82,1,1,0,0
2,2022-01-21,5,3224,96,1,1,0,0
2,2022-01-22,6,3601,98,1,0,0,0
2,2022-01-23,7,3057,77,1,0,0,0
2,2022-01-24,1,2677,81,1,0,0,0
2,2022-01-25,2,2496,74,1,0,0,0
2,2022-01-26,3,2806,89,1,1,0,0
2,2022-01-27,4,2713,92,1,0,0,0
2,2022-01-28,5,2916,80,1,0,0,0
2,2022-01-29,6,3723,115,1,0,0,0
2,2022-01-30,7,2861,76,1,0,0,0
2,2022-01-31,1,2397,70,1,0,0,0
2,2022-02-01,2,2444,61,1,1,0,0
2,2022-02-02,3,2504,72,1,0,0,0
2,2022-02-03,4,2646,83,1,0,0,0
2,2022-02-04,5,2895,97,1,0,0,0
2,2022-02-05,6,3973,115,1,1,0,0
2,2022-02-06,7,3310,87,1,1,0,0
2,2022-02-07,1,2445,77,1,0,0,0
2,2022-02-08,2,2532,77,1,0,0,0
2,2022-02-09,3,2699,79,1,0,0,0
2,2022-02-10,4,2692,74,1,0,0,0
2,2022-02-11,5,2978,79,1,1,0,0
2,2022-02-12,6,3928,114,1,0,0,0
2,2022-02-13,7,3130,93,1,0,0,0
2,2022-02-14,1,2579,73,1,0,0,0
2,2022-02-15,2,2634,77,1,0,0,0
2,2022-02-16,3,2649,76,1,0,0,0
2,2022-02-17,4,2993,97,1,1,0,0
2,2022-02-18,5,2900,88,1,0,0,0
2,2022-02-19,6,3676,121,1,0,0,0
2,2022-02-20,7,0,0,0,0,0,0
2,2022-02-21,1,2383,72,1,0,0,0
2,2022-02-22,2,2683,77,1,0,0,0
2,2022-02-23,3,2730,81,1,0,0,0
2,2022-02-24,4,2792,77,1,1,0,0
2,2022-02-25,5,3103,82,1,0,0,0
2,2022-02-26,6,3889,102,1,0,0,0
2,2022-02-27,7,0,0,0,0,0,0
2,2022-02-28,1,2408,66,1,0,0,0
2,2022-03-01,2,2615,77,1,1,0,0
2,2022-03-02,3,2718,66,1,1,0,0
2,2022-03-03,4,2826,77,1,0,0,0
2,2022-03-04,5,2977,87,1,0,0,0
2,2022-03-05,6,3532,97,1,0,0,0
2,2022-03-06,7,2990,81,1,0,0,0
2,2022-03-07,1,2609,79,1,0,0,0
2,2022-03-08,2,2236,63,1,0,0,0
2,2022-03-09,3,2391,70,1,0,0,0
2,2022-03-10,4,2608,74,1,0,0,0
2,2022-03-11,5,3228,98,1,1,0,0
2,2022-03-12,6,3738,96,1,0,0,0
2,2022-03-13,7,3151,98,1,0,0,0
2,2022-03-14,1,2647,79,1,1,0,0
2,2022-03-15,2,2448,73,1,0,0,0
2,2022-03-16,3,2494,75,1,0,0,0
2,2022-03-17,4,2774,73,1,0,0,0
2,2022-03-18,5,2759,81,1,0,0,0
2,2022-03-19,6,3929,116,1,1,0,0
2,2022-03-20,7,3425,93,1,1,0,0
2,2022-03-21,1,2429,73,1,0,0,0
2,2022-03-22,2,2278,65,1,0,0,0
2,2022-03-23,3,2309,73,1,0,0,0
2,2022-03-24,4,2757,83,1,0,0,0
2,2022-03-25,5,3057,92,1,0,0,0
2,2022-03-26,6,3914,107,1,1,0,0
2,2022-03-27,7,0,0,0,0,0,0
2,2022-03-28,1,2637,76,1,1,0,0
2,2022-03-29,2,2620,74,1,0,0,0
2,2022-03-30,3,2423,74,1,0,0,0
2,2022-03-31,4,2814,77,1,0,0,0
2,2022-04-01,5,2840,91,1,1,0,0
2,2022-04-02,6,3763,128,1,1,0,0
2,2022-04-03,7,0,0,0,1,0,0
2,2022-04-04,1,2655,87,1,0,0,0
2,2022-04-05,2,2661,77,1,0,0,0
2,2022-04-06,3,2857,76,1,1,0,0
2,2022-04-07,4,2885,74,1,0,0,0
2,2022-04-08,5,2987,69,1,0,0,0
2,2022-04-09,6,3689,97,1,0,0,0
2,2022-04-10,7,0,0,0,1,0,0
2,2022-04-11,1,2848,76,1,1,0,0
2,2022-04-12,2,2599,68,1,0,0,0
2,2022-04-13,3,2811,75,1,1,0,0
2,2022-04-14,4,3013,84,1,1,0,0
2,2022-04-15,5,3017,83,1,0,0,0
2,2022-04-16,6,3810,103,1,0,0,0
2,2022-04-17,7,3383,105,1,1,0,0
2,2022-04-18,1,2605,82,1,0,0,0
2,2022-04-19,2,2598,58,1,0,0,0
2,2022-04-20,3,2585,74,1,0,0,0
2,2022-04-21,4,2950,84,1,1,0,0
2,2022-04-22,5,3254,79,1,1,0,0
2,2022-04-23,6,4055,112,1,1,0,0
2,2022-04-24,7,0,0,0,0,0,0
2,2022-04-25,1,5116,153,1,1,0,0
2,2022-04-26,2,4427,120,1,1,0,0
2,2022-04-27,3,4468,116,1,0,0,0
2,2022-04-28,4,5132,164,1,1,0,0
2,2022-04-29,5,4687,130,1,0,0,0
2,2022-04-30,6,7423,205,1,0,0,0
2,2022-05-01,7,5621,140,1,0,0,0
2,2022-05-02,1,0,0,0,0,b,0
2,2022-05-03,2,0,0,0,0,b,0
2,2022-05-04,3,2592,73,1,0,0,0
2,2022-05-05,4,2880,75,1,0,0,0
2,2022-05-06,5,2966,82,1,1,0,0
2,2022-05-07,6,3919,109,1,0,0,0
2,2022-05-08,7,0,0,0,0,0,0
2,2022-05-09,1,2648,85,1,0,0,0
2,2022-05-10,2,2743,83,1,1,0,0
2,2022-05-11,3,2596,81,1,0,0,0
2,2022-05-12,4,2776,65,1,0,0,0
2,2022-05-13,5,3286,92,1,1,0,0
2,2022-05-14,6,3879,114,1,0,0,0
2,2022-05-15,7,3530,97,1,0,0,0
2,2022-05-16,1,2546,69,1,0,0,0
2,2022-05-17,2,2850,84,1,1,0,0
2,2022-05-18,3,2772,77,1,0,0,0
2,2022-05-19,4,2579,73,1,1,0,0
2,2022-05-20,5,3217,96,1,0,0,0
2,2022-05-21,6,4259,148,1,1,0,0
2,2022-05-22,7,3313,94,1,1,0,0
2,2022-05-23,1,2746,83,1,1,0,0
2,2022-05-24,2,2573,79,1,0,0,0
2,2022-05-25,3,2947,92,1,1,0,0
2,2022-05-26,4,2657,73,1,0,0,0
2,2022-05-27,5,3237,96,1,0,0,0
2,2022-05-28,6,3648,107,1,0,0,0
2,2022-05-29,7,3010,83,1,1,0,0
2,2022-05-30,1,2781,78,1,1,0,0
2,2022-05-31,2,2808,81,1,1,0,0
2,2022-06-01,3,2608,69,1,0,0,1
2,2022-06-02,4,2410,70,1,0,0,1
2,2022-06-03,5,2920,84,1,1,0,1
2,2022-06-04,6,3948,104,1,0,0,1
2,2022-06-05,7,3148,88,1,0,0,1
2,2022-06-06,1,2743,83,1,0,0,1
2,2022-06-07,2,2530,66,1,0,0,1
2,2022-06-08,3,2538,79,1,0,0,1
2,2022-06-09,4,2765,86,1,0,0,1
2,2022-06-10,5,3163,92,1,0,0,1
2,2022-06-11,6,4133,125,1,0,0,1
2,2022-06-12,7,3295,96,1,1,0,1
2,2022-06-13,1,2591,68,1,0,0,1
2,2022-06-14,2,2624,71,1,0,0,1
2,2022-06-15,3,2542,72,1,0,0,1
2,2022-06-16,4,2828,86,1,0,0,1
2,2022-06-17,5,3130,82,1,1,0,1
2,2022-06-18,6,4057,128,1,1,0,1
2,2022-06-19,7,3161,81,1,0,0,1
2,2022-06-20,1,2604,75,1,0,0,1
2,2022-06-21,2,2911,89,1,1,0,1
2,2022-06-22,3,2713,77,1,1,0,1
2,2022-06-23,4,2676,79,1,0,0,1
2,2022-06-24,5,3240,76,1,0,0,1
2,2022-06-25,6,3972,116,1,0,0,1
2,2022-06-26,7,3453,91,1,1,0,1
2,2022-06-27,1,2458,60,1,0,0,1
2,2022-06-28,2,2694,72,1,1,0,1
2,2022-06-29,3,2758,91,1,0,0,1
2,2022-06-30,4,2645,80,1,0,0,1
2,2022-07-01,5,3122,97,1,0,0,1
2,2022-07-02,6,3853,119,1,0,0,1
2,2022-07-03,7,3070,84,1,0,0,1
2,2022-07-04,1,2728,82,1,0,0,1
2,2022-07-05,2,2684,85,1,0,0,1
2,2022-07-06,3,2806,80,1,1,0,1
2,2022-07-07,4,2805,71,1,0,0,1
2,2022-07-08,5,3233,90,1,0,0,1
2,2022-07-09,6,4014,114,1,1,0,1
2,2022-07-10,7,0,0,0,1,0,1
2,2022-07-11,1,2678,65,1,1,0,1
2,2022-07-12,2,2535,73,1,1,0,1
2,2022-07-13,3,2608,73,1,0,0,1
2,2022-07-14,4,2593,76,1,0,0,1
2,2022-07-15,5,3258,93,1,1,0,1
2,2022-07-16,6,3756,111,1,0,0,1
2,2022-07-17,7,0,0,0,0,0,1
2,2022-07-18,1,2838,77,1,1,0,1
2,2022-07-19,2,2635,73,1,0,0,1
2,2022-07-20,3,2621,75,1,0,0,1
2,2022-07-21,4,2850,74,1,0,0,1
2,2022-07-22,5,2921,88,1,0,0,1
2,2022-07-23,6,3841,113,1,0,0,1
2,2022-07-24,7,3255,86,1,0,0,1
2,2022-07-25,1,2883,84,1,1,0,1
2,2022-07-26,2,2504,73,1,0,0,1
2,2022-07-27,3,2591,75,1,0,0,1
2,2022-07-28,4,3038,73,1,1,0,1
2,2022-07-29,5,3299,105,1,1,0,1
2,2022-07-30,6,4148,135,1,1,0,1
2,2022-07-31,7,0,0,0,1,0,1
2,2022-08-01,1,2870,78,1,0,0,0
2,2022-08-02,2,2605,82,1,0,0,0
2,2022-08-03,3,2596,83,1,0,0,0
2,2022-08-04,4,2832,77,1,0,0,0
2,2022-08-05,5,2929,87,1,0,0,0
2,2022-08-06,6,4172,121,1,0,0,0
2,2022-08-07,7,3244,88,1,1,0,0
2,2022-08-08,1,2595,82,1,0,0,0
2,2022-08-09,2,2455,66,1,0,0,0
2,2022-08-10,3,2704,77,1,0,0,0
2,2022-08-11,4,2798,70,1,0,0,0
2,2022-08-12,5,3174,87,1,0,0,0
2,2022-08-13,6,4157,124,1,1,0,0
2,2022-08-14,7,3215,104,1,0,0,0
2,2022-08-15,1,263,8,1,0,0,0
2,2022-08-16,2,2530,76,1,0,0,0
2,2022-08-17,3,2623,79,1,1,a,0
2,2022-08-18,4,2966,89,1,0,0,0
2,2022-08-19,5,3051,84,1,0,0,0
2,2022-08-20,6,4266,116,1,0,0,0
2,2022-08-21,7,0,0,0,0,0,0
2,2022-08-22,1,2499,72,1,1,0,0
2,2022-08-23,2,2640,75,1,1,0,0
2,2022-08-24,3,2689,80,1,0,0,0
2,2022-08-25,4,2926,92,1,1,0,0
2,2022-08-26,5,3334,93,1,1,0,0
2,2022-08-27,6,4183,128,1,1,0,0
2,2022-08-28,7,0,0,0,1,0,0
2,2022-08-29,1,2514,69,1,0,0,0
2,2022-08-30,2,2524,64,1,0,0,0
2,2022-08-31,3,2776,79,1,0,0,0
2,2022-09-01,4,3047,93,1,1,0,0
2,2022-09-02,5,2973,84,1,0,0,0
2,2022-09-03,6,4364,131,1,1,0,0
2,2022-09-04,7,0,0,0,1,0,0
2,2022-09-05,1,2522,71,1,0,0,0
2,2022-09-06,2,2744,84,1,1,0,0
2,2022-09-07,3,2749,73,1,0,0,0
2,2022-09-08,4,2640,78,1,0,0,0
2,2022-09-09,5,3016,87,1,1,0,0
2,2022-09-10,6,4058,124,1,0,0,0
2,2022-09-11,7,3315,93,1,1,0,0
2,2022-09-12,1,2986,80,1,1,0,0
2,2022-09-13,2,2808,83,1,0,0,0
2,2022-09-14,3,2768,85,1,0,0,0
2,2022-09-15,4,2926,93,1,0,0,0
2,2022-09-16,5,2930,83,1,0,0,0
2,2022-09-17,6,3892,115,1,1,0,0
2,2022-09-18,7,3214,105,1,0,0,0
2,2022-09-19,1,2478,73,1,0,0,0
2,2022-09-20,2,2630,85,1,0,0,0
2,2022-09-21,3,2603,83,1,0,0,0
2,2022-09-22,4,2966,95,1,1,0,0
2,2022-09-23,5,3066,86,1,0,0,0
2,2022-09-24,6,4310,116,1,1,0,0
2,2022-09-25,7,3295,98,1,0,0,0
2,2022-09-26,1,2730,68,1,1,0,0
2,2022-09-27,2,2418,72,1,0,0,0
2,2022-09-28,3,2736,69,1,0,0,0
2,2022-09-29,4,2687,79,1,1,0,0
2,2022-09-30,5,3292,92,1,0,0,0
2,2022-10-01,6,4295,119,1,1,0,0
2,2022-10-02,7,3385,90,1,0,0,0
2,2022-10-03,1,2529,73,1,0,0,0
2,2022-10-04,2,2646,86,1,0,0,0
2,2022-10-05,3,2759,80,1,1,0,0
2,2022-10-06,4,2829,91,1,0,0,0
2,2022-10-07,5,2949,86,1,0,0,0
2,2022-10-08,6,3976,105,1,0,0,0
2,2022-10-09,7,0,0,0,0,0,0
2,2022-10-10,1,2642,68,1,0,0,0
2,2022-10-11,2,2510,79,1,1,0,0
2,2022-10-12,3,3109,90,1,1,0,0
2,2022-10-13,4,2977,85,1,1,0,0
2,2022-10-14,5,3266,99,1,1,0,0
2,2022-10-15,6,4135,113,1,0,0,0
2,2022-10-16,7,0,0,0,1,0,0
2,2022-10-17,1,2563,74,1,0,0,0
2,2022-10-18,2,2678,78,1,0,0,0
2,2022-10-19,3,2750,82,1,0,0,0
2,2022-10-20,4,2717,79,1,0,0,0
2,2022-10-21,5,3377,96,1,1,0,0
2,2022-10-22,6,4067,116,1,0,0,0
2,2022-10-23,7,3348,99,1,0,0,0
2,2022-10-24,1,2724,78,1,0,0,0
2,2022-10-25,2,2651,70,1,1,0,0
2,2022-10-26,3,2723,78,1,0,0,0
2,2022-10-27,4,2561,67,1,0,0,0
2,2022-10-28,5,3041,102,1,0,0,0
2,2022-10-29,6,4163,132,1,1,0,0
2,2022-10-30,7,0,0,0,0,0,0
2,2022-10-31,1,2746,76,1,0,0,0
2,2022-11-01,2,2520,74,1,0,0,0
2,2022-11-02,3,2632,72,1,0,0,0
2,2022-11-03,4,3013,97,1,0,0,0
2,2022-11-04,5,3081,85,1,0,0,0
2,2022-11-05,6,4246,123,1,1,0,0
2,2022-11-06,7,0,0,0,0,0,0
2,2022-11-07,1,2671,86,1,0,0,0
2,2022-11-08,2,2733,83,1,1,0,0
2,2022-11-09,3,2700,77,1,0,0,0
2,2022-11-10,4,2761,90,1,0,0,0
2,2022-11-11,5,3154,92,1,0,0,0
2,2022-11-12,6,3661,115,1,0,0,0
2,2022-11-13,7,3385,88,1,1,0,0
2,2022-11-14,1,2759,91,1,0,0,0
2,2022-11-15,2,2817,81,1,1,0,0
2,2022-11-16,3,2942,88,1,0,0,0
2,2022-11-17,4,2957,80,1,0,0,0
2,2022-11-18,5,3202,84,1,0,0,0
2,2022-11-19,6,4041,117,1,0,0,0
2,2022-11-20,7,0,0,0,0,0,0
2,2022-11-21,1,2897,76,1,1,0,0
2,2022-11-22,2,2675,77,1,0,0,0
2,2022-11-23,3,2836,67,1,1,0,0
2,2022-11-24,4,2720,73,1,0,0,0
2,2022-11-25,5,3291,91,1,1,0,0
2,2022-11-26,6,4490,108,1,1,0,0
2,2022-11-27,7,0,0,0,1,0,0
2,2022-11-28,1,2835,95,1,1,0,0
2,2022-11-29,2,2827,87,1,1,0,0
2,2022-11-30,3,2824,75,1,0,0,0
2,2022-12-01,4,2883,82,1,0,0,0
2,2022-12-02,5,3142,91,1,0,0,0
2,2022-12-03,6,4144,120,1,1,0,0
2,2022-12-04,7,0,0,0,0,0,0
2,2022-12-05,1,2775,78,1,1,0,0
2,2022-12-06,2,2849,78,1,0,0,0
2,2022-12-07,3,2784,84,1,0,0,0
2,2022-12-08,4,2861,91,1,0,0,0
2,2022-12-09,5,3274,89,1,0,0,0
2,2022-12-10,6,3924,102,1,0,0,0
2,2022-12-11,7,0,0,0,0,0,0
2,2022-12-12,1,2721,78,1,0,0,0
2,2022-12-13,2,2701,68,1,0,0,0
2,2022-12-14,3,2673,73,1,0,0,0
2,2022-12-15,4,2759,89,1,0,0,0
2,2022-12-16,5,3014,86,1,1,0,0
2,2022-12-17,6,3971,121,1,0,0,0
2,2022-12-18,7,3227,80,1,0,0,0
2,2022-12-19,1,2620,70,1,0,0,0
2,2022-12-20,2,2635,83,1,0,0,0
2,2022-12-21,3,2781,79,1,0,0,0
2,2022-12-22,4,2935,89,1,0,0,0
2,2022-12-23,5,3255,101,1,0,0,0
2,2022-12-24,6,4203,120,1,0,0,0
2,2022-12-25,7,3432,99,1,0,a,0
2,2022-12-26,1,2890,78,1,1,0,0
2,2022-12-27,2,2796,67,1,1,0,0
2,2022-12-28,3,2906,91,1,0,0,0
2,2022-12-29,4,2968,97,1,0,0,0
2,2022-12-30,5,2936,80,1,0,0,0
2,2022-12-31,6,4043,133,1,0,0,0
2,2023-01-01,7,0,0,0,1,a,0
2,2023-01-02,1,2472,59,1,0,0,0
2,2023-01-03,2,2592,67,1,0,0,0
2,2023-01-04,3,2764,62,1,0,0,0
2,2023-01-05,4,2953,89,1,1,0,0
2,2023-01-06,5,865,24,1,0,0,0
2,2023-01-07,6,4243,119,1,0,0,0
2,2023-01-08,7,3212,89,1,0,0,0
2,2023-01-09,1,2791,80,1,0,0,0
2,2023-01-10,2,2574,77,1,0,0,0
2,2023-01-11,3,2717,85,1,0,0,0
2,2023-01-12,4,2941,80,1,0,0,0
2,2023-01-13,5,3126,82,1,0,0,0
2,2023-01-14,6,4127,123,1,0,0,0
2,2023-01-15,7,3381,95,1,0,0,0
2,2023-01-16,1,2535,73,1,0,0,0
2,2023-01-17,2,2733,84,1,0,0,0
2,2023-01-18,3,2794,76,1,1,0,0
2,2023-01-19,4,2723,64,1,0,0,0
2,2023-01-20,5,3072,86,1,0,0,0
2,2023-01-21,6,4266,149,1,0,0,0
2,2023-01-22,7,0,0,0,0,0,0
2,2023-01-23,1,2964,80,1,1,0,0
2,2023-01-24,2,2719,77,1,0,0,0
2,2023-01-25,3,2947,89,1,1,0,0
2,2023-01-26,4,2924,78,1,0,0,0
2,2023-01-27,5,3147,110,1,0,0,0
2,2023-01-28,6,4459,118,1,1,0,0
2,2023-01-29,7,0,0,0,1,0,0
2,2023-01-30,1,2642,87,1,1,0,0
2,2023-01-31,2,2802,84,1,1,0,0
2,2023-02-01,3,2913,96,1,0,0,0
2,2023-02-02,4,3113,101,1,1,0,0
2,2023-02-03,5,3489,106,1,0,0,0
2,2023-02-04,6,4264,106,1,1,0,0
2,2023-02-05,7,3326,91,1,0,0,0
2,2023-02-06,1,2847,75,1,1,0,0
2,2023-02-07,2,2579,71,1,0,0,0
2,2023-02-08,3,2740,73,1,0,0,0
2,2023-02-09,4,2748,74,1,0,0,0
2,2023-02-10,5,2978,95,1,1,0,0
2,2023-02-11,6,4001,123,1,0,0,0
2,2023-02-12,7,0,0,0,0,0,0
2,2023-02-13,1,2835,84,1,0,0,0
2,2023-02-14,2,2611,65,1,0,0,0
2,2023-02-15,3,2868,84,1,1,0,0
2,2023-02-16,4,3053,81,1,0,0,0
2,2023-02-17,5,3146,87,1,1,0,0
2,2023-02-18,6,4094,106,1,0,0,0
2,2023-02-19,7,3525,107,1,0,0,0
2,2023-02-20,1,2788,76,1,1,0,0
2,2023-02-21,2,2486,70,1,0,0,0
2,2023-02-22,3,3056,81,1,0,0,0
2,2023-02-23,4,3024,83,1,0,0,0
2,2023-02-24,5,3516,103,1,1,0,0
2,2023-02-25,6,4116,113,1,0,0,0
2,2023-02-26,7,0,0,0,1,0,0
2,2023-02-27,1,2535,77,1,1,0,0
2,2023-02-28,2,2638,79,1,0,0,0
2,2023-03-01,3,2954,81,1,0,0,0
2,2023-03-02,4,2710,82,1,0,0,0
2,2023-03-03,5,3167,88,1,0,0,0
2,2023-03-04,6,4208,109,1,0,0,0
2,2023-03-05,7,0,0,0,0,0,0
2,2023-03-06,1,2764,87,1,0,0,0
2,2023-03-07,2,2892,85,1,1,0,0
2,2023-03-08,3,3011,92,1,1,0,0
2,2023-03-09,4,3003,83,1,1,0,0
2,2023-03-10,5,3092,88,1,0,0,0
2,2023-03-11,6,4231,134,1,0,0,0
2,2023-03-12,7,3439,105,1,0,0,0
2,2023-03-13,1,2948,91,1,1,0,0
2,2023-03-14,2,2722,75,1,0,0,0
2,2023-03-15,3,3022,85,1,1,0,0
2,2023-03-16,4,3051,89,1,0,0,0
2,2023-03-17,5,3282,86,1,0,0,0
2,2023-03-18,6,4385,108,1,1,0,0
2,2023-03-19,7,3298,101,1,0,0,0
2,2023-03-20,1,3112,79,1,1,0,0
2,2023-03-21,2,2687,76,1,1,0,0
2,2023-03-22,3,2806,86,1,0,0,0
2,2023-03-23,4,2854,78,1,0,0,0
2,2023-03-24,5,2942,81,1,0,0,0
2,2023-03-25,6,4449,137,1,1,0,0
2,2023-03-26,7,3359,103,1,0,0,0
2,2023-03-27,1,2781,90,1,0,0,0
2,2023-03-28,2,2692,76,1,0,0,0
2,2023-03-29,3,3094,75,1,1,0,0
2,2023-03-30,4,3063,88,1,0,0,0
2,2023-03-31,5,3217,92,1,1,0,0
2,2023-04-01,6,4765,124,1,1,0,0
2,2023-04-02,7,0,0,0,0,0,0
2,2023-04-03,1,2863,74,1,0,0,0
2,2023-04-04,2,2882,94,1,1,0,0
2,2023-04-05,3,2860,78,1,0,0,0
2,2023-04-06,4,3171,74,1,1,0,0
2,2023-04-07,5,3462,104,1,0,0,0
2,2023-04-08,6,4340,132,1,0,0,0
2,2023-04-09,7,0,0,0,1,0,0
2,2023-04-10,1,2775,71,1,0,0,0
2,2023-04-11,2,2648,87,1,0,0,0
2,2023-04-12,3,2952,100,1,0,0,0
2,2023-04-13,4,3030,93,1,0,0,0
2,2023-04-14,5,3198,90,1,0,0,0
2,2023-04-15,6,8032,220,1,0,0,0
2,2023-04-16,7,6792,200,1,1,0,0
2,2023-04-17,1,5482,164,1,0,0,0
2,2023-04-18,2,4719,132,1,0,0,0
2,2023-04-19,3,5112,141,1,0,0,0
2,2023-04-20,4,5518,151,1,1,0,0
2,2023-04-21,5,6631,171,1,0,0,0
2,2023-04-22,6,0,0,0,1,b,0
2,2023-04-23,7,0,0,0,0,b,0
2,2023-04-24,1,2940,87,1,0,0,0
2,2023-04-25,2,2723,75,1,0,0,0
2,2023-04-26,3,2867,89,1,0,0,0
2,2023-04-27,4,3030,88,1,0,0,0
2,2023-04-28,5,3470,107,1,0,0,0
2,2023-04-29,6,4371,125,1,1,0,0
2,2023-04-30,7,0,0,0,0,0,0
2,2023-05-01,1,2931,89,1,0,0,0
2,2023-05-02,2,2582,72,1,0,0,0
2,2023-05-03,3,3045,86,1,1,0,0
2,2023-05-04,4,3115,88,1,0,0,0
2,2023-05-05,5,3341,94,1,0,0,0
2,2023-05-06,6,4087,115,1,0,0,0
2,2023-05-07,7,3419,94,1,1,0,0
2,2023-05-08,1,2972,100,1,0,0,0
2,2023-05-09,2,2720,87,1,0,0,0
2,2023-05-10,3,2877,79,1,1,0,0
2,2023-05-11,4,3289,92,1,1,0,0
2,2023-05-12,5,3407,110,1,0,0,0
2,2023-05-13,6,4191,130,1,1,0,0
2,2023-05-14,7,3865,114,1,0,0,0
2,2023-05-15,1,2734,79,1,0,0,0
2,2023-05-16,2,2856,80,1,0,0,0
2,2023-05-17,3,3159,90,1,0,0,0
2,2023-05-18,4,3100,88,1,0,0,0
2,2023-05-19,5,3490,95,1,1,0,0
2,2023-05-20,6,3918,128,1,0,0,0
2,2023-05-21,7,0,0,0,0,0,0
2,2023-05-22,1,2937,88,1,0,0,0
2,2023-05-23,2,2686,68,1,1,0,0
2,2023-05-24,3,3101,95,1,0,0,0
2,2023-05-25,4,2982,71,1,0,0,0
2,2023-05-26,5,3241,84,1,0,0,0
2,2023-05-27,6,4106,125,1,0,0,0
2,2023-05-28,7,0,0,0,1,0,0
2,2023-05-29,1,3080,74,1,1,0,0
2,2023-05-30,2,2689,82,1,0,0,0
2,2023-05-31,3,3047,97,1,1,0,0
2,2023-06-01,4,3482,92,1,0,0,1
2,2023-06-02,5,3540,107,1,1,0,1
2,2023-06-03,6,4439,128,1,0,0,1
2,2023-06-04,7,3286,96,1,0,0,1
2,2023-06-05,1,2633,77,1,0,0,1
2,2023-06-06,2,2964,83,1,0,0,1
2,2023-06-07,3,3059,100,1,0,0,1
2,2023-06-08,4,3239,102,1,0,0,1
2,2023-06-09,5,3285,107,1,0,0,1
2,2023-06-10,6,4733,136,1,1,0,1
2,2023-06-11,7,0,0,0,0,0,1
2,2023-06-12,1,2906,86,1,0,0,1
2,2023-06-13,2,3055,95,1,1,0,1
2,2023-06-14,3,2794,81,1,0,0,1
2,2023-06-15,4,3146,90,1,0,0,1
2,2023-06-16,5,3274,94,1,0,0,1
2,2023-06-17,6,4443,134,1,1,0,1
2,2023-06-18,7,0,0,0,0,0,1
2,2023-06-19,1,3058,84,1,0,0,1
2,2023-06-20,2,2844,78,1,1,0,1
2,2023-06-21,3,2955,81,1,1,0,1
2,2023-06-22,4,2865,73,1,0,0,1
2,2023-06-23,5,3248,86,1,0,0,1
2,2023-06-24,6,4297,140,1,0,0,1
2,2023-06-25,7,0,0,0,1,0,1
2,2023-06-26,1,2732,82,1,0,0,1
2,2023-06-27,2,2828,79,1,0,0,1
2,2023-06-28,3,3141,75,1,1,0,1
2,2023-06-29,4,2859,85,1,0,0,1
2,2023-06-30,5,3325,98,1,0,0,1
2,2023-07-01,6,4245,126,1,0,0,1
2,2023-07-02,7,3487,101,1,0,0,1
2,2023-07-03,1,2768,71,1,0,0,1
2,2023-07-04,2,2762,90,1,0,0,1
2,2023-07-05,3,2912,93,1,0,0,1
2,2023-07-06,4,3283,105,1,0,0,1
2,2023-07-07,5,3494,85,1,1,0,1
2,2023-07-08,6,4556,135,1,0,0,1
2,2023-07-09,7,3912,121,1,1,0,1
2,2023-07-10,1,2660,80,1,0,0,1
2,2023-07-11,2,2882,82,1,1,0,1
2,2023-07-12,3,3275,98,1,1,0,1
2,2023-07-13,4,3036,92,1,0,0,1
2,2023-07-14,5,3472,104,1,1,0,1
2,2023-07-15,6,4659,122,1,1,0,1
2,2023-07-16,7,3672,118,1,0,0,1
2,2023-07-17,1,2849,91,1,0,0,1
2,2023-07-18,2,2751,83,1,0,0,1
2,2023-07-19,3,2701,82,1,1,0,1
2,2023-07-20,4,3172,82,1,1,0,1
2,2023-07-21,5,3431,97,1,1,0,1
2,2023-07-22,6,4069,104,1,0,0,1
2,2023-07-23,7,0,0,0,1,0,1
2,2023-07-24,1,2798,83,1,0,0,1
2,2023-07-25,2,2818,86,1,0,0,1
2,2023-07-26,3,2882,82,1,0,0,1
2,2023-07-27,4,3086,68,1,0,0,1
2,2023-07-28,5,3366,89,1,0,0,1
2,2023-07-29,6,4565,118,1,0,0,1
2,2023-07-30,7,0,0,0,0,0,1
2,2023-07-31,1,3117,85,1,0,0,1
2,2023-08-01,2,2949,92,1,0,0,0
2,2023-08-02,3,3145,85,1,0,0,0
2,2023-08-03,4,3062,89,1,0,0,0
2,2023-08-04,5,3295,89,1,0,0,0
2,2023-08-05,6,4183,131,1,0,0,0
2,2023-08-06,7,0,0,0,0,0,0
2,2023-08-07,1,3024,80,1,0,0,0
2,2023-08-08,2,2663,76,1,0,0,0
2,2023-08-09,3,3075,83,1,0,0,0
2,2023-08-10,4,2903,92,1,0,0,0
2,2023-08-11,5,3572,96,1,1,0,0
2,2023-08-12,6,4483,136,1,0,0,0
2,2023-08-13,7,0,0,0,0,0,0
2,2023-08-14,1,2906,79,1,0,0,0
2,2023-08-15,2,2790,90,1,0,0,0
2,2023-08-16,3,2943,83,1,0,0,0
2,2023-08-17,4,3195,82,1,0,a,0
2,2023-08-18,5,3486,100,1,0,0,0
2,2023-08-19,6,4309,117,1,0,0,0
2,2023-08-20,7,3187,105,1,0,0,0
2,2023-08-21,1,2653,81,1,1,0,0
2,2023-08-22,2,2987,94,1,1,0,0
2,2023-08-23,3,2907,74,1,1,0,0
2,2023-08-24,4,3106,100,1,1,0,0
2,2023-08-25,5,3321,93,1,0,0,0
2,2023-08-26,6,4768,127,1,0,0,0
2,2023-08-27,7,3542,106,1,0,0,0
2,2023-08-28,1,2985,83,1,0,0,0
2,2023-08-29,2,3033,83,1,1,0,0
2,2023-08-30,3,2590,81,1,0,0,0
2,2023-08-31,4,3132,79,1,1,0,0
2,2023-09-01,5,3159,86,1,0,0,0
2,2023-09-02,6,4936,146,1,1,0,0
2,2023-09-03,7,3206,96,1,0,0,0
2,2023-09-04,1,2825,71,1,0,0,0
2,2023-09-05,2,2786,84,1,0,0,0
2,2023-09-06,3,2806,84,1,0,0,0
2,2023-09-07,4,3064,81,1,0,0,0
2,2023-09-08,5,3363,80,1,0,0,0
2,2023-09-09,6,4588,119,1,1,0,0
2,2023-09-10,7,0,0,0,0,0,0
2,2023-09-11,1,2925,83,1,0,0,0
2,2023-09-12,2,2881,77,1,0,0,0
2,2023-09-13,3,3277,100,1,1,0,0
2,2023-09-14,4,2802,77,1,0,0,0
2,2023-09-15,5,3494,108,1,0,0,0
2,2023-09-16,6,4114,118,1,0,0,0
2,2023-09-17,7,0,0,0,0,0,0
2,2023-09-18,1,2913,88,1,0,0,0
2,2023-09-19,2,2890,84,1,0,0,0
2,2023-09-20,3,3040,90,1,0,0,0
2,2023-09-21,4,3060,85,1,1,0,0
2,2023-09-22,5,3657,97,1,0,0,0
2,2023-09-23,6,4258,131,1,0,0,0
2,2023-09-24,7,0,0,0,0,0,0
2,2023-09-25,1,2852,80,1,1,0,0
2,2023-09-26,2,2642,77,1,0,0,0
2,2023-09-27,3,2896,78,1,1,0,0
2,2023-09-28,4,3112,91,1,0,0,0
2,2023-09-29,5,3489,108,1,0,0,0
2,2023-09-30,6,4167,145,1,0,0,0
2,2023-10-01,7,0,0,0,1,0,0
2,2023-10-02,1,2874,88,1,0,0,0
2,2023-10-03,2,2998,90,1,1,0,0
2,2023-10-04,3,3161,93,1,1,0,0
2,2023-10-05,4,2921,81,1,0,0,0
2,2023-10-06,5,3364,90,1,0,0,0
2,2023-10-07,6,4704,130,1,0,0,0
2,2023-10-08,7,0,0,0,0,0,0
2,2023-10-09,1,3051,84,1,1,0,0
2,2023-10-10,2,3063,79,1,1,0,0
2,2023-10-11,3,2832,85,1,0,0,0
2,2023-10-12,4,3168,84,1,0,0,0
2,2023-10-13,5,3329,102,1,1,0,0
2,2023-10-14,6,4508,125,1,0,0,0
2,2023-10-15,7,3748,96,1,1,0,0
2,2023-10-16,1,2708,71,1,0,0,0
2,2023-10-17,2,2948,85,1,0,0,0
2,2023-10-18,3,2847,81,1,0,0,0
2,2023-10-19,4,594,15,1,0,0,0
2,2023-10-20,5,3511,96,1,0,0,0
2,2023-10-21,6,4166,125,1,0,0,0
2,2023-10-22,7,3473,102,1,0,0,0
2,2023-10-23,1,3238,90,1,1,0,0
2,2023-10-24,2,2688,85,1,1,0,0
2,2023-10-25,3,3197,75,1,0,0,0
2,2023-10-26,4,2858,75,1,0,0,0
2,2023-10-27,5,3290,87,1,0,0,0
2,2023-10-28,6,4446,139,1,0,0,0
2,2023-10-29,7,3681,111,1,0,0,0
2,2023-10-30,1,2968,101,1,0,0,0
2,2023-10-31,2,2866,86,1,0,0,0
2,2023-11-01,3,2925,83,1,0,0,0
2,2023-11-02,4,3330,112,1,0,0,0
2,2023-11-03,5,3546,94,1,0,0,0
2,2023-11-04,6,4882,131,1,1,0,0
2,2023-11-05,7,3503,89,1,0,0,0
2,2023-11-06,1,2588,78,1,0,0,0
2,2023-11-07,2,3010,87,1,0,0,0
2,2023-11-08,3,3049,86,1,0,0,0
2,2023-11-09,4,3278,94,1,1,0,0
2,2023-11-10,5,3323,95,1,0,0,0
2,2023-11-11,6,4538,113,1,1,0,0
2,2023-11-12,7,3477,111,1,0,0,0
2,2023-11-13,1,2940,80,1,0,0,0
2,2023-11-14,2,2841,84,1,1,0,0
2,2023-11-15,3,3114,84,1,0,0,0
2,2023-11-16,4,3414,94,1,0,0,0
2,2023-11-17,5,3323,92,1,0,0,0
2,2023-11-18,6,4055,117,1,0,0,0
2,2023-11-19,7,0,0,0,1,0,0
2,2023-11-20,1,2985,82,1,0,0,0
2,2023-11-21,2,2939,81,1,0,0,0
2,2023-11-22,3,3246,89,1,0,0,0
2,2023-11-23,4,3230,87,1,0,0,0
2,2023-11-24,5,3120,92,1,0,0,0
2,2023-11-25,6,4140,131,1,0,0,0
2,2023-11-26,7,3669,108,1,0,0,0
2,2023-11-27,1,3020,85,1,1,0,0
2,2023-11-28,2,3096,101,1,0,0,0
2,2023-11-29,3,2869,78,1,0,0,0
2,2023-11-30,4,3421,99,1,1,0,0
2,2023-12-01,5,3325,107,1,0,0,0
2,2023-12-02,6,4478,115,1,0,0,0
2,2023-12-03,7,3453,97,1,0,0,0
2,2023-12-04,1,3030,90,1,0,0,0
2,2023-12-05,2,3038,89,1,0,0,0
2,2023-12-06,3,3205,89,1,1,0,0
2,2023-12-07,4,3411,111,1,0,0,0
2,2023-12-08,5,3318,91,1,0,0,0
2,2023-12-09,6,4671,126,1,1,0,0
2,2023-12-10,7,3760,106,1,0,0,0
2,2023-12-11,1,2812,73,1,0,0,0
2,2023-12-12,2,2897,72,1,0,0,0
2,2023-12-13,3,3276,100,1,1,0,0
2,2023-12-14,4,3264,94,1,0,0,0
2,2023-12-15,5,3645,100,1,0,0,0
2,2023-12-16,6,4241,131,1,0,0,0
2,2023-12-17,7,3666,106,1,0,0,0
2,2023-12-18,1,2763,77,1,0,0,0
2,2023-12-19,2,2787,74,1,0,0,0
2,2023-12-20,3,3148,87,1,1,0,0
2,2023-12-21,4,3302,93,1,0,0,0
2,2023-12-22,5,3544,109,1,0,0,0
2,2023-12-23,6,4672,127,1,1,0,0
2,2023-12-24,7,3886,113,1,1,0,0
2,2023-12-25,1,3039,86,1,0,a,0
2,2023-12-26,2,2950,80,1,0,0,0
2,2023-12-27,3,2942,86,1,0,0,0
2,2023-12-28,4,3128,92,1,1,0,0
2,2023-12-29,5,3591,98,1,1,0,0
2,2023-12-30,6,4272,117,1,0,0,0
2,2023-12-31,7,0,0,0,1,0,0
2,2024-01-01,1,3194,99,1,0,a,0
2,2024-01-02,2,2983,95,1,0,0,0
2,2024-01-03,3,2759,77,1,0,0,0
2,2024-01-04,4,3186,96,1,1,0,0
2,2024-01-05,5,3468,93,1,0,0,0
2,2024-01-06,6,4342,122,1,1,0,0
2,2024-01-07,7,0,0,0,1,0,0
2,2024-01-08,1,3193,88,1,1,0,0
2,2024-01-09,2,3111,86,1,0,0,0
2,2024-01-10,3,3315,87,1,0,0,0
2,2024-01-11,4,2952,81,1,0,0,0
2,2024-01-12,5,3450,103,1,0,0,0
2,2024-01-13,6,4439,132,1,0,0,0
2,2024-01-14,7,0,0,0,1,0,0
2,2024-01-15,1,2991,78,1,0,0,0
2,2024-01-16,2,2899,87,1,0,0,0
2,2024-01-17,3,3137,77,1,0,0,0
2,2024-01-18,4,3357,103,1,0,0,0
2,2024-01-19,5,3498,112,1,0,0,0
2,2024-01-20,6,4360,135,1,0,0,0
2,2024-01-21,7,0,0,0,1,0,0
2,2024-01-22,1,3285,96,1,0,0,0
2,2024-01-23,2,3200,89,1,1,0,0
2,2024-01-24,3,3265,89,1,1,0,0
2,2024-01-25,4,3123,88,1,0,0,0
2,2024-01-26,5,3950,102,1,1,0,0
2,2024-01-27,6,4441,108,1,0,0,0
2,2024-01-28,7,3503,94,1,1,0,0
2,2024-01-29,1,3025,85,1,0,0,0
2,2024-01-30,2,2878,77,1,1,0,0
2,2024-01-31,3,3249,92,1,1,0,0
2,2024-02-01,4,3534,103,1,1,0,0
2,2024-02-02,5,3355,108,1,1,0,0
2,2024-02-03,6,4282,120,1,0,0,0
2,2024-02-04,7,3812,108,1,0,0,0
2,2024-02-05,1,2916,77,1,0,0,0
2,2024-02-06,2,2985,85,1,0,0,0
2,2024-02-07,3,3122,93,1,0,0,0
2,2024-02-08,4,3299,100,1,0,0,0
2,2024-02-09,5,3548,100,1,1,0,0
2,2024-02-10,6,3918,110,1,0,0,0
2,2024-02-11,7,3919,106,1,1,0,0
2,2024-02-12,1,2760,79,1,0,0,0
2,2024-02-13,2,3220,99,1,1,0,0
2,2024-02-14,3,3210,98,1,1,0,0
2,2024-02-15,4,3117,92,1,0,0,0
2,2024-02-16,5,3618,106,1,0,0,0
2,2024-02-17,6,4312,124,1,1,0,0
2,2024-02-18,7,0,0,0,0,0,0
2,2024-02-19,1,3067,96,1,0,0,0
2,2024-02-20,2,2971,90,1,0,0,0
2,2024-02-21,3,2993,76,1,0,0,0
2,2024-02-22,4,3093,87,1,0,0,0
2,2024-02-23,5,3773,101,1,0,0,0
2,2024-02-24,6,4711,156,1,0,0,0
2,2024-02-25,7,0,0,0,0,0,0
2,2024-02-26,1,3368,97,1,1,0,0
2,2024-02-27,2,3050,91,1,0,0,0
2,2024-02-28,3,3305,85,1,1,0,0
2,2024-02-29,4,3257,101,1,0,0,0
2,2024-03-01,5,3308,88,1,0,0,0
2,2024-03-02,6,4852,128,1,0,0,0
2,2024-03-03,7,0,0,0,0,0,0
2,2024-03-04,1,3046,86,1,0,0,0
2,2024-03-05,2,2979,78,1,0,0,0
2,2024-03-06,3,3064,81,1,0,0,0
2,2024-03-07,4,3088,80,1,0,0,0
2,2024-03-08,5,3608,97,1,0,0,0
2,2024-03-09,6,4340,118,1,0,0,0
2,2024-03-10,7,3711,119,1,0,0,0
2,2024-03-11,1,3180,104,1,1,0,0
2,2024-03-12,2,3005,84,1,0,0,0
2,2024-03-13,3,3228,84,1,0,0,0
2,2024-03-14,4,3410,111,1,1,0,0
2,2024-03-15,5,3642,110,1,0,0,0
2,2024-03-16,6,4087,122,1,0,0,0
2,2024-03-17,7,3963,107,1,1,0,0
2,2024-03-18,1,3030,86,1,0,0,0
2,2024-03-19,2,3007,80,1,0,0,0
2,2024-03-20,3,3006,83,1,0,0,0
2,2024-03-21,4,3372,111,1,0,0,0
2,2024-03-22,5,3569,112,1,0,0,0
2,2024-03-23,6,4365,110,1,0,0,0
2,2024-03-24,7,0,0,0,0,0,0
2,2024-03-25,1,3160,84,1,0,0,0
2,2024-03-26,2,3092,81,1,1,0,0
2,2024-03-27,3,3246,91,1,1,0,0
2,2024-03-28,4,3162,82,1,0,0,0
2,2024-03-29,5,3709,114,1,0,0,0
2,2024-03-30,6,4650,139,1,0,0,0
2,2024-03-31,7,3481,94,1,0,0,0
2,2024-04-01,1,2881,97,1,0,0,0
2,2024-04-02,2,2963,93,1,0,0,0
2,2024-04-03,3,5665,153,1,1,0,0
2,2024-04-04,4,5136,177,1,0,0,0
2,2024-04-05,5,6128,171,1,0,0,0
2,2024-04-06,6,8072,207,1,0,0,0
2,2024-04-07,7,6538,172,1,0,0,0
2,2024-04-08,1,5939,171,1,1,0,0
2,2024-04-09,2,4980,145,1,1,0,0
2,2024-04-10,3,0,0,0,1,b,0
2,2024-04-11,4,0,0,0,0,b,0
2,2024-04-12,5,3424,112,1,0,0,0
2,2024-04-13,6,4279,118,1,0,0,0
2,2024-04-14,7,3586,99,1,0,0,0
2,2024-04-15,1,3106,73,1,0,0,0
2,2024-04-16,2,3080,79,1,1,0,0
2,2024-04-17,3,2994,96,1,0,0,0
2,2024-04-18,4,3286,89,1,0,0,0
2,2024-04-19,5,3614,113,1,0,0,0
2,2024-04-20,6,4274,116,1,0,0,0
2,2024-04-21,7,0,0,0,0,0,0
2,2024-04-22,1,2987,87,1,1,0,0
2,2024-04-23,2,3307,97,1,1,0,0
2,2024-04-24,3,3468,89,1,1,0,0
2,2024-04-25,4,3168,87,1,0,0,0
2,2024-04-26,5,3742,106,1,0,0,0
2,2024-04-27,6,4396,127,1,0,0,0
2,2024-04-28,7,3698,109,1,0,0,0
2,2024-04-29,1,3106,89,1,1,0,0
2,2024-04-30,2,2977,92,1,0,0,0
2,2024-05-01,3,3127,106,1,0,0,0
2,2024-05-02,4,3218,84,1,0,0,0
2,2024-05-03,5,3542,100,1,0,0,0
2,2024-05-04,6,4836,129,1,1,0,0
2,2024-05-05,7,0,0,0,0,0,0
2,2024-05-06,1,2745,77,1,0,0,0
2,2024-05-07,2,3272,86,1,0,0,0
2,2024-05-08,3,3067,93,1,0,0,0
2,2024-05-09,4,3372,113,1,1,0,0
2,2024-05-10,5,3991,114,1,1,0,0
2,2024-05-11,6,4959,136,1,1,0,0
2,2024-05-12,7,4027,101,1,1,0,0
2,2024-05-13,1,3247,89,1,0,0,0
2,2024-05-14,2,2965,88,1,0,0,0
2,2024-05-15,3,3270,95,1,0,0,0
2,2024-05-16,4,3025,80,1,0,0,0
2,2024-05-17,5,3826,114,1,1,0,0
2,2024-05-18,6,4719,124,1,0,0,0
2,2024-05-19,7,4153,123,1,1,0,0
2,2024-05-20,1,3170,95,1,0,0,0
2,2024-05-21,2,3025,87,1,0,0,0
2,2024-05-22,3,3081,98,1,0,0,0
2,2024-05-23,4,3340,88,1,1,0,0
2,2024-05-24,5,3518,119,1,0,0,0
2,2024-05-25,6,4299,108,1,0,0,0
2,2024-05-26,7,4074,104,1,0,0,0
2,2024-05-27,1,3220,79,1,0,0,0
2,2024-05-28,2,3037,84,1,0,0,0
2,2024-05-29,3,3427,80,1,1,0,0
2,2024-05-30,4,3361,97,1,0,0,0
2,2024-05-31,5,3403,98,1,0,0,0
2,2024-06-01,6,4751,127,1,0,0,1
2,2024-06-02,7,3991,111,1,0,0,1
2,2024-06-03,1,3115,88,1,1,0,1
2,2024-06-04,2,2773,79,1,0,0,1
2,2024-06-05,3,2958,81,1,0,0,1
2,2024-06-06,4,3228,89,1,0,0,1
2,2024-06-07,5,3536,103,1,1,0,1
2,2024-06-08,6,4801,125,1,1,0,1
2,2024-06-09,7,3636,100,1,0,0,1
2,2024-06-10,1,3076,95,1,0,0,1
2,2024-06-11,2,2932,78,1,0,0,1
2,2024-06-12,3,3297,87,1,1,0,1
2,2024-06-13,4,3347,87,1,0,0,1
2,2024-06-14,5,3420,91,1,0,0,1
2,2024-06-15,6,4684,142,1,0,0,1
2,2024-06-16,7,3604,110,1,0,0,1
2,2024-06-17,1,3080,93,1,0,0,1
2,2024-06-18,2,3151,93,1,1,0,1
2,2024-06-19,3,3207,94,1,0,0,1
2,2024-06-20,4,3284,101,1,0,0,1
2,2024-06-21,5,3820,105,1,0,0,1
2,2024-06-22,6,4851,147,1,1,0,1
2,2024-06-23,7,0,0,0,0,0,1
2,2024-06-24,1,3390,84,1,1,0,1
2,2024-06-25,2,3067,85,1,0,0,1
2,2024-06-26,3,3295,91,1,0,0,1
2,2024-06-27,4,3239,92,1,0,0,1
2,2024-06-28,5,3367,100,1,0,0,1
2,2024-06-29,6,5153,172,1,0,0,1
2,2024-06-30,7,0,0,0,1,0,1
3,2022-01-01,6,5422,119,1,0,a,0
3,2022-01-02,7,0,0,0,0,0,0
3,2022-01-03,1,3658,92,1,0,0,0
3,2022-01-04,2,4234,100,1,1,0,0
3,2022-01-05,3,4544,108,1,1,0,0
3,2022-01-06,4,4027,97,1,0,0,0
3,2022-01-07,5,5064,128,1,1,0,0
3,2022-01-08,6,6226,160,1,0,0,0
3,2022-01-09,7,4675,122,1,0,0,0
3,2022-01-10,1,4225,114,1,1,0,0
3,2022-01-11,2,4538,119,1,1,0,0
3,2022-01-12,3,3793,91,1,0,0,0
3,2022-01-13,4,4042,88,1,0,0,0
3,2022-01-14,5,4290,98,1,0,0,0
3,2022-01-15,6,6716,137,1,1,0,0
3,2022-01-16,7,4719,135,1,0,0,0
3,2022-01-17,1,3849,103,1,0,0,0
3,2022-01-18,2,3798,89,1,0,0,0
3,2022-01-19,3,4103,105,1,0,0,0
3,2022-01-20,4,4215,102,1,0,0,0
3,2022-01-21,5,4908,127,1,1,0,0
3,2022-01-22,6,5594,143,1,0,0,0
3,2022-01-23,7,0,0,0,0,0,0
3,2022-01-24,1,3711,92,1,0,0,0
3,2022-01-25,2,4450,104,1,1,0,0
3,2022-01-26,3,4116,105,1,0,0,0
3,2022-01-27,4,3745,78,1,0,0,0
3,2022-01-28,5,5082,129,1,1,0,0
3,2022-01-29,6,6943,149,1,1,0,0
3,2022-01-30,7,5397,132,1,1,0,0
3,2022-01-31,1,4360,107,1,1,0,0
3,2022-02-01,2,3942,98,1,0,0,0
3,2022-02-02,3,4802,109,1,1,0,0
3,2022-02-03,4,3949,90,1,0,0,0
3,2022-02-04,5,5656,143,1,1,0,0
3,2022-02-05,6,6087,142,1,1,0,0
3,2022-02-06,7,0,0,0,1,0,0
3,2022-02-07,1,3788,92,1,0,0,0
3,2022-02-08,2,3728,91,1,0,0,0
3,2022-02-09,3,3908,95,1,0,0,0
3,2022-02-10,4,4584,115,1,1,0,0
3,2022-02-11,5,5018,122,1,1,0,0
3,2022-02-12,6,5759,144,1,0,0,0
3,2022-02-13,7,4606,128,1,0,0,0
3,2022-02-14,1,4016,111,1,0,0,0
3,2022-02-15,2,4375,113,1,1,0,0
3,2022-02-16,3,4518,93,1,1,0,0
3,2022-02-17,4,4088,94,1,0,0,0
3,2022-02-18,5,4789,118,1,0,0,0
3,2022-02-19,6,6547,152,1,1,0,0
3,2022-02-20,7,5120,129,1,1,0,0
3,2022-02-21,1,3701,90,1,0,0,0
3,2022-02-22,2,3762,91,1,0,0,0
3,2022-02-23,3,4076,98,1,0,0,0
3,2022-02-24,4,4292,94,1,0,0,0
3,2022-02-25,5,4919,118,1,0,0,0
3,2022-02-26,6,6061,161,1,0,0,0
3,2022-02-27,7,0,0,0,1,0,0
3,2022-02-28,1,3859,101,1,0,0,0
3,2022-03-01,2,3911,97,1,1,0,0
3,2022-03-02,3,3925,100,1,0,0,0
3,2022-03-03,4,3994,106,1,0,0,0
3,2022-03-04,5,4027,93,1,0,0,0
3,2022-03-05,6,6473,172,1,0,0,0
3,2022-03-06,7,0,0,0,1,0,0
3,2022-03-07,1,4019,96,1,1,0,0
3,2022-03-08,2,3768,108,1,0,0,0
3,2022-03-09,3,4325,105,1,0,0,0
3,2022-03-10,4,5198,138,1,1,0,0
3,2022-03-11,5,4575,115,1,0,0,0
3,2022-03-12,6,5895,149,1,0,0,0
3,2022-03-13,7,5836,129,1,1,0,0
3,2022-03-14,1,3884,94,1,0,0,0
3,2022-03-15,2,3916,89,1,0,0,0
3,2022-03-16,3,4171,110,1,0,0,0
3,2022-03-17,4,4499,121,1,1,0,0
3,2022-03-18,5,4922,116,1,0,0,0
3,2022-03-19,6,5620,134,1,0,0,0
3,2022-03-20,7,0,0,0,1,0,0
3,2022-03-21,1,3940,84,1,0,0,0
3,2022-03-22,2,4617,123,1,1,0,0
3,2022-03-23,3,4146,101,1,0,0,0
3,2022-03-24,4,4751,117,1,1,0,0
3,2022-03-25,5,4644,114,1,0,0,0
3,2022-03-26,6,6205,173,1,0,0,0
3,2022-03-27,7,4802,116,1,0,0,0
3,2022-03-28,1,3769,82,1,0,0,0
3,2022-03-29,2,4285,104,1,1,0,0
3,2022-03-30,3,4830,116,1,1,0,0
3,2022-03-31,4,3981,95,1,0,0,0
3,2022-04-01,5,4228,113,1,0,0,0
3,2022-04-02,6,6682,167,1,1,0,0
3,2022-04-03,7,0,0,0,1,0,0
3,2022-04-04,1,4105,72,1,0,0,0
3,2022-04-05,2,3569,86,1,0,0,0
3,2022-04-06,3,4095,98,1,0,0,0
3,2022-04-07,4,4397,119,1,0,0,0
3,2022-04-08,5,4409,119,1,0,0,0
3,2022-04-09,6,5935,157,1,0,0,0
3,2022-04-10,7,0,0,0,0,0,0
3,2022-04-11,1,4732,107,1,1,0,0
3,2022-04-12,2,4010,94,1,0,0,0
3,2022-04-13,3,4029,98,1,0,0,0
3,2022-04-14,4,3889,97,1,0,0,0
3,2022-04-15,5,4759,118,1,0,0,0
3,2022-04-16,6,5850,143,1,0,0,0
3,2022-04-17,7,0,0,0,0,0,0
3,2022-04-18,1,4104,108,1,0,0,0
3,2022-04-19,2,4088,102,1,0,0,0
3,2022-04-20,3,4311,101,1,0,0,0
3,2022-04-21,4,3907,98,1,0,0,0
3,2022-04-22,5,4797,124,1,1,0,0
3,2022-04-23,6,5812,164,1,0,0,0
3,2022-04-24,7,0,0,0,1,0,0
3,2022-04-25,1,6788,155,1,0,0,0
3,2022-04-26,2,6413,160,1,0,0,0
3,2022-04-27,3,7550,171,1,0,0,0
3,2022-04-28,4,7396,184,1,0,0,0
3,2022-04-29,5,9866,271,1,1,0,0
3,2022-04-30,6,12315,279,1,1,0,0
3,2022-05-01,7,0,0,0,1,0,0
3,2022-05-02,1,0,0,0,0,b,0
3,2022-05-03,2,0,0,0,0,b,0
3,2022-05-04,3,3962,91,1,0,0,0
3,2022-05-05,4,3958,109,1,0,0,0
3,2022-05-06,5,4743,122,1,0,0,0
3,2022-05-07,6,6327,159,1,0,0,0
3,2022-05-08,7,4732,112,1,0,0,0
3,2022-05-09,1,4343,90,1,0,0,0
3,2022-05-10,2,4552,105,1,1,0,0
3,2022-05-11,3,4733,117,1,1,0,0
3,2022-05-12,4,4984,131,1,1,0,0
3,2022-05-13,5,4866,129,1,0,0,0
3,2022-05-14,6,5831,149,1,0,0,0
3,2022-05-15,7,0,0,0,0,0,0
3,2022-05-16,1,4816,147,1,1,0,0
3,2022-05-17,2,3819,90,1,0,0,0
3,2022-05-18,3,4071,110,1,0,0,0
3,2022-05-19,4,4649,115,1,1,0,0
3,2022-05-20,5,4533,105,1,0,0,0
3,2022-05-21,6,5873,144,1,0,0,0
3,2022-05-22,7,0,0,0,0,0,0
3,2022-05-23,1,759,16,1,0,0,0
3,2022-05-24,2,3964,98,1,0,0,0
3,2022-05-25,3,4165,97,1,0,0,0
3,2022-05-26,4,4042,82,1,0,0,0
3,2022-05-27,5,4515,86,1,0,0,0
3,2022-05-28,6,7180,171,1,1,0,0
3,2022-05-29,7,0,0,0,0,0,0
3,2022-05-30,1,4159,93,1,0,0,0
3,2022-05-31,2,3764,84,1,0,0,0
3,2022-06-01,3,4787,133,1,1,0,1
3,2022-06-02,4,4379,112,1,0,0,1
3,2022-06-03,5,4047,96,1,0,0,1
3,2022-06-04,6,7199,171,1,1,0,1
3,2022-06-05,7,5990,143,1,1,0,1
3,2022-06-06,1,3940,93,1,0,0,1
3,2022-06-07,2,4579,114,1,1,0,1
3,2022-06-08,3,3921,89,1,0,0,1
3,2022-06-09,4,4304,94,1,0,0,1
3,2022-06-10,5,5249,138,1,0,0,1
3,2022-06-11,6,5351,121,1,0,0,1
3,2022-06-12,7,0,0,0,1,0,1
3,2022-06-13,1,4169,94,1,0,0,1
3,2022-06-14,2,4169,108,1,0,0,1
3,2022-06-15,3,4390,103,1,1,0,1
3,2022-06-16,4,4715,112,1,1,0,1
3,2022-06-17,5,4547,117,1,0,0,1
3,2022-06-18,6,5825,156,1,0,0,1
3,2022-06-19,7,4879,123,1,0,0,1
3,2022-06-20,1,4289,106,1,1,0,1
3,2022-06-21,2,3878,89,1,0,0,1
3,2022-06-22,3,4503,109,1,1,0,1
3,2022-06-23,4,4229,105,1,0,0,1
3,2022-06-24,5,4526,118,1,0,0,1
3,2022-06-25,6,5982,154,1,0,0,1
3,2022-06-26,7,0,0,0,0,0,1
3,2022-06-27,1,4216,91,1,0,0,1
3,2022-06-28,2,4452,121,1,1,0,1
3,2022-06-29,3,4118,94,1,0,0,1
3,2022-06-30,4,4220,100,1,0,0,1
3,2022-07-01,5,5406,128,1,1,0,1
3,2022-07-02,6,6045,143,1,0,0,1
3,2022-07-03,7,5893,137,1,1,0,1
3,2022-07-04,1,3974,101,1,0,0,1
3,2022-07-05,2,3801,88,1,0,0,1
3,2022-07-06,3,4132,86,1,0,0,1
3,2022-07-07,4,4128,110,1,0,0,1
3,2022-07-08,5,5394,138,1,1,0,1
3,2022-07-09,6,5736,134,1,0,0,1
3,2022-07-10,7,0,0,0,0,0,1
3,2022-07-11,1,3881,109,1,0,0,1
3,2022-07-12,2,4187,100,1,0,0,1
3,2022-07-13,3,4736,127,1,1,0,1
3,2022-07-14,4,4449,105,1,0,0,1
3,2022-07-15,5,4536,118,1,0,0,1
3,2022-07-16,6,6290,126,1,1,0,1
3,2022-07-17,7,4536,85,1,0,0,1
3,2022-07-18,1,5235,140,1,1,0,1
3,2022-07-19,2,3839,99,1,0,0,1
3,2022-07-20,3,4365,111,1,0,0,1
3,2022-07-21,4,3997,96,1,0,0,1
3,2022-07-22,5,5483,158,1,1,0,1
3,2022-07-23,6,7110,155,1,1,0,1
3,2022-07-24,7,5655,149,1,0,0,1
3,2022-07-25,1,3989,99,1,0,0,1
3,2022-07-26,2,3823,86,1,0,0,1
3,2022-07-27,3,4218,114,1,0,0,1
3,2022-07-28,4,4084,104,1,0,0,1
3,2022-07-29,5,5556,139,1,1,0,1
3,2022-07-30,6,6072,150,1,0,0,1
3,2022-07-31,7,4775,112,1,0,0,1
3,2022-08-01,1,4161,102,1,0,0,0
3,2022-08-02,2,3993,99,1,0,0,0
3,2022-08-03,3,4311,122,1,0,0,0
3,2022-08-04,4,4644,99,1,0,0,0
3,2022-08-05,5,5317,115,1,1,0,0
3,2022-08-06,6,5974,143,1,0,0,0
3,2022-08-07,7,4637,104,1,0,0,0
3,2022-08-08,1,4174,93,1,0,0,0
3,2022-08-09,2,4428,118,1,1,0,0
3,2022-08-10,3,4868,122,1,1,0,0
3,2022-08-11,4,4548,111,1,0,0,0
3,2022-08-12,5,5277,122,1,1,0,0
3,2022-08-13,6,5965,152,1,0,0,0
3,2022-08-14,7,5233,128,1,0,0,0
3,2022-08-15,1,4220,100,1,0,0,0
3,2022-08-16,2,4106,110,1,0,0,0
3,2022-08-17,3,4087,112,1,0,a,0
3,2022-08-18,4,4596,122,1,1,0,0
3,2022-08-19,5,5279,135,1,1,0,0
3,2022-08-20,6,5812,145,1,0,0,0
3,2022-08-21,7,0,0,0,0,0,0
3,2022-08-22,1,4141,104,1,0,0,0
3,2022-08-23,2,3874,85,1,0,0,0
3,2022-08-24,3,4087,105,1,0,0,0
3,2022-08-25,4,4416,110,1,0,0,0
3,2022-08-26,5,4692,106,1,0,0,0
3,2022-08-27,6,6847,178,1,1,0,0
3,2022-08-28,7,5492,119,1,0,0,0
3,2022-08-29,1,3978,95,1,0,0,0
3,2022-08-30,2,4754,119,1,1,0,0
3,2022-08-31,3,4266,105,1,0,0,0
3,2022-09-01,4,3992,91,1,0,0,0
3,2022-09-02,5,4615,89,1,0,0,0
3,2022-09-03,6,6395,163,1,0,0,0
3,2022-09-04,7,0,0,0,1,0,0
3,2022-09-05,1,3798,96,1,0,0,0
3,2022-09-06,2,4087,94,1,0,0,0
3,2022-09-07,3,4679,118,1,1,0,0
3,2022-09-08,4,5087,129,1,1,0,0
3,2022-09-09,5,6243,155,1,1,0,0
3,2022-09-10,6,6272,150,1,0,0,0
3,2022-09-11,7,0,0,0,0,0,0
3,2022-09-12,1,4661,114,1,1,0,0
3,2022-09-13,2,4359,123,1,1,0,0
3,2022-09-14,3,4413,105,1,0,0,0
3,2022-09-15,4,4205,103,1,0,0,0
3,2022-09-16,5,4739,107,1,0,0,0
3,2022-09-17,6,7726,189,1,1,0,0
3,2022-09-18,7,4940,127,1,0,0,0
3,2022-09-19,1,4362,105,1,0,0,0
3,2022-09-20,2,4100,108,1,0,0,0
3,2022-09-21,3,4090,107,1,0,0,0
3,2022-09-22,4,5081,130,1,1,0,0
3,2022-09-23,5,4631,123,1,0,0,0
3,2022-09-24,6,7424,184,1,1,0,0
3,2022-09-25,7,6150,143,1,1,0,0
3,2022-09-26,1,4130,104,1,0,0,0
3,2022-09-27,2,4300,93,1,0,0,0
3,2022-09-28,3,4247,98,1,0,0,0
3,2022-09-29,4,5234,131,1,1,0,0
3,2022-09-30,5,5521,118,1,0,0,0
3,2022-10-01,6,6953,167,1,0,0,0
3,2022-10-02,7,5747,172,1,1,0,0
3,2022-10-03,1,4188,109,1,0,0,0
3,2022-10-04,2,4397,106,1,1,0,0
3,2022-10-05,3,4390,101,1,0,0,0
3,2022-10-06,4,4445,112,1,0,0,0
3,2022-10-07,5,4633,106,1,0,0,0
3,2022-10-08,6,7552,208,1,1,0,0
3,2022-10-09,7,0,0,0,0,0,0
3,2022-10-10,1,4631,109,1,1,0,0
3,2022-10-11,2,4743,114,1,1,0,0
3,2022-10-12,3,4130,109,1,0,0,0
3,2022-10-13,4,5015,126,1,1,0,0
3,2022-10-14,5,5250,115,1,0,0,0
3,2022-10-15,6,6019,128,1,0,0,0
3,2022-10-16,7,0,0,0,0,0,0
3,2022-10-17,1,4624,97,1,1,0,0
3,2022-10-18,2,3854,92,1,0,0,0
3,2022-10-19,3,4219,101,1,0,0,0
3,2022-10-20,4,4963,118,1,0,0,0
3,2022-10-21,5,5026,126,1,0,0,0
3,2022-10-22,6,6365,179,1,0,0,0
3,2022-10-23,7,5678,137,1,1,0,0
3,2022-10-24,1,4680,112,1,1,0,0
3,2022-10-25,2,3757,82,1,0,0,0
3,2022-10-26,3,5318,131,1,1,0,0
3,2022-10-27,4,4442,104,1,0,0,0
3,2022-10-28,5,5623,140,1,1,0,0
3,2022-10-29,6,6295,158,1,0,0,0
3,2022-10-30,7,5610,139,1,0,0,0
3,2022-10-31,1,4219,90,1,0,0,0
3,2022-11-01,2,4630,112,1,1,0,0
3,2022-11-02,3,4634,111,1,0,0,0
3,2022-11-03,4,4363,101,1,0,0,0
3,2022-11-04,5,4444,107,1,0,0,0
3,2022-11-05,6,5766,144,1,0,0,0
3,2022-11-06,7,0,0,0,0,0,0
3,2022-11-07,1,4859,125,1,1,0,0
3,2022-11-08,2,4876,118,1,1,0,0
3,2022-11-09,3,4063,103,1,0,0,0
3,2022-11-10,4,5002,113,1,1,0,0
3,2022-11-11,5,4666,121,1,0,0,0
3,2022-11-12,6,7593,196,1,1,0,0
3,2022-11-13,7,6238,144,1,1,0,0
3,2022-11-14,1,4580,116,1,0,0,0
3,2022-11-15,2,4774,125,1,1,0,0
3,2022-11-16,3,4664,113,1,0,0,0
3,2022-11-17,4,4254,88,1,0,0,0
3,2022-11-18,5,5663,150,1,1,0,0
3,2022-11-19,6,5933,145,1,0,0,0
3,2022-11-20,7,5253,127,1,0,0,0
3,2022-11-21,1,4238,102,1,0,0,0
3,2022-11-22,2,4123,102,1,1,0,0
3,2022-11-23,3,4511,103,1,0,0,0
3,2022-11-24,4,4603,136,1,0,0,0
3,2022-11-25,5,5456,132,1,1,0,0
3,2022-11-26,6,7319,201,1,1,0,0
3,2022-11-27,7,4733,118,1,0,0,0
3,2022-11-28,1,4025,97,1,0,0,0
3,2022-11-29,2,4436,103,1,0,0,0
3,2022-11-30,3,4034,99,1,0,0,0
3,2022-12-01,4,4424,109,1,0,0,0
3,2022-12-02,5,5230,98,1,1,0,0
3,2022-12-03,6,6393,143,1,0,0,0
3,2022-12-04,7,5268,128,1,0,0,0
3,2022-12-05,1,4345,106,1,0,0,0
3,2022-12-06,2,4827,98,1,1,0,0
3,2022-12-07,3,4595,111,1,0,0,0
3,2022-12-08,4,4953,131,1,1,0,0
3,2022-12-09,5,4638,115,1,0,0,0
3,2022-12-10,6,6113,153,1,0,0,0
3,2022-12-11,7,4788,129,1,0,0,0
3,2022-12-12,1,4217,115,1,0,0,0
3,2022-12-13,2,4080,96,1,0,0,0
3,2022-12-14,3,4399,122,1,0,0,0
3,2022-12-15,4,4079,88,1,0,0,0
3,2022-12-16,5,5638,133,1,1,0,0
3,2022-12-17,6,6692,187,1,0,0,0
3,2022-12-18,7,6083,155,1,1,0,0
3,2022-12-19,1,3809,86,1,0,0,0
3,2022-12-20,2,4113,94,1,0,0,0
3,2022-12-21,3,4146,104,1,0,0,0
3,2022-12-22,4,4448,105,1,0,0,0
3,2022-12-23,5,4821,131,1,0,0,0
3,2022-12-24,6,6870,142,1,0,0,0
3,2022-12-25,7,5173,145,1,0,a,0
3,2022-12-26,1,4282,108,1,0,0,0
3,2022-12-27,2,4114,89,1,0,0,0
3,2022-12-28,3,5076,130,1,1,0,0
3,2022-12-29,4,5066,109,1,1,0,0
3,2022-12-30,5,5881,128,1,1,0,0
3,2022-12-31,6,7138,170,1,1,0,0
3,2023-01-01,7,5515,150,1,0,a,0
3,2023-01-02,1,4328,98,1,0,0,0
3,2023-01-03,2,4714,125,1,1,0,0
3,2023-01-04,3,4501,127,1,0,0,0
3,2023-01-05,4,4571,115,1,0,0,0
3,2023-01-06,5,5136,134,1,0,0,0
3,2023-01-07,6,6370,141,1,0,0,0
3,2023-01-08,7,5107,128,1,0,0,0
3,2023-01-09,1,4898,131,1,1,0,0
3,2023-01-10,2,4034,103,1,0,0,0
3,2023-01-11,3,4538,107,1,0,0,0
3,2023-01-12,4,5517,139,1,1,0,0
3,2023-01-13,5,5083,121,1,0,0,0
3,2023-01-14,6,6804,184,1,0,0,0
3,2023-01-15,7,5470,123,1,0,0,0
3,2023-01-16,1,4808,117,1,1,0,0
3,2023-01-17,2,4966,138,1,1,0,0
3,2023-01-18,3,4056,96,1,0,0,0
3,2023-01-19,4,5196,137,1,1,0,0
3,2023-01-20,5,4656,116,1,0,0,0
3,2023-01-21,6,7279,194,1,1,0,0
3,2023-01-22,7,0,0,0,1,0,0
3,2023-01-23,1,5149,120,1,1,0,0
3,2023-01-24,2,4070,95,1,0,0,0
3,2023-01-25,3,5219,135,1,1,0,0
3,2023-01-26,4,5138,121,1,1,0,0
3,2023-01-27,5,4500,125,1,0,0,0
3,2023-01-28,6,7155,184,1,1,0,0
3,2023-01-29,7,5058,120,1,0,0,0
3,2023-01-30,1,4887,135,1,1,0,0
3,2023-01-31,2,4473,108,1,0,0,0
3,2023-02-01,3,5420,112,1,1,0,0
3,2023-02-02,4,4440,105,1,0,0,0
3,2023-02-03,5,4653,102,1,0,0,0
3,2023-02-04,6,6149,154,1,0,0,0
3,2023-02-05,7,0,0,0,0,0,0
3,2023-02-06,1,4237,110,1,0,0,0
3,2023-02-07,2,3838,91,1,0,0,0
3,2023-02-08,3,4247,127,1,0,0,0
3,2023-02-09,4,4795,120,1,0,0,0
3,2023-02-10,5,5048,128,1,0,0,0
3,2023-02-11,6,7375,189,1,1,0,0
3,2023-02-12,7,5113,128,1,0,0,0
3,2023-02-13,1,4795,129,1,1,0,0
3,2023-02-14,2,4930,124,1,1,0,0
3,2023-02-15,3,4395,110,1,0,0,0
3,2023-02-16,4,4681,118,1,0,0,0
3,2023-02-17,5,5888,157,1,1,0,0
3,2023-02-18,6,6415,150,1,0,0,0
3,2023-02-19,7,5324,108,1,0,0,0
3,2023-02-20,1,4148,104,1,0,0,0
3,2023-02-21,2,4796,123,1,1,0,0
3,2023-02-22,3,4665,105,1,0,0,0
3,2023-02-23,4,4518,101,1,0,0,0
3,2023-02-24,5,5678,129,1,1,0,0
3,2023-02-25,6,7461,160,1,1,0,0
3,2023-02-26,7,4927,126,1,0,0,0
3,2023-02-27,1,4329,115,1,0,0,0
3,2023-02-28,2,5224,117,1,1,0,0
3,2023-03-01,3,4202,107,1,0,0,0
3,2023-03-02,4,4584,114,1,0,0,0
3,2023-03-03,5,4995,116,1,0,0,0
3,2023-03-04,6,7377,196,1,1,0,0
3,2023-03-05,7,5224,152,1,0,0,0
3,2023-03-06,1,5109,112,1,1,0,0
3,2023-03-07,2,4559,113,1,1,0,0
3,2023-03-08,3,4538,110,1,0,0,0
3,2023-03-09,4,4547,112,1,0,0,0
3,2023-03-10,5,4568,109,1,0,0,0
3,2023-03-11,6,6564,168,1,0,0,0
3,2023-03-12,7,5280,131,1,0,0,0
3,2023-03-13,1,4726,103,1,1,0,0
3,2023-03-14,2,4236,103,1,0,0,0
3,2023-03-15,3,4721,118,1,1,0,0
3,2023-03-16,4,4383,118,1,0,0,0
3,2023-03-17,5,5027,119,1,0,0,0
3,2023-03-18,6,5909,146,1,0,0,0
3,2023-03-19,7,4957,112,1,0,0,0
3,2023-03-20,1,4702,128,1,1,0,0
3,2023-03-21,2,4226,104,1,0,0,0
3,2023-03-22,3,4499,124,1,0,0,0
3,2023-03-23,4,4344,104,1,0,0,0
3,2023-03-24,5,4788,115,1,0,0,0
3,2023-03-25,6,6509,161,1,0,0,0
3,2023-03-26,7,5298,135,1,0,0,0
3,2023-03-27,1,4785,132,1,1,0,0
3,2023-03-28,2,4602,126,1,0,0,0
3,2023-03-29,3,5118,117,1,1,0,0
3,2023-03-30,4,4516,108,1,0,0,0
3,2023-03-31,5,4938,97,1,0,0,0
3,2023-04-01,6,6802,152,1,0,0,0
3,2023-04-02,7,0,0,0,0,0,0
3,2023-04-03,1,3944,111,1,0,0,0
3,2023-04-04,2,4077,87,1,0,0,0
3,2023-04-05,3,4318,116,1,0,0,0
3,2023-04-06,4,4559,110,1,0,0,0
3,2023-04-07,5,5202,134,1,0,0,0
3,2023-04-08,6,7060,170,1,1,0,0
3,2023-04-09,7,0,0,0,0,0,0
3,2023-04-10,1,4694,107,1,0,0,0
3,2023-04-11,2,4237,88,1,0,0,0
3,2023-04-12,3,4271,108,1,0,0,0
3,2023-04-13,4,4265,114,1,0,0,0
3,2023-04-14,5,4929,124,1,0,0,0
3,2023-04-15,6,11064,301,1,0,0,0
3,2023-04-16,7,9344,209,1,0,0,0
3,2023-04-17,1,8012,207,1,0,0,0
3,2023-04-18,2,7643,182,1,0,0,0
3,2023-04-19,3,7786,221,1,0,0,0
3,2023-04-20,4,7502,162,1,0,0,0
3,2023-04-21,5,9488,236,1,0,0,0
3,2023-04-22,6,0,0,0,1,b,0
3,2023-04-23,7,0,0,0,0,b,0
3,2023-04-24,1,4143,111,1,0,0,0
3,2023-04-25,2,4159,88,1,0,0,0
3,2023-04-26,3,4958,115,1,1,0,0
3,2023-04-27,4,4280,103,1,0,0,0
3,2023-04-28,5,4839,114,1,0,0,0
3,2023-04-29,6,6515,164,1,0,0,0
3,2023-04-30,7,5393,130,1,0,0,0
3,2023-05-01,1,4200,98,1,0,0,0
3,2023-05-02,2,3997,105,1,0,0,0
3,2023-05-03,3,5023,122,1,1,0,0
3,2023-05-04,4,4772,121,1,0,0,0
3,2023-05-05,5,5565,119,1,1,0,0
3,2023-05-06,6,7515,174,1,1,0,0
3,2023-05-07,7,0,0,0,0,0,0
3,2023-05-08,1,4602,124,1,0,0,0
3,2023-05-09,2,4152,107,1,0,0,0
3,2023-05-10,3,712,15,1,0,0,0
3,2023-05-11,4,4835,123,1,0,0,0
3,2023-05-12,5,6300,178,1,1,0,0
3,2023-05-13,6,7014,179,1,1,0,0
3,2023-05-14,7,4959,111,1,0,0,0
3,2023-05-15,1,4617,111,1,0,0,0
3,2023-05-16,2,5153,131,1,1,0,0
3,2023-05-17,3,4973,113,1,1,0,0
3,2023-05-18,4,4442,110,1,1,0,0
3,2023-05-19,5,5116,138,1,0,0,0
3,2023-05-20,6,6055,154,1,0,0,0
3,2023-05-21,7,5119,120,1,0,0,0
3,2023-05-22,1,4410,120,1,0,0,0
3,2023-05-23,2,4342,97,1,0,0,0
3,2023-05-24,3,4823,121,1,0,0,0
3,2023-05-25,4,4531,96,1,0,0,0
3,2023-05-26,5,4855,107,1,0,0,0
3,2023-05-27,6,6865,158,1,0,0,0
3,2023-05-28,7,5450,140,1,0,0,0
3,2023-05-29,1,4298,108,1,0,0,0
3,2023-05-30,2,4288,103,1,0,0,0
3,2023-05-31,3,4393,116,1,0,0,0
3,2023-06-01,4,5502,135,1,1,0,1
3,2023-06-02,5,5544,145,1,0,0,1
3,2023-06-03,6,6336,170,1,0,0,1
3,2023-06-04,7,5471,126,1,0,0,1
3,2023-06-05,1,4657,108,1,1,0,1
3,2023-06-06,2,4059,87,1,0,0,1
3,2023-06-07,3,4611,112,1,0,0,1
3,2023-06-08,4,4616,126,1,0,0,1
3,2023-06-09,5,4837,122,1,0,0,1
3,2023-06-10,6,6589,166,1,0,0,1
3,2023-06-11,7,5603,148,1,0,0,1
3,2023-06-12,1,4686,129,1,1,0,1
3,2023-06-13,2,4671,119,1,0,0,1
3,2023-06-14,3,5314,137,1,1,0,1
3,2023-06-15,4,5494,134,1,1,0,1
3,2023-06-16,5,5129,129,1,0,0,1
3,2023-06-17,6,8249,217,1,1,0,1
3,2023-06-18,7,0,0,0,0,0,1
3,2023-06-19,1,4319,105,1,0,0,1
3,2023-06-20,2,4466,104,1,0,0,1
3,2023-06-21,3,4335,112,1,0,0,1
3,2023-06-22,4,4583,111,1,0,0,1
3,2023-06-23,5,5515,139,1,0,0,1
3,2023-06-24,6,6736,138,1,0,0,1
3,2023-06-25,7,5564,120,1,0,0,1
3,2023-06-26,1,4665,121,1,0,0,1
3,2023-06-27,2,4429,101,1,0,0,1
3,2023-06-28,3,4325,97,1,0,0,1
3,2023-06-29,4,5042,114,1,0,0,1
3,2023-06-30,5,6072,150,1,1,0,1
3,2023-07-01,6,6813,160,1,0,0,1
3,2023-07-02,7,0,0,0,1,0,1
3,2023-07-03,1,4660,108,1,0,0,1
3,2023-07-04,2,4731,122,1,0,0,1
3,2023-07-05,3,4430,104,1,0,0,1
3,2023-07-06,4,4912,117,1,0,0,1
3,2023-07-07,5,5164,118,1,0,0,1
3,2023-07-08,6,6863,173,1,1,0,1
3,2023-07-09,7,5024,140,1,0,0,1
3,2023-07-10,1,5193,133,1,1,0,1
3,2023-07-11,2,5225,134,1,1,0,1
3,2023-07-12,3,5359,141,1,1,0,1
3,2023-07-13,4,5578,131,1,1,0,1
3,2023-07-14,5,5833,140,1,0,0,1
3,2023-07-15,6,6816,142,1,0,0,1
3,2023-07-16,7,5341,136,1,0,0,1
3,2023-07-17,1,4401,107,1,0,0,1
3,2023-07-18,2,4686,109,1,0,0,1
3,2023-07-19,3,4879,121,1,1,0,1
3,2023-07-20,4,4968,139,1,0,0,1
3,2023-07-21,5,5177,127,1,0,0,1
3,2023-07-22,6,6376,158,1,0,0,1
3,2023-07-23,7,5028,140,1,0,0,1
3,2023-07-24,1,4765,127,1,0,0,1
3,2023-07-25,2,4776,125,1,1,0,1
3,2023-07-26,3,4552,127,1,0,0,1
3,2023-07-27,4,4458,101,1,0,0,1
3,2023-07-28,5,5691,162,1,0,0,1
3,2023-07-29,6,6696,176,1,0,0,1
3,2023-07-30,7,0,0,0,0,0,1
3,2023-07-31,1,4349,112,1,0,0,1
3,2023-08-01,2,4649,106,1,0,0,0
3,2023-08-02,3,4323,90,1,0,0,0
3,2023-08-03,4,4610,116,1,0,0,0
3,2023-08-04,5,5498,128,1,0,0,0
3,2023-08-05,6,6788,156,1,0,0,0
3,2023-08-06,7,5108,120,1,0,0,0
3,2023-08-07,1,4501,88,1,0,0,0
3,2023-08-08,2,4968,111,1,1,0,0
3,2023-08-09,3,4565,98,1,0,0,0
3,2023-08-10,4,4925,108,1,0,0,0
3,2023-08-11,5,5261,120,1,0,0,0
3,2023-08-12,6,6654,160,1,0,0,0
3,2023-08-13,7,5410,137,1,0,0,0
3,2023-08-14,1,4699,131,1,0,0,0
3,2023-08-15,2,4834,105,1,1,0,0
3,2023-08-16,3,4066,108,1,0,0,0
3,2023-08-17,4,4657,110,1,0,a,0
3,2023-08-18,5,5306,107,1,0,0,0
3,2023-08-19,6,6557,147,1,0,0,0
3,2023-08-20,7,5314,137,1,0,0,0
3,2023-08-21,1,4385,108,1,0,0,0
3,2023-08-22,2,5017,104,1,1,0,0
3,2023-08-23,3,4271,107,1,0,0,0
3,2023-08-24,4,4874,108,1,0,0,0
3,2023-08-25,5,5200,121,1,1,0,0
3,2023-08-26,6,6888,164,1,0,0,0
3,2023-08-27,7,6385,157,1,1,0,0
3,2023-08-28,1,4585,118,1,0,0,0
3,2023-08-29,2,4546,114,1,1,0,0
3,2023-08-30,3,4642,122,1,0,0,0
3,2023-08-31,4,5287,133,1,1,0,0
3,2023-09-01,5,6489,161,1,1,0,0
3,2023-09-02,6,6840,162,1,0,0,0
3,2023-09-03,7,5926,136,1,1,0,0
3,2023-09-04,1,4102,110,1,0,0,0
3,2023-09-05,2,4248,99,1,0,0,0
3,2023-09-06,3,4769,133,1,0,0,0
3,2023-09-07,4,5006,132,1,0,0,0
3,2023-09-08,5,5280,140,1,0,0,0
3,2023-09-09,6,6756,155,1,0,0,0
3,2023-09-10,7,5394,142,1,0,0,0
3,2023-09-11,1,5156,145,1,1,0,0
3,2023-09-12,2,5355,143,1,1,0,0
3,2023-09-13,3,4511,129,1,0,0,0
3,2023-09-14,4,4897,125,1,0,0,0
3,2023-09-15,5,5103,138,1,0,0,0
3,2023-09-16,6,7082,181,1,0,0,0
3,2023-09-17,7,5653,123,1,0,0,0
3,2023-09-18,1,4714,126,1,0,0,0
3,2023-09-19,2,4811,111,1,0,0,0
3,2023-09-20,3,4605,100,1,1,0,0
3,2023-09-21,4,4928,117,1,0,0,0
3,2023-09-22,5,5373,135,1,0,0,0
3,2023-09-23,6,6903,161,1,0,0,0
3,2023-09-24,7,5569,148,1,0,0,0
3,2023-09-25,1,4557,103,1,0,0,0
3,2023-09-26,2,4478,113,1,0,0,0
3,2023-09-27,3,4814,116,1,0,0,0
3,2023-09-28,4,4953,120,1,0,0,0
3,2023-09-29,5,6040,153,1,1,0,0
3,2023-09-30,6,7704,200,1,1,0,0
3,2023-10-01,7,0,0,0,0,0,0
3,2023-10-02,1,4417,115,1,0,0,0
3,2023-10-03,2,4804,121,1,0,0,0
3,2023-10-04,3,4320,124,1,0,0,0
3,2023-10-05,4,4943,102,1,0,0,0
3,2023-10-06,5,5463,95,1,0,0,0
3,2023-10-07,6,6594,167,1,0,0,0
3,2023-10-08,7,5602,121,1,0,0,0
3,2023-10-09,1,4803,119,1,0,0,0
3,2023-10-10,2,4997,124,1,1,0,0
3,2023-10-11,3,5662,120,1,1,0,0
3,2023-10-12,4,5795,146,1,1,0,0
3,2023-10-13,5,5089,131,1,0,0,0
3,2023-10-14,6,7370,172,1,1,0,0
3,2023-10-15,7,0,0,0,0,0,0
3,2023-10-16,1,4881,104,1,1,0,0
3,2023-10-17,2,3783,90,1,0,0,0
3,2023-10-18,3,5192,135,1,1,0,0
3,2023-10-19,4,5300,139,1,0,0,0
3,2023-10-20,5,5941,152,1,1,0,0
3,2023-10-21,6,7964,189,1,1,0,0
3,2023-10-22,7,0,0,0,0,0,0
3,2023-10-23,1,4523,103,1,0,0,0
3,2023-10-24,2,5013,128,1,1,0,0
3,2023-10-25,3,4920,132,1,0,0,0
3,2023-10-26,4,5517,147,1,1,0,0
3,2023-10-27,5,5269,145,1,0,0,0
3,2023-10-28,6,7078,200,1,0,0,0
3,2023-10-29,7,0,0,0,0,0,0
3,2023-10-30,1,4253,106,1,0,0,0
3,2023-10-31,2,4691,111,1,1,0,0
3,2023-11-01,3,4775,110,1,0,0,0
3,2023-11-02,4,4756,108,1,0,0,0
3,2023-11-03,5,5521,127,1,0,0,0
3,2023-11-04,6,6835,168,1,0,0,0
3,2023-11-05,7,0,0,0,1,0,0
3,2023-11-06,1,5137,128,1,1,0,0
3,2023-11-07,2,4647,113,1,0,0,0
3,2023-11-08,3,5278,128,1,1,0,0
3,2023-11-09,4,5852,136,1,1,0,0
3,2023-11-10,5,5190,123,1,0,0,0
3,2023-11-11,6,8136,176,1,1,0,0
3,2023-11-12,7,5070,122,1,0,0,0
3,2023-11-13,1,4503,108,1,0,0,0
3,2023-11-14,2,5024,117,1,1,0,0
3,2023-11-15,3,4333,103,1,0,0,0
3,2023-11-16,4,5840,160,1,1,0,0
3,2023-11-17,5,5921,142,1,1,0,0
3,2023-11-18,6,6586,137,1,0,0,0
3,2023-11-19,7,0,0,0,1,0,0
3,2023-11-20,1,4599,123,1,0,0,0
3,2023-11-21,2,4636,129,1,0,0,0
3,2023-11-22,3,4268,89,1,0,0,0
3,2023-11-23,4,5321,141,1,1,0,0
3,2023-11-24,5,5883,145,1,0,0,0
3,2023-11-25,6,7144,189,1,0,0,0
3,2023-11-26,7,0,0,0,0,0,0
3,2023-11-27,1,5314,150,1,1,0,0
3,2023-11-28,2,4247,97,1,0,0,0
3,2023-11-29,3,4999,115,1,0,0,0
3,2023-11-30,4,4279,103,1,0,0,0
3,2023-12-01,5,5409,140,1,0,0,0
3,2023-12-02,6,7994,192,1,1,0,0
3,2023-12-03,7,0,0,0,0,0,0
3,2023-12-04,1,4514,107,1,0,0,0
3,2023-12-05,2,5244,127,1,1,0,0
3,2023-12-06,3,4265,95,1,0,0,0
3,2023-12-07,4,5204,126,1,1,0,0
3,2023-12-08,5,5303,153,1,0,0,0
3,2023-12-09,6,7575,196,1,1,0,0
3,2023-12-10,7,5472,169,1,0,0,0
3,2023-12-11,1,4580,125,1,0,0,0
3,2023-12-12,2,4921,123,1,1,0,0
3,2023-12-13,3,5384,119,1,1,0,0
3,2023-12-14,4,5652,152,1,1,0,0
3,2023-12-15,5,5562,126,1,0,0,0
3,2023-12-16,6,7424,165,1,1,0,0
3,2023-12-17,7,6250,150,1,1,0,0
3,2023-12-18,1,4727,108,1,0,0,0
3,2023-12-19,2,4782,128,1,1,0,0
3,2023-12-20,3,5429,126,1,1,0,0
3,2023-12-21,4,4857,131,1,0,0,0
3,2023-12-22,5,4668,117,1,0,0,0
3,2023-12-23,6,6725,160,1,0,0,0
3,2023-12-24,7,0,0,0,0,0,0
3,2023-12-25,1,4550,107,1,0,a,0
3,2023-12-26,2,4391,113,1,0,0,0
3,2023-12-27,3,4740,119,1,0,0,0
3,2023-12-28,4,5098,114,1,0,0,0
3,2023-12-29,5,5515,125,1,0,0,0
3,2023-12-30,6,7642,171,1,1,0,0
3,2023-12-31,7,6001,155,1,1,0,0
3,2024-01-01,1,4726,129,1,0,a,0
3,2024-01-02,2,4876,130,1,1,0,0
3,2024-01-03,3,4587,116,1,0,0,0
3,2024-01-04,4,4915,132,1,0,0,0
3,2024-01-05,5,5687,141,1,0,0,0
3,2024-01-06,6,7362,187,1,0,0,0
3,2024-01-07,7,6503,152,1,1,0,0
3,2024-01-08,1,5171,121,1,1,0,0
3,2024-01-09,2,4241,105,1,0,0,0
3,2024-01-10,3,5181,143,1,0,0,0
3,2024-01-11,4,4803,132,1,0,0,0
3,2024-01-12,5,5570,142,1,0,0,0
3,2024-01-13,6,6997,166,1,0,0,0
3,2024-01-14,7,5507,124,1,0,0,0
3,2024-01-15,1,5171,131,1,1,0,0
3,2024-01-16,2,4838,145,1,1,0,0
3,2024-01-17,3,4991,114,1,0,0,0
3,2024-01-18,4,5580,133,1,1,0,0
3,2024-01-19,5,5782,151,1,0,0,0
3,2024-01-20,6,6784,187,1,0,0,0
3,2024-01-21,7,0,0,0,0,0,0
3,2024-01-22,1,4366,105,1,0,0,0
3,2024-01-23,2,5125,118,1,1,0,0
3,2024-01-24,3,4440,120,1,0,0,0
3,2024-01-25,4,4987,110,1,0,0,0
3,2024-01-26,5,5434,105,1,0,0,0
3,2024-01-27,6,7463,208,1,0,0,0
3,2024-01-28,7,6040,159,1,1,0,0
3,2024-01-29,1,4918,105,1,0,0,0
3,2024-01-30,2,4312,112,1,0,0,0
3,2024-01-31,3,4823,113,1,0,0,0
3,2024-02-01,4,4616,101,1,0,0,0
3,2024-02-02,5,5468,136,1,0,0,0
3,2024-02-03,6,6088,139,1,0,0,0
3,2024-02-04,7,5484,126,1,0,0,0
3,2024-02-05,1,5368,120,1,1,0,0
3,2024-02-06,2,5681,141,1,1,0,0
3,2024-02-07,3,4880,130,1,1,0,0
3,2024-02-08,4,4904,110,1,0,0,0
3,2024-02-09,5,5281,133,1,0,0,0
3,2024-02-10,6,6305,159,1,0,0,0
3,2024-02-11,7,6168,135,1,1,0,0
3,2024-02-12,1,4541,112,1,0,0,0
3,2024-02-13,2,4655,121,1,0,0,0
3,2024-02-14,3,4777,127,1,0,0,0
3,2024-02-15,4,4590,111,1,0,0,0
3,2024-02-16,5,4933,110,1,0,0,0
3,2024-02-17,6,7130,176,1,0,0,0
3,2024-02-18,7,0,0,0,1,0,0
3,2024-02-19,1,5033,115,1,0,0,0
3,2024-02-20,2,4475,94,1,0,0,0
3,2024-02-21,3,5036,131,1,0,0,0
3,2024-02-22,4,5054,126,1,0,0,0
3,2024-02-23,5,5663,125,1,0,0,0
3,2024-02-24,6,8218,227,1,1,0,0
3,2024-02-25,7,0,0,0,0,0,0
3,2024-02-26,1,4750,101,1,1,0,0
3,2024-02-27,2,4509,115,1,0,0,0
3,2024-02-28,3,4613,125,1,0,0,0
3,2024-02-29,4,6027,144,1,1,0,0
3,2024-03-01,5,5175,145,1,0,0,0
3,2024-03-02,6,6908,167,1,0,0,0
3,2024-03-03,7,0,0,0,0,0,0
3,2024-03-04,1,4743,95,1,0,0,0
3,2024-03-05,2,5299,129,1,1,0,0
3,2024-03-06,3,5044,136,1,0,0,0
3,2024-03-07,4,5750,118,1,1,0,0
3,2024-03-08,5,6104,168,1,1,0,0
3,2024-03-09,6,6562,173,1,0,0,0
3,2024-03-10,7,6737,176,1,1,0,0
3,2024-03-11,1,4500,113,1,0,0,0
3,2024-03-12,2,5200,116,1,1,0,0
3,2024-03-13,3,5044,125,1,0,0,0
3,2024-03-14,4,4889,122,1,0,0,0
3,2024-03-15,5,5344,108,1,0,0,0
3,2024-03-16,6,6930,162,1,0,0,0
3,2024-03-17,7,5656,136,1,0,0,0
3,2024-03-18,1,5123,130,1,1,0,0
3,2024-03-19,2,4969,116,1,0,0,0
3,2024-03-20,3,4662,110,1,0,0,0
3,2024-03-21,4,5917,133,1,1,0,0
3,2024-03-22,5,5195,151,1,0,0,0
3,2024-03-23,6,8317,183,1,1,0,0
3,2024-03-24,7,0,0,0,1,0,0
3,2024-03-25,1,5406,139,1,1,0,0
3,2024-03-26,2,5326,122,1,1,0,0
3,2024-03-27,3,4901,106,1,0,0,0
3,2024-03-28,4,4903,118,1,0,0,0
3,2024-03-29,5,6249,152,1,1,0,0
3,2024-03-30,6,7254,184,1,0,0,0
3,2024-03-31,7,5418,134,1,0,0,0
3,2024-04-01,1,4397,108,1,0,0,0
3,2024-04-02,2,5336,135,1,1,0,0
3,2024-04-03,3,7786,203,1,0,0,0
3,2024-04-04,4,8188,191,1,0,0,0
3,2024-04-05,5,10776,252,1,0,0,0
3,2024-04-06,6,13695,354,1,0,0,0
3,2024-04-07,7,10063,240,1,0,0,0
3,2024-04-08,1,8901,204,1,0,0,0
3,2024-04-09,2,8719,201,1,0,0,0
3,2024-04-10,3,0,0,0,1,b,0
3,2024-04-11,4,0,0,0,0,b,0
3,2024-04-12,5,6522,182,1,1,0,0
3,2024-04-13,6,8458,222,1,1,0,0
3,2024-04-14,7,5949,138,1,0,0,0
3,2024-04-15,1,4352,89,1,0,0,0
3,2024-04-16,2,5082,114,1,0,0,0
3,2024-04-17,3,6214,150,1,1,0,0
3,2024-04-18,4,4507,117,1,0,0,0
3,2024-04-19,5,5649,146,1,0,0,0
3,2024-04-20,6,7808,184,1,0,0,0
3,2024-04-21,7,6062,147,1,0,0,0
3,2024-04-22,1,4964,115,1,0,0,0
3,2024-04-23,2,4288,100,1,0,0,0
3,2024-04-24,3,5776,144,1,1,0,0
3,2024-04-25,4,5050,118,1,0,0,0
3,2024-04-26,5,5732,126,1,0,0,0
3,2024-04-27,6,6727,165,1,0,0,0
3,2024-04-28,7,6293,161,1,1,0,0
3,2024-04-29,1,4698,110,1,0,0,0
3,2024-04-30,2,5221,152,1,1,0,0
3,2024-05-01,3,4801,116,1,0,0,0
3,2024-05-02,4,4878,111,1,0,0,0
3,2024-05-03,5,5470,153,1,0,0,0
3,2024-05-04,6,6869,187,1,0,0,0
3,2024-05-05,7,0,0,0,0,0,0
3,2024-05-06,1,4402,107,1,0,0,0
3,2024-05-07,2,5467,129,1,1,0,0
3,2024-05-08,3,4910,119,1,0,0,0
3,2024-05-09,4,4690,120,1,0,0,0
3,2024-05-10,5,5901,158,1,0,0,0
3,2024-05-11,6,6822,180,1,0,0,0
3,2024-05-12,7,0,0,0,0,0,0
3,2024-05-13,1,4825,125,1,0,0,0
3,2024-05-14,2,4874,110,1,0,0,0
3,2024-05-15,3,4897,111,1,0,0,0
3,2024-05-16,4,5156,127,1,0,0,0
3,2024-05-17,5,5817,117,1,0,0,0
3,2024-05-18,6,7807,190,1,0,0,0
3,2024-05-19,7,6121,161,1,0,0,0
3,2024-05-20,1,5589,141,1,1,0,0
3,2024-05-21,2,4336,118,1,0,0,0
3,2024-05-22,3,4274,101,1,0,0,0
3,2024-05-23,4,4989,108,1,0,0,0
3,2024-05-24,5,6156,141,1,1,0,0
3,2024-05-25,6,7931,195,1,1,0,0
3,2024-05-26,7,5794,160,1,0,0,0
3,2024-05-27,1,5657,159,1,1,0,0
3,2024-05-28,2,4512,92,1,0,0,0
3,2024-05-29,3,5087,122,1,0,0,0
3,2024-05-30,4,5793,133,1,1,0,0
3,2024-05-31,5,6406,148,1,1,0,0
3,2024-06-01,6,7820,187,1,0,0,1
3,2024-06-02,7,0,0,0,0,0,1
3,2024-06-03,1,4756,122,1,0,0,1
3,2024-06-04,2,4786,132,1,0,0,1
3,2024-06-05,3,6112,168,1,1,0,1
3,2024-06-06,4,5025,115,1,0,0,1
3,2024-06-07,5,5691,137,1,0,0,1
3,2024-06-08,6,7122,196,1,0,0,1
3,2024-06-09,7,5806,147,1,0,0,1
3,2024-06-10,1,4659,125,1,0,0,1
3,2024-06-11,2,4540,116,1,0,0,1
3,2024-06-12,3,6093,161,1,1,0,1
3,2024-06-13,4,5641,132,1,1,0,1
3,2024-06-14,5,5147,119,1,0,0,1
3,2024-06-15,6,8299,172,1,1,0,1
3,2024-06-16,7,7064,156,1,1,0,1
3,2024-06-17,1,5843,138,1,1,0,1
3,2024-06-18,2,4399,91,1,0,0,1
3,2024-06-19,3,5164,135,1,0,0,1
3,2024-06-20,4,5573,136,1,0,0,1
3,2024-06-21,5,5394,129,1,0,0,1
3,2024-06-22,6,7120,172,1,0,0,1
3,2024-06-23,7,5494,146,1,0,0,1
3,2024-06-24,1,5235,118,1,0,0,1
3,2024-06-25,2,4986,110,1,1,0,1
3,2024-06-26,3,4801,113,1,0,0,1
3,2024-06-27,4,5259,144,1,0,0,1
3,2024-06-28,5,6213,142,1,1,0,1
3,2024-06-29,6,7864,196,1,1,0,1
3,2024-06-30,7,6725,156,1,1,0,1
4,2022-01-01,6,6634,145,1,1,a,0
4,2022-01-02,7,0,0,0,0,0,0
4,2022-01-03,1,3912,94,1,1,0,0
4,2022-01-04,2,3318,89,1,0,0,0
4,2022-01-05,3,3746,105,1,0,0,0
4,2022-01-06,4,3964,89,1,0,0,0
4,2022-01-07,5,4070,106,1,0,0,0
4,2022-01-08,6,5542,144,1,0,0,0
4,2022-01-09,7,4267,131,1,0,0,0
4,2022-01-10,1,3585,94,1,1,0,0
4,2022-01-11,2,3602,102,1,0,0,0
4,2022-01-12,3,4064,94,1,0,0,0
4,2022-01-13,4,3934,100,1,1,0,0
4,2022-01-14,5,4243,98,1,0,0,0
4,2022-01-15,6,5762,146,1,0,0,0
4,2022-01-16,7,0,0,0,0,0,0
4,2022-01-17,1,3350,76,1,0,0,0
4,2022-01-18,2,3536,99,1,0,0,0
4,2022-01-19,3,4361,120,1,1,0,0
4,2022-01-20,4,3714,105,1,0,0,0
4,2022-01-21,5,4262,114,1,0,0,0
4,2022-01-22,6,5646,136,1,1,0,0
4,2022-01-23,7,0,0,0,1,0,0
4,2022-01-24,1,3684,90,1,0,0,0
4,2022-01-25,2,3557,82,1,0,0,0
4,2022-01-26,3,3617,91,1,0,0,0
4,2022-01-27,4,3902,101,1,0,0,0
4,2022-01-28,5,4362,116,1,0,0,0
4,2022-01-29,6,5628,137,1,0,0,0
4,2022-01-30,7,4796,142,1,1,0,0
4,2022-01-31,1,3508,96,1,0,0,0
4,2022-02-01,2,3889,108,1,0,0,0
4,2022-02-02,3,3729,107,1,0,0,0
4,2022-02-03,4,3776,102,1,0,0,0
4,2022-02-04,5,3917,106,1,0,0,0
4,2022-02-05,6,5185,134,1,0,0,0
4,2022-02-06,7,4719,123,1,1,0,0
4,2022-02-07,1,3708,102,1,0,0,0
4,2022-02-08,2,3485,83,1,0,0,0
4,2022-02-09,3,3713,90,1,0,0,0
4,2022-02-10,4,3558,109,1,0,0,0
4,2022-02-11,5,4535,117,1,0,0,0
4,2022-02-12,6,5248,174,1,0,0,0
4,2022-02-13,7,4493,126,1,0,0,0
4,2022-02-14,1,3538,97,1,0,0,0
4,2022-02-15,2,3848,95,1,1,0,0
4,2022-02-16,3,3927,101,1,1,0,0
4,2022-02-17,4,4286,96,1,1,0,0
4,2022-02-18,5,4441,118,1,1,0,0
4,2022-02-19,6,5545,137,1,0,0,0
4,2022-02-20,7,4866,123,1,1,0,0
4,2022-02-21,1,3756,94,1,0,0,0
4,2022-02-22,2,4061,97,1,1,0,0
4,2022-02-23,3,4032,82,1,1,0,0
4,2022-02-24,4,4309,112,1,1,0,0
4,2022-02-25,5,4574,119,1,1,0,0
4,2022-02-26,6,5830,132,1,0,0,0
4,2022-02-27,7,0,0,0,0,0,0
4,2022-02-28,1,3612,92,1,0,0,0
4,2022-03-01,2,3485,95,1,0,0,0
4,2022-03-02,3,3595,90,1,0,0,0
4,2022-03-03,4,4246,115,1,0,0,0
4,2022-03-04,5,4801,136,1,1,0,0
4,2022-03-05,6,5499,134,1,0,0,0
4,2022-03-06,7,0,0,0,1,0,0
4,2022-03-07,1,4245,101,1,1,0,0
4,2022-03-08,2,3825,105,1,1,0,0
4,2022-03-09,3,4137,106,1,1,0,0
4,2022-03-10,4,4287,109,1,0,0,0
4,2022-03-11,5,4471,119,1,1,0,0
4,2022-03-12,6,6202,139,1,1,0,0
4,2022-03-13,7,4540,124,1,0,0,0
4,2022-03-14,1,3759,95,1,0,0,0
4,2022-03-15,2,3884,96,1,1,0,0
4,2022-03-16,3,3635,94,1,0,0,0
4,2022-03-17,4,3913,106,1,0,0,0
4,2022-03-18,5,4180,106,1,0,0,0
4,2022-03-19,6,4860,119,1,0,0,0
4,2022-03-20,7,4299,123,1,0,0,0
4,2022-03-21,1,3972,97,1,1,0,0
4,2022-03-22,2,3395,80,1,0,0,0
4,2022-03-23,3,3781,96,1,0,0,0
4,2022-03-24,4,3729,98,1,0,0,0
4,2022-03-25,5,4276,102,1,0,0,0
4,2022-03-26,6,6719,175,1,1,0,0
4,2022-03-27,7,4767,131,1,0,0,0
4,2022-03-28,1,3785,108,1,0,0,0
4,2022-03-29,2,3921,91,1,0,0,0
4,2022-03-30,3,3746,103,1,0,0,0
4,2022-03-31,4,4258,108,1,1,0,0
4,2022-04-01,5,4473,119,1,1,0,0
4,2022-04-02,6,5874,144,1,0,0,0
4,2022-04-03,7,4941,121,1,0,0,0
4,2022-04-04,1,3850,99,1,0,0,0
4,2022-04-05,2,3858,96,1,0,0,0
4,2022-04-06,3,3251,80,1,0,0,0
4,2022-04-07,4,4346,105,1,0,0,0
4,2022-04-08,5,4279,113,1,0,0,0
4,2022-04-09,6,6184,157,1,0,0,0
4,2022-04-10,7,5389,125,1,1,0,0
4,2022-04-11,1,4216,103,1,1,0,0
4,2022-04-12,2,3547,99,1,0,0,0
4,2022-04-13,3,4184,98,1,1,0,0
4,2022-04-14,4,3526,99,1,0,0,0
4,2022-04-15,5,4510,114,1,0,0,0
4,2022-04-16,6,5318,150,1,1,0,0
4,2022-04-17,7,4895,123,1,1,0,0
4,2022-04-18,1,4380,124,1,1,0,0
4,2022-04-19,2,3746,110,1,0,0,0
4,2022-04-20,3,3492,94,1,0,0,0
4,2022-04-21,4,4008,106,1,1,0,0
4,2022-04-22,5,4189,119,1,0,0,0
4,2022-04-23,6,5574,146,1,0,0,0
4,2022-04-24,7,4724,115,1,0,0,0
4,2022-04-25,1,6868,164,1,0,0,0
4,2022-04-26,2,6175,165,1,0,0,0
4,2022-04-27,3,7029,179,1,0,0,0
4,2022-04-28,4,8028,216,1,1,0,0
4,2022-04-29,5,7976,213,1,0,0,0
4,2022-04-30,6,11254,275,1,0,0,0
4,2022-05-01,7,0,0,0,0,0,0
4,2022-05-02,1,0,0,0,0,b,0
4,2022-05-03,2,0,0,0,0,b,0
4,2022-05-04,3,3956,99,1,0,0,0
4,2022-05-05,4,4193,102,1,1,0,0
4,2022-05-06,5,4603,130,1,0,0,0
4,2022-05-07,6,6008,147,1,1,0,0
4,2022-05-08,7,0,0,0,0,0,0
4,2022-05-09,1,3551,93,1,0,0,0
4,2022-05-10,2,3860,106,1,0,0,0
4,2022-05-11,3,3920,100,1,0,0,0
4,2022-05-12,4,4549,129,1,1,0,0
4,2022-05-13,5,4477,110,1,0,0,0
4,2022-05-14,6,5636,162,1,0,0,0
4,2022-05-15,7,5086,125,1,1,0,0
4,2022-05-16,1,4218,106,1,1,0,0
4,2022-05-17,2,3886,100,1,1,0,0
4,2022-05-18,3,3563,110,1,0,0,0
4,2022-05-19,4,4223,107,1,1,0,0
4,2022-05-20,5,4468,116,1,0,0,0
4,2022-05-21,6,5413,157,1,0,0,0
4,2022-05-22,7,0,0,0,0,0,0
4,2022-05-23,1,3814,109,1,0,0,0
4,2022-05-24,2,3671,87,1,0,0,0
4,2022-05-25,3,3701,95,1,0,0,0
4,2022-05-26,4,4534,127,1,1,0,0
4,2022-05-27,5,4094,114,1,0,0,0
4,2022-05-28,6,5693,156,1,0,0,0
4,2022-05-29,7,4468,107,1,0,0,0
4,2022-05-30,1,4137,107,1,1,0,0
4,2022-05-31,2,3745,88,1,0,0,0
4,2022-06-01,3,3604,96,1,0,0,1
4,2022-06-02,4,3981,104,1,1,0,1
4,2022-06-03,5,4579,118,1,1,0,1
4,2022-06-04,6,5862,159,1,0,0,1
4,2022-06-05,7,0,0,0,0,0,1
4,2022-06-06,1,4037,104,1,1,0,1
4,2022-06-07,2,4023,103,1,0,0,1
4,2022-06-08,3,4076,111,1,0,0,1
4,2022-06-09,4,4579,125,1,1,0,1
4,2022-06-10,5,4215,106,1,0,0,1
4,2022-06-11,6,5915,140,1,0,0,1
4,2022-06-12,7,4663,125,1,0,0,1
4,2022-06-13,1,3616,101,1,0,0,1
4,2022-06-14,2,3650,99,1,0,0,1
4,2022-06-15,3,4002,108,1,1,0,1
4,2022-06-16,4,3822,95,1,0,0,1
4,2022-06-17,5,4131,109,1,0,0,1
4,2022-06-18,6,5905,150,1,0,0,1
4,2022-06-19,7,0,0,0,0,0,1
4,2022-06-20,1,3940,97,1,1,0,1
4,2022-06-21,2,3771,96,1,0,0,1
4,2022-06-22,3,3845,94,1,0,0,1
4,2022-06-23,4,4179,109,1,0,0,1
4,2022-06-24,5,4419,112,1,0,0,1
4,2022-06-25,6,5240,137,1,0,0,1
4,2022-06-26,7,0,0,0,1,0,1
4,2022-06-27,1,3903,89,1,1,0,1
4,2022-06-28,2,3787,106,1,0,0,1
4,2022-06-29,3,4060,94,1,0,0,1
4,2022-06-30,4,4038,114,1,1,0,1
4,2022-07-01,5,4808,120,1,1,0,1
4,2022-07-02,6,5982,170,1,0,0,1
4,2022-07-03,7,0,0,0,0,0,1
4,2022-07-04,1,3691,94,1,0,0,1
4,2022-07-05,2,4059,98,1,1,0,1
4,2022-07-06,3,4471,124,1,1,0,1
4,2022-07-07,4,4094,100,1,0,0,1
4,2022-07-08,5,4571,110,1,0,0,1
4,2022-07-09,6,6421,172,1,1,0,1
4,2022-07-10,7,0,0,0,1,0,1
4,2022-07-11,1,4499,98,1,1,0,1
4,2022-07-12,2,3930,101,1,1,0,1
4,2022-07-13,3,3329,82,1,0,0,1
4,2022-07-14,4,3633,82,1,0,0,1
4,2022-07-15,5,4388,114,1,0,0,1
4,2022-07-16,6,5583,153,1,0,0,1
4,2022-07-17,7,4503,122,1,0,0,1
4,2022-07-18,1,4196,108,1,1,0,1
4,2022-07-19,2,3926,122,1,0,0,1
4,2022-07-20,3,4357,118,1,1,0,1
4,2022-07-21,4,4130,115,1,0,0,1
4,2022-07-22,5,4602,120,1,1,0,1
4,2022-07-23,6,5539,167,1,0,0,1
4,2022-07-24,7,4797,129,1,0,0,1
4,2022-07-25,1,3814,97,1,0,0,1
4,2022-07-26,2,3799,97,1,0,0,1
4,2022-07-27,3,4399,105,1,1,0,1
4,2022-07-28,4,4445,126,1,1,0,1
4,2022-07-29,5,4781,126,1,0,0,1
4,2022-07-30,6,5546,154,1,0,0,1
4,2022-07-31,7,4453,124,1,0,0,1
4,2022-08-01,1,3465,76,1,0,0,0
4,2022-08-02,2,4242,115,1,1,0,0
4,2022-08-03,3,4154,107,1,1,0,0
4,2022-08-04,4,4269,110,1,0,0,0
4,2022-08-05,5,4943,135,1,1,0,0
4,2022-08-06,6,5611,147,1,0,0,0
4,2022-08-07,7,0,0,0,1,0,0
4,2022-08-08,1,3968,107,1,0,0,0
4,2022-08-09,2,4085,102,1,1,0,0
4,2022-08-10,3,4341,101,1,1,0,0
4,2022-08-11,4,4143,107,1,0,0,0
4,2022-08-12,5,4956,132,1,1,0,0
4,2022-08-13,6,5475,150,1,0,0,0
4,2022-08-14,7,4782,109,1,0,0,0
4,2022-08-15,1,3970,100,1,0,0,0
4,2022-08-16,2,4177,126,1,1,0,0
4,2022-08-17,3,4427,119,1,1,a,0
4,2022-08-18,4,4593,131,1,1,0,0
4,2022-08-19,5,4803,113,1,1,0,0
4,2022-08-20,6,5604,158,1,0,0,0
4,2022-08-21,7,0,0,0,1,0,0
4,2022-08-22,1,4074,106,1,0,0,0
4,2022-08-23,2,3728,90,1,0,0,0
4,2022-08-24,3,4041,108,1,0,0,0
4,2022-08-25,4,4232,120,1,1,0,0
4,2022-08-26,5,4762,111,1,1,0,0
4,2022-08-27,6,5381,133,1,0,0,0
4,2022-08-28,7,0,0,0,0,0,0
4,2022-08-29,1,4273,128,1,1,0,0
4,2022-08-30,2,3947,101,1,0,0,0
4,2022-08-31,3,4261,105,1,1,0,0
4,2022-09-01,4,4685,132,1,1,0,0
4,2022-09-02,5,4616,125,1,0,0,0
4,2022-09-03,6,6456,159,1,0,0,0
4,2022-09-04,7,5584,157,1,1,0,0
4,2022-09-05,1,4533,126,1,1,0,0
4,2022-09-06,2,3907,95,1,0,0,0
4,2022-09-07,3,4121,124,1,1,0,0
4,2022-09-08,4,4110,110,1,0,0,0
4,2022-09-09,5,4982,121,1,0,0,0
4,2022-09-10,6,6496,195,1,1,0,0
4,2022-09-11,7,4951,141,1,1,0,0
4,2022-09-12,1,3906,102,1,0,0,0
4,2022-09-13,2,3928,110,1,1,0,0
4,2022-09-14,3,3761,95,1,0,0,0
4,2022-09-15,4,4142,106,1,0,0,0
4,2022-09-16,5,4652,122,1,0,0,0
4,2022-09-17,6,6094,150,1,1,0,0
4,2022-09-18,7,4571,108,1,0,0,0
4,2022-09-19,1,3574,106,1,0,0,0
4,2022-09-20,2,3740,81,1,0,0,0
4,2022-09-21,3,3908,112,1,1,0,0
4,2022-09-22,4,4005,112,1,0,0,0
4,2022-09-23,5,4964,116,1,1,0,0
4,2022-09-24,6,5273,136,1,0,0,0
4,2022-09-25,7,0,0,0,0,0,0
4,2022-09-26,1,3844,107,1,0,0,0
4,2022-09-27,2,4107,100,1,1,0,0
4,2022-09-28,3,4305,112,1,1,0,0
4,2022-09-29,4,4131,112,1,0,0,0
4,2022-09-30,5,4126,99,1,0,0,0
4,2022-10-01,6,5996,140,1,0,0,0
4,2022-10-02,7,4644,122,1,0,0,0
4,2022-10-03,1,3747,88,1,0,0,0
4,2022-10-04,2,3425,81,1,0,0,0
4,2022-10-05,3,3897,104,1,0,0,0
4,2022-10-06,4,4185,104,1,0,0,0
4,2022-10-07,5,4543,114,1,0,0,0
4,2022-10-08,6,6436,190,1,1,0,0
4,2022-10-09,7,4648,130,1,0,0,0
4,2022-10-10,1,3858,110,1,0,0,0
4,2022-10-11,2,3932,97,1,1,0,0
4,2022-10-12,3,3956,104,1,0,0,0
4,2022-10-13,4,3987,112,1,0,0,0
4,2022-10-14,5,4265,114,1,0,0,0
4,2022-10-15,6,6031,168,1,0,0,0
4,2022-10-16,7,0,0,0,0,0,0
4,2022-10-17,1,3978,98,1,0,0,0
4,2022-10-18,2,4293,100,1,1,0,0
4,2022-10-19,3,3860,105,1,0,0,0
4,2022-10-20,4,4306,119,1,0,0,0
4,2022-10-21,5,4403,122,1,0,0,0
4,2022-10-22,6,5644,140,1,0,0,0
4,2022-10-23,7,4460,122,1,0,0,0
4,2022-10-24,1,4270,125,1,1,0,0
4,2022-10-25,2,3616,104,1,0,0,0
4,2022-10-26,3,3814,110,1,0,0,0
4,2022-10-27,4,4089,91,1,0,0,0
4,2022-10-28,5,4530,132,1,0,0,0
4,2022-10-29,6,6818,166,1,1,0,0
4,2022-10-30,7,4974,135,1,0,0,0
4,2022-10-31,1,3997,104,1,0,0,0
4,2022-11-01,2,3777,92,1,0,0,0
4,2022-11-02,3,4288,105,1,1,0,0
4,2022-11-03,4,4104,114,1,0,0,0
4,2022-11-04,5,4417,118,1,0,0,0
4,2022-11-05,6,6201,155,1,1,0,0
4,2022-11-06,7,0,0,0,1,0,0
4,2022-11-07,1,3726,86,1,0,0,0
4,2022-11-08,2,3656,85,1,0,0,0
4,2022-11-09,3,424,13,1,0,0,0
4,2022-11-10,4,3833,107,1,0,0,0
4,2022-11-11,5,4314,125,1,0,0,0
4,2022-11-12,6,6225,158,1,0,0,0
4,2022-11-13,7,4677,108,1,0,0,0
4,2022-11-14,1,4172,115,1,0,0,0
4,2022-11-15,2,3595,97,1,0,0,0
4,2022-11-16,3,4408,115,1,1,0,0
4,2022-11-17,4,4283,113,1,0,0,0
4,2022-11-18,5,4352,138,1,0,0,0
4,2022-11-19,6,6354,170,1,0,0,0
4,2022-11-20,7,5154,118,1,1,0,0
4,2022-11-21,1,4010,104,1,0,0,0
4,2022-11-22,2,3695,91,1,0,0,0
4,2022-11-23,3,4298,111,1,0,0,0
4,2022-11-24,4,4194,120,1,0,0,0
4,2022-11-25,5,5046,137,1,0,0,0
4,2022-11-26,6,6220,155,1,0,0,0
4,2022-11-27,7,4987,139,1,0,0,0
4,2022-11-28,1,4104,119,1,1,0,0
4,2022-11-29,2,3848,102,1,0,0,0
4,2022-11-30,3,3943,111,1,0,0,0
4,2022-12-01,4,4558,111,1,1,0,0
4,2022-12-02,5,4609,130,1,0,0,0
4,2022-12-03,6,5619,164,1,0,0,0
4,2022-12-04,7,0,0,0,0,0,0
4,2022-12-05,1,3906,111,1,0,0,0
4,2022-12-06,2,4009,111,1,1,0,0
4,2022-12-07,3,4592,106,1,1,0,0
4,2022-12-08,4,4192,104,1,0,0,0
4,2022-12-09,5,4769,134,1,0,0,0
4,2022-12-10,6,6641,166,1,1,0,0
4,2022-12-11,7,4831,123,1,1,0,0
4,2022-12-12,1,4144,113,1,1,0,0
4,2022-12-13,2,4163,116,1,0,0,0
4,2022-12-14,3,4179,108,1,0,0,0
4,2022-12-15,4,4198,101,1,1,0,0
4,2022-12-16,5,4699,127,1,0,0,0
4,2022-12-17,6,5659,135,1,0,0,0
4,2022-12-18,7,4308,123,1,0,0,0
4,2022-12-19,1,4265,115,1,0,0,0
4,2022-12-20,2,3866,110,1,0,0,0
4,2022-12-21,3,4071,106,1,0,0,0
4,2022-12-22,4,4289,113,1,1,0,0
4,2022-12-23,5,4334,106,1,0,0,0
4,2022-12-24,6,5988,121,1,1,0,0
4,2022-12-25,7,5162,125,1,0,a,0
4,2022-12-26,1,3621,86,1,0,0,0
4,2022-12-27,2,4587,113,1,1,0,0
4,2022-12-28,3,3836,101,1,0,0,0
4,2022-12-29,4,3912,105,1,0,0,0
4,2022-12-30,5,4595,120,1,0,0,0
4,2022-12-31,6,5722,134,1,0,0,0
4,2023-01-01,7,0,0,0,1,a,0
4,2023-01-02,1,4157,112,1,1,0,0
4,2023-01-03,2,3805,83,1,0,0,0
4,2023-01-04,3,3889,98,1,0,0,0
4,2023-01-05,4,4355,109,1,0,0,0
4,2023-01-06,5,5207,146,1,1,0,0
4,2023-01-07,6,6009,145,1,0,0,0
4,2023-01-08,7,0,0,0,0,0,0
4,2023-01-09,1,4011,112,1,0,0,0
4,2023-01-10,2,3907,103,1,0,0,0
4,2023-01-11,3,4025,102,1,0,0,0
4,2023-01-12,4,565,16,1,1,0,0
4,2023-01-13,5,4458,105,1,0,0,0
4,2023-01-14,6,5990,171,1,0,0,0
4,2023-01-15,7,5602,162,1,1,0,0
4,2023-01-16,1,4487,133,1,1,0,0
4,2023-01-17,2,3988,110,1,0,0,0
4,2023-01-18,3,3832,94,1,0,0,0
4,2023-01-19,4,4299,110,1,0,0,0
4,2023-01-20,5,4539,123,1,0,0,0
4,2023-01-21,6,6009,174,1,0,0,0
4,2023-01-22,7,4988,127,1,0,0,0
4,2023-01-23,1,3743,92,1,0,0,0
4,2023-01-24,2,4308,119,1,1,0,0
4,2023-01-25,3,4111,110,1,0,0,0
4,2023-01-26,4,4406,119,1,0,0,0
4,2023-01-27,5,4520,128,1,0,0,0
4,2023-01-28,6,6543,178,1,1,0,0
4,2023-01-29,7,0,0,0,1,0,0
4,2023-01-30,1,4265,122,1,1,0,0
4,2023-01-31,2,4167,111,1,1,0,0
4,2023-02-01,3,4349,119,1,1,0,0
4,2023-02-02,4,4177,121,1,0,0,0
4,2023-02-03,5,5054,130,1,0,0,0
4,2023-02-04,6,5949,157,1,0,0,0
4,2023-02-05,7,5489,159,1,1,0,0
4,2023-02-06,1,4392,114,1,1,0,0
4,2023-02-07,2,3839,107,1,0,0,0
4,2023-02-08,3,4072,100,1,0,0,0
4,2023-02-09,4,4373,121,1,0,0,0
4,2023-02-10,5,5107,148,1,1,0,0
4,2023-02-11,6,5939,155,1,0,0,0
4,2023-02-12,7,4822,137,1,0,0,0
4,2023-02-13,1,3795,105,1,0,0,0
4,2023-02-14,2,4109,98,1,0,0,0
4,2023-02-15,3,4392,117,1,1,0,0
4,2023-02-16,4,4528,124,1,0,0,0
4,2023-02-17,5,5193,149,1,1,0,0
4,2023-02-18,6,6419,171,1,0,0,0
4,2023-02-19,7,0,0,0,0,0,0
4,2023-02-20,1,3854,99,1,0,0,0
4,2023-02-21,2,4528,109,1,1,0,0
4,2023-02-22,3,3976,89,1,0,0,0
4,2023-02-23,4,4497,112,1,0,0,0
4,2023-02-24,5,4807,107,1,0,0,0
4,2023-02-25,6,7093,167,1,1,0,0
4,2023-02-26,7,4657,95,1,0,0,0
4,2023-02-27,1,4619,114,1,1,0,0
4,2023-02-28,2,3774,87,1,0,0,0
4,2023-03-01,3,3607,92,1,0,0,0
4,2023-03-02,4,4423,117,1,0,0,0
4,2023-03-03,5,4678,107,1,0,0,0
4,2023-03-04,6,6308,185,1,0,0,0
4,2023-03-05,7,4928,144,1,0,0,0
4,2023-03-06,1,4018,104,1,0,0,0
4,2023-03-07,2,4642,127,1,1,0,0
4,2023-03-08,3,4130,110,1,0,0,0
4,2023-03-09,4,4553,114,1,1,0,0
4,2023-03-10,5,4667,109,1,0,0,0
4,2023-03-11,6,6076,152,1,0,0,0
4,2023-03-12,7,4215,106,1,0,0,0
4,2023-03-13,1,4120,119,1,0,0,0
4,2023-03-14,2,4200,122,1,0,0,0
4,2023-03-15,3,4102,98,1,0,0,0
4,2023-03-16,4,4158,109,1,0,0,0
4,2023-03-17,5,4787,130,1,0,0,0
4,2023-03-18,6,7222,233,1,1,0,0
4,2023-03-19,7,5541,127,1,1,0,0
4,2023-03-20,1,4071,125,1,0,0,0
4,2023-03-21,2,3862,100,1,0,0,0
4,2023-03-22,3,3899,96,1,0,0,0
4,2023-03-23,4,4260,102,1,0,0,0
4,2023-03-24,5,4714,115,1,0,0,0
4,2023-03-25,6,5465,158,1,0,0,0
4,2023-03-26,7,0,0,0,0,0,0
4,2023-03-27,1,4269,113,1,0,0,0
4,2023-03-28,2,3895,104,1,0,0,0
4,2023-03-29,3,3982,107,1,1,0,0
4,2023-03-30,4,5064,113,1,1,0,0
4,2023-03-31,5,4502,107,1,0,0,0
4,2023-04-01,6,6509,196,1,1,0,0
4,2023-04-02,7,5721,164,1,1,0,0
4,2023-04-03,1,3892,106,1,0,0,0
4,2023-04-04,2,3564,86,1,0,0,0
4,2023-04-05,3,4179,114,1,0,0,0
4,2023-04-06,4,4883,130,1,1,0,0
4,2023-04-07,5,5070,133,1,1,0,0
4,2023-04-08,6,6033,172,1,0,0,0
4,2023-04-09,7,4655,118,1,0,0,0
4,2023-04-10,1,3847,102,1,0,0,0
4,2023-04-11,2,3896,98,1,0,0,0
4,2023-04-12,3,4275,117,1,0,0,0
4,2023-04-13,4,4727,114,1,1,0,0
4,2023-04-14,5,4969,128,1,0,0,0
4,2023-04-15,6,13034,359,1,1,0,0
4,2023-04-16,7,10247,258,1,1,0,0
4,2023-04-17,1,7392,193,1,1,0,0
4,2023-04-18,2,7038,213,1,0,0,0
4,2023-04-19,3,7793,228,1,0,0,0
4,2023-04-20,4,7665,214,1,0,0,0
4,2023-04-21,5,7835,210,1,0,0,0
4,2023-04-22,6,0,0,0,0,b,0
4,2023-04-23,7,0,0,0,0,b,0
4,2023-04-24,1,4006,97,1,0,0,0
4,2023-04-25,2,3837,94,1,0,0,0
4,2023-04-26,3,4080,111,1,0,0,0
4,2023-04-27,4,4545,118,1,0,0,0
4,2023-04-28,5,4871,125,1,1,0,0
4,2023-04-29,6,6470,168,1,1,0,0
4,2023-04-30,7,4689,108,1,0,0,0
4,2023-05-01,1,4287,107,1,0,0,0
4,2023-05-02,2,4205,107,1,0,0,0
4,2023-05-03,3,4237,95,1,0,0,0
4,2023-05-04,4,4365,119,1,0,0,0
4,2023-05-05,5,4914,133,1,1,0,0
4,2023-05-06,6,6172,179,1,0,0,0
4,2023-05-07,7,4701,123,1,0,0,0
4,2023-05-08,1,4085,103,1,0,0,0
4,2023-05-09,2,3918,97,1,0,0,0
4,2023-05-10,3,4045,113,1,0,0,0
4,2023-05-11,4,4312,120,1,0,0,0
4,2023-05-12,5,4921,133,1,0,0,0
4,2023-05-13,6,6665,171,1,0,0,0
4,2023-05-14,7,5127,153,1,0,0,0
4,2023-05-15,1,4548,118,1,0,0,0
4,2023-05-16,2,4033,102,1,0,0,0
4,2023-05-17,3,5003,138,1,1,0,0
4,2023-05-18,4,4407,111,1,0,0,0
4,2023-05-19,5,4825,113,1,0,0,0
4,2023-05-20,6,6081,188,1,0,0,0
4,2023-05-21,7,5072,142,1,0,0,0
4,2023-05-22,1,4178,111,1,0,0,0
4,2023-05-23,2,3717,99,1,0,0,0
4,2023-05-24,3,4762,114,1,1,0,0
4,2023-05-25,4,4000,106,1,0,0,0
4,2023-05-26,5,4944,127,1,0,0,0
4,2023-05-27,6,6326,159,1,0,0,0
4,2023-05-28,7,5898,141,1,1,0,0
4,2023-05-29,1,3920,94,1,0,0,0
4,2023-05-30,2,3809,100,1,0,0,0
4,2023-05-31,3,4422,116,1,0,0,0
4,2023-06-01,4,4095,109,1,0,0,1
4,2023-06-02,5,4504,113,1,0,0,1
4,2023-06-03,6,6217,154,1,0,0,1
4,2023-06-04,7,5003,140,1,0,0,1
4,2023-06-05,1,4136,111,1,0,0,1
4,2023-06-06,2,4122,114,1,0,0,1
4,2023-06-07,3,4311,126,1,0,0,1
4,2023-06-08,4,4750,124,1,1,0,1
4,2023-06-09,5,4804,115,1,0,0,1
4,2023-06-10,6,6142,150,1,0,0,1
4,2023-06-11,7,5032,124,1,0,0,1
4,2023-06-12,1,3826,96,1,0,0,1
4,2023-06-13,2,4590,118,1,1,0,1
4,2023-06-14,3,4425,125,1,0,0,1
4,2023-06-15,4,4481,109,1,0,0,1
4,2023-06-16,5,4935,127,1,0,0,1
4,2023-06-17,6,5868,159,1,0,0,1
4,2023-06-18,7,4675,126,1,0,0,1
4,2023-06-19,1,4289,112,1,0,0,1
4,2023-06-20,2,4033,113,1,0,0,1
4,2023-06-21,3,4672,127,1,1,0,1
4,2023-06-22,4,4396,142,1,0,0,1
4,2023-06-23,5,5357,123,1,1,0,1
4,2023-06-24,6,7022,188,1,1,0,1
4,2023-06-25,7,5517,127,1,1,0,1
4,2023-06-26,1,3732,102,1,0,0,1
4,2023-06-27,2,4173,121,1,0,0,1
4,2023-06-28,3,4774,129,1,1,0,1
4,2023-06-29,4,4075,125,1,0,0,1
4,2023-06-30,5,4536,109,1,0,0,1
4,2023-07-01,6,7114,192,1,1,0,1
4,2023-07-02,7,5864,155,1,1,0,1
4,2023-07-03,1,3581,98,1,0,0,1
4,2023-07-04,2,4130,111,1,0,0,1
4,2023-07-05,3,4179,117,1,0,0,1
4,2023-07-06,4,4818,114,1,1,0,1
4,2023-07-07,5,5342,153,1,1,0,1
4,2023-07-08,6,5968,151,1,0,0,1
4,2023-07-09,7,0,0,0,0,0,1
4,2023-07-10,1,4396,124,1,1,0,1
4,2023-07-11,2,4198,102,1,0,0,1
4,2023-07-12,3,4437,113,1,0,0,1
4,2023-07-13,4,4599,112,1,1,0,1
4,2023-07-14,5,4628,117,1,0,0,1
4,2023-07-15,6,6250,175,1,0,0,1
4,2023-07-16,7,0,0,0,0,0,1
4,2023-07-17,1,4022,113,1,0,0,1
4,2023-07-18,2,4370,113,1,1,0,1
4,2023-07-19,3,4307,97,1,0,0,1
4,2023-07-20,4,4975,131,1,1,0,1
4,2023-07-21,5,4968,145,1,0,0,1
4,2023-07-22,6,6235,178,1,0,0,1
4,2023-07-23,7,4996,123,1,0,0,1
4,2023-07-24,1,4221,125,1,0,0,1
4,2023-07-25,2,3411,83,1,0,0,1
4,2023-07-26,3,4643,123,1,0,0,1
4,2023-07-27,4,4345,107,1,0,0,1
4,2023-07-28,5,4893,153,1,0,0,1
4,2023-07-29,6,7579,199,1,1,0,1
4,2023-07-30,7,4894,115,1,0,0,1
4,2023-07-31,1,5108,148,1,1,0,1
4,2023-08-01,2,4218,100,1,0,0,0
4,2023-08-02,3,4348,111,1,0,0,0
4,2023-08-03,4,4535,132,1,0,0,0
4,2023-08-04,5,4652,119,1,0,0,0
4,2023-08-05,6,5731,155,1,0,0,0
4,2023-08-06,7,5269,128,1,1,0,0
4,2023-08-07,1,4832,147,1,1,0,0
4,2023-08-08,2,3884,92,1,0,0,0
4,2023-08-09,3,3908,98,1,0,0,0
4,2023-08-10,4,823,21,1,1,0,0
4,2023-08-11,5,5005,115,1,0,0,0
4,2023-08-12,6,6895,184,1,1,0,0
4,2023-08-13,7,5779,167,1,1,0,0
4,2023-08-14,1,4855,145,1,1,0,0
4,2023-08-15,2,4198,116,1,0,0,0
4,2023-08-16,3,4235,104,1,0,0,0
4,2023-08-17,4,4288,99,1,0,a,0
4,2023-08-18,5,5061,165,1,0,0,0
4,2023-08-19,6,6988,201,1,1,0,0
4,2023-08-20,7,0,0,0,0,0,0
4,2023-08-21,1,4452,120,1,0,0,0
4,2023-08-22,2,4556,131,1,1,0,0
4,2023-08-23,3,4856,126,1,1,0,0
4,2023-08-24,4,4761,113,1,1,0,0
4,2023-08-25,5,5673,134,1,1,0,0
4,2023-08-26,6,5779,151,1,0,0,0
4,2023-08-27,7,5544,148,1,0,0,0
4,2023-08-28,1,4159,111,1,1,0,0
4,2023-08-29,2,3813,89,1,0,0,0
4,2023-08-30,3,4336,116,1,0,0,0
4,2023-08-31,4,4305,87,1,0,0,0
4,2023-09-01,5,4809,129,1,0,0,0
4,2023-09-02,6,6732,165,1,1,0,0
4,2023-09-03,7,0,0,0,0,0,0
4,2023-09-04,1,4260,125,1,0,0,0
4,2023-09-05,2,4091,109,1,0,0,0
4,2023-09-06,3,4478,116,1,0,0,0
4,2023-09-07,4,4447,118,1,0,0,0
4,2023-09-08,5,4795,139,1,0,0,0
4,2023-09-09,6,7196,205,1,1,0,0
4,2023-09-10,7,0,0,0,0,0,0
4,2023-09-11,1,3658,89,1,0,0,0
4,2023-09-12,2,3782,97,1,0,0,0
4,2023-09-13,3,4222,120,1,0,0,0
4,2023-09-14,4,4524,130,1,0,0,0
4,2023-09-15,5,4675,126,1,1,0,0
4,2023-09-16,6,6304,179,1,0,0,0
4,2023-09-17,7,5555,145,1,1,0,0
4,2023-09-18,1,4236,107,1,0,0,0
4,2023-09-19,2,3722,100,1,0,0,0
4,2023-09-20,3,4865,119,1,0,0,0
4,2023-09-21,4,4897,132,1,1,0,0
4,2023-09-22,5,4614,119,1,0,0,0
4,2023-09-23,6,6359,146,1,0,0,0
4,2023-09-24,7,0,0,0,0,0,0
4,2023-09-25,1,3943,105,1,0,0,0
4,2023-09-26,2,3813,99,1,0,0,0
4,2023-09-27,3,4284,118,1,0,0,0
4,2023-09-28,4,4444,124,1,0,0,0
4,2023-09-29,5,5096,144,1,0,0,0
4,2023-09-30,6,6796,168,1,0,0,0
4,2023-10-01,7,5895,142,1,1,0,0
4,2023-10-02,1,4321,106,1,1,0,0
4,2023-10-03,2,4298,137,1,1,0,0
4,2023-10-04,3,4145,101,1,0,0,0
4,2023-10-05,4,4632,132,1,0,0,0
4,2023-10-06,5,5079,122,1,0,0,0
4,2023-10-07,6,6739,161,1,0,0,0
4,2023-10-08,7,5311,122,1,0,0,0
4,2023-10-09,1,4095,95,1,0,0,0
4,2023-10-10,2,4094,105,1,0,0,0
4,2023-10-11,3,4008,107,1,0,0,0
4,2023-10-12,4,5067,138,1,1,0,0
4,2023-10-13,5,4783,130,1,0,0,0
4,2023-10-14,6,6738,186,1,0,0,0
4,2023-10-15,7,5330,136,1,0,0,0
4,2023-10-16,1,4645,101,1,0,0,0
4,2023-10-17,2,4229,110,1,0,0,0
4,2023-10-18,3,4860,121,1,1,0,0
4,2023-10-19,4,4876,135,1,1,0,0
4,2023-10-20,5,4850,135,1,0,0,0
4,2023-10-21,6,6905,172,1,1,0,0
4,2023-10-22,7,5986,169,1,1,0,0
4,2023-10-23,1,4351,114,1,1,0,0
4,2023-10-24,2,4578,112,1,1,0,0
4,2023-10-25,3,3977,124,1,0,0,0
4,2023-10-26,4,4564,117,1,0,0,0
4,2023-10-27,5,4840,135,1,0,0,0
4,2023-10-28,6,6531,190,1,0,0,0
4,2023-10-29,7,5499,151,1,1,0,0
4,2023-10-30,1,4194,106,1,0,0,0
4,2023-10-31,2,4715,121,1,1,0,0
4,2023-11-01,3,4810,105,1,1,0,0
4,2023-11-02,4,5317,130,1,1,0,0
4,2023-11-03,5,5326,149,1,1,0,0
4,2023-11-04,6,6199,161,1,0,0,0
4,2023-11-05,7,5522,151,1,0,0,0
4,2023-11-06,1,4177,99,1,0,0,0
4,2023-11-07,2,4076,105,1,0,0,0
4,2023-11-08,3,4436,121,1,0,0,0
4,2023-11-09,4,4458,117,1,0,0,0
4,2023-11-10,5,5381,162,1,1,0,0
4,2023-11-11,6,6169,155,1,0,0,0
4,2023-11-12,7,0,0,0,0,0,0
4,2023-11-13,1,4230,113,1,0,0,0
4,2023-11-14,2,4052,99,1,0,0,0
4,2023-11-15,3,4295,101,1,0,0,0
4,2023-11-16,4,5041,136,1,1,0,0
4,2023-11-17,5,5341,150,1,0,0,0
4,2023-11-18,6,6982,192,1,1,0,0
4,2023-11-19,7,0,0,0,0,0,0
4,2023-11-20,1,5147,130,1,1,0,0
4,2023-11-21,2,4204,103,1,0,0,0
4,2023-11-22,3,4343,112,1,0,0,0
4,2023-11-23,4,4526,132,1,0,0,0
4,2023-11-24,5,5143,143,1,1,0,0
4,2023-11-25,6,6397,151,1,0,0,0
4,2023-11-26,7,0,0,0,0,0,0
4,2023-11-27,1,4991,158,1,1,0,0
4,2023-11-28,2,4518,130,1,1,0,0
4,2023-11-29,3,4414,110,1,0,0,0
4,2023-11-30,4,5276,151,1,1,0,0
4,2023-12-01,5,5003,134,1,0,0,0
4,2023-12-02,6,6653,166,1,0,0,0
4,2023-12-03,7,5345,145,1,0,0,0
4,2023-12-04,1,4555,133,1,1,0,0
4,2023-12-05,2,4397,109,1,1,0,0
4,2023-12-06,3,4612,125,1,0,0,0
4,2023-12-07,4,3919,96,1,0,0,0
4,2023-12-08,5,4834,116,1,0,0,0
4,2023-12-09,6,6582,163,1,1,0,0
4,2023-12-10,7,6072,149,1,1,0,0
4,2023-12-11,1,4583,122,1,0,0,0
4,2023-12-12,2,4448,110,1,1,0,0
4,2023-12-13,3,5493,164,1,1,0,0
4,2023-12-14,4,4844,119,1,0,0,0
4,2023-12-15,5,5059,135,1,0,0,0
4,2023-12-16,6,6926,203,1,0,0,0
4,2023-12-17,7,5082,130,1,0,0,0
4,2023-12-18,1,4238,114,1,0,0,0
4,2023-12-19,2,4300,130,1,0,0,0
4,2023-12-20,3,4667,126,1,1,0,0
4,2023-12-21,4,4247,100,1,0,0,0
4,2023-12-22,5,4782,132,1,0,0,0
4,2023-12-23,6,6389,193,1,0,0,0
4,2023-12-24,7,5383,134,1,0,0,0
4,2023-12-25,1,4231,123,1,0,a,0
4,2023-12-26,2,3864,107,1,0,0,0
4,2023-12-27,3,4505,117,1,0,0,0
4,2023-12-28,4,4836,131,1,0,0,0
4,2023-12-29,5,4860,112,1,0,0,0
4,2023-12-30,6,7001,172,1,0,0,0
4,2023-12-31,7,0,0,0,1,0,0
4,2024-01-01,1,4084,108,1,0,a,0
4,2024-01-02,2,4079,109,1,0,0,0
4,2024-01-03,3,4774,132,1,1,0,0
4,2024-01-04,4,4511,128,1,0,0,0
4,2024-01-05,5,4420,112,1,0,0,0
4,2024-01-06,6,6853,165,1,1,0,0
4,2024-01-07,7,5130,137,1,0,0,0
4,2024-01-08,1,4726,115,1,0,0,0
4,2024-01-09,2,4698,119,1,1,0,0
4,2024-01-10,3,4663,137,1,1,0,0
4,2024-01-11,4,4907,116,1,1,0,0
4,2024-01-12,5,5149,137,1,0,0,0
4,2024-01-13,6,6361,176,1,0,0,0
4,2024-01-14,7,5130,124,1,0,0,0
4,2024-01-15,1,4205,115,1,0,0,0
4,2024-01-16,2,4331,129,1,0,0,0
4,2024-01-17,3,4117,106,1,0,0,0
4,2024-01-18,4,4752,133,1,1,0,0
4,2024-01-19,5,4816,136,1,0,0,0
4,2024-01-20,6,6136,174,1,0,0,0
4,2024-01-21,7,5075,147,1,0,0,0
4,2024-01-22,1,4526,118,1,0,0,0
4,2024-01-23,2,4456,139,1,0,0,0
4,2024-01-24,3,4490,123,1,0,0,0
4,2024-01-25,4,4624,122,1,0,0,0
4,2024-01-26,5,4889,127,1,0,0,0
4,2024-01-27,6,6411,178,1,1,0,0
4,2024-01-28,7,0,0,0,1,0,0
4,2024-01-29,1,4403,113,1,0,0,0
4,2024-01-30,2,4100,105,1,0,0,0
4,2024-01-31,3,4618,101,1,1,0,0
4,2024-02-01,4,4720,122,1,1,0,0
4,2024-02-02,5,5109,145,1,0,0,0
4,2024-02-03,6,7196,202,1,1,0,0
4,2024-02-04,7,0,0,0,0,0,0
4,2024-02-05,1,4587,127,1,1,0,0
4,2024-02-06,2,4607,110,1,1,0,0
4,2024-02-07,3,4448,116,1,0,0,0
4,2024-02-08,4,4910,124,1,1,0,0
4,2024-02-09,5,5287,130,1,0,0,0
4,2024-02-10,6,7622,233,1,1,0,0
4,2024-02-11,7,0,0,0,0,0,0
4,2024-02-12,1,4678,118,1,1,0,0
4,2024-02-13,2,4538,120,1,0,0,0
4,2024-02-14,3,4523,93,1,0,0,0
4,2024-02-15,4,4624,133,1,0,0,0
4,2024-02-16,5,5686,152,1,1,0,0
4,2024-02-17,6,7425,198,1,1,0,0
4,2024-02-18,7,5973,173,1,1,0,0
4,2024-02-19,1,4846,137,1,1,0,0
4,2024-02-20,2,4265,125,1,0,0,0
4,2024-02-21,3,4758,108,1,0,0,0
4,2024-02-22,4,4543,124,1,0,0,0
4,2024-02-23,5,5091,134,1,0,0,0
4,2024-02-24,6,7054,172,1,0,0,0
4,2024-02-25,7,5422,154,1,0,0,0
4,2024-02-26,1,4351,115,1,0,0,0
4,2024-02-27,2,4405,125,1,0,0,0
4,2024-02-28,3,4516,122,1,0,0,0
4,2024-02-29,4,4441,114,1,0,0,0
4,2024-03-01,5,5677,140,1,1,0,0
4,2024-03-02,6,6920,183,1,1,0,0
4,2024-03-03,7,6415,165,1,1,0,0
4,2024-03-04,1,4425,94,1,0,0,0
4,2024-03-05,2,4076,99,1,0,0,0
4,2024-03-06,3,4823,116,1,1,0,0
4,2024-03-07,4,4794,130,1,0,0,0
4,2024-03-08,5,4828,120,1,0,0,0
4,2024-03-09,6,7460,195,1,0,0,0
4,2024-03-10,7,4962,129,1,0,0,0
4,2024-03-11,1,4582,118,1,0,0,0
4,2024-03-12,2,4179,97,1,0,0,0
4,2024-03-13,3,4298,107,1,0,0,0
4,2024-03-14,4,4751,135,1,0,0,0
4,2024-03-15,5,4998,144,1,0,0,0
4,2024-03-16,6,7810,200,1,1,0,0
4,2024-03-17,7,4985,120,1,0,0,0
4,2024-03-18,1,4510,110,1,0,0,0
4,2024-03-19,2,4654,126,1,1,0,0
4,2024-03-20,3,4553,128,1,0,0,0
4,2024-03-21,4,4753,117,1,0,0,0
4,2024-03-22,5,4679,134,1,0,0,0
4,2024-03-23,6,6664,171,1,0,0,0
4,2024-03-24,7,5661,142,1,0,0,0
4,2024-03-25,1,4946,115,1,1,0,0
4,2024-03-26,2,4218,108,1,0,0,0
4,2024-03-27,3,4176,108,1,0,0,0
4,2024-03-28,4,4759,121,1,0,0,0
4,2024-03-29,5,5612,165,1,0,0,0
4,2024-03-30,6,6816,179,1,0,0,0
4,2024-03-31,7,5688,143,1,0,0,0
4,2024-04-01,1,4606,126,1,0,0,0
4,2024-04-02,2,4219,121,1,0,0,0
4,2024-04-03,3,8137,213,1,0,0,0
4,2024-04-04,4,8730,229,1,0,0,0
4,2024-04-05,5,9371,234,1,1,0,0
4,2024-04-06,6,12282,357,1,0,0,0
4,2024-04-07,7,10304,271,1,0,0,0
4,2024-04-08,1,7913,192,1,0,0,0
4,2024-04-09,2,8882,234,1,1,0,0
4,2024-04-10,3,0,0,0,0,b,0
4,2024-04-11,4,0,0,0,0,b,0
4,2024-04-12,5,5584,126,1,1,0,0
4,2024-04-13,6,7448,192,1,1,0,0
4,2024-04-14,7,0,0,0,0,0,0
4,2024-04-15,1,4044,89,1,0,0,0
4,2024-04-16,2,4578,125,1,1,0,0
4,2024-04-17,3,5448,142,1,1,0,0
4,2024-04-18,4,5274,131,1,1,0,0
4,2024-04-19,5,4614,118,1,0,0,0
4,2024-04-20,6,7029,196,1,0,0,0
4,2024-04-21,7,5091,100,1,0,0,0
4,2024-04-22,1,5081,148,1,1,0,0
4,2024-04-23,2,4603,117,1,0,0,0
4,2024-04-24,3,4544,101,1,0,0,0
4,2024-04-25,4,4881,128,1,1,0,0
4,2024-04-26,5,4978,141,1,0,0,0
4,2024-04-27,6,7533,198,1,1,0,0
4,2024-04-28,7,5104,138,1,0,0,0
4,2024-04-29,1,4299,121,1,0,0,0
4,2024-04-30,2,4442,127,1,0,0,0
4,2024-05-01,3,4819,144,1,1,0,0
4,2024-05-02,4,5009,138,1,0,0,0
4,2024-05-03,5,4902,115,1,0,0,0
4,2024-05-04,6,6112,178,1,1,0,0
4,2024-05-05,7,0,0,0,0,0,0
4,2024-05-06,1,4504,112,1,0,0,0
4,2024-05-07,2,4525,118,1,0,0,0
4,2024-05-08,3,4443,111,1,0,0,0
4,2024-05-09,4,4620,128,1,0,0,0
4,2024-05-10,5,5171,120,1,0,0,0
4,2024-05-11,6,7240,173,1,0,0,0
4,2024-05-12,7,5531,143,1,0,0,0
4,2024-05-13,1,4332,119,1,0,0,0
4,2024-05-14,2,4790,125,1,0,0,0
4,2024-05-15,3,4545,119,1,0,0,0
4,2024-05-16,4,4205,116,1,0,0,0
4,2024-05-17,5,4827,138,1,0,0,0
4,2024-05-18,6,6856,183,1,0,0,0
4,2024-05-19,7,4953,146,1,0,0,0
4,2024-05-20,1,5016,109,1,1,0,0
4,2024-05-21,2,4181,106,1,0,0,0
4,2024-05-22,3,5299,114,1,1,0,0
4,2024-05-23,4,5212,140,1,1,0,0
4,2024-05-24,5,4770,130,1,0,0,0
4,2024-05-25,6,6986,172,1,0,0,0
4,2024-05-26,7,5816,146,1,0,0,0
4,2024-05-27,1,4588,105,1,1,0,0
4,2024-05-28,2,4183,117,1,0,0,0
4,2024-05-29,3,4671,108,1,0,0,0
4,2024-05-30,4,4867,145,1,0,0,0
4,2024-05-31,5,6397,159,1,1,0,0
4,2024-06-01,6,7688,203,1,1,0,1
4,2024-06-02,7,6108,177,1,0,0,1
4,2024-06-03,1,4467,117,1,0,0,1
4,2024-06-04,2,4448,116,1,0,0,1
4,2024-06-05,3,4434,125,1,0,0,1
4,2024-06-06,4,5049,122,1,1,0,1
4,2024-06-07,5,5249,133,1,0,0,1
4,2024-06-08,6,6506,177,1,0,0,1
4,2024-06-09,7,0,0,0,0,0,1
4,2024-06-10,1,4753,110,1,1,0,1
4,2024-06-11,2,5067,122,1,1,0,1
4,2024-06-12,3,4587,139,1,0,0,1
4,2024-06-13,4,5213,137,1,1,0,1
4,2024-06-14,5,5020,134,1,0,0,1
4,2024-06-15,6,6823,187,1,0,0,1
4,2024-06-16,7,5924,174,1,0,0,1
4,2024-06-17,1,4790,114,1,0,0,1
4,2024-06-18,2,4458,116,1,0,0,1
4,2024-06-19,3,4821,123,1,1,0,1
4,2024-06-20,4,5146,140,1,0,0,1
4,2024-06-21,5,5504,132,1,0,0,1
4,2024-06-22,6,6224,174,1,0,0,1
4,2024-06-23,7,0,0,0,0,0,1
4,2024-06-24,1,4580,121,1,1,0,1
4,2024-06-25,2,4276,118,1,0,0,1
4,2024-06-26,3,4792,118,1,0,0,1
4,2024-06-27,4,5438,158,1,1,0,1
4,2024-06-28,5,5324,164,1,0,0,1
4,2024-06-29,6,6685,191,1,0,0,1
4,2024-06-30,7,0,0,0,0,0,1
5,2022-01-01,6,6198,138,1,0,a,0
5,2022-01-02,7,0,0,0,1,0,0
5,2022-01-03,1,5028,107,1,1,0,0
5,2022-01-04,2,4483,105,1,0,0,0
5,2022-01-05,3,5466,133,1,1,0,0
5,2022-01-06,4,4134,83,1,0,0,0
5,2022-01-07,5,4542,95,1,0,0,0
5,2022-01-08,6,5678,128,1,0,0,0
5,2022-01-09,7,0,0,0,0,0,0
5,2022-01-10,1,3825,86,1,0,0,0
5,2022-01-11,2,3808,75,1,0,0,0
5,2022-01-12,3,5569,117,1,1,0,0
5,2022-01-13,4,4563,94,1,0,0,0
5,2022-01-14,5,5189,117,1,0,0,0
5,2022-01-15,6,5754,126,1,0,0,0
5,2022-01-16,7,4808,96,1,0,0,0
5,2022-01-17,1,4013,89,1,0,0,0
5,2022-01-18,2,4384,98,1,0,0,0
5,2022-01-19,3,5313,116,1,1,0,0
5,2022-01-20,4,4775,117,1,0,0,0
5,2022-01-21,5,4990,111,1,0,0,0
5,2022-01-22,6,6188,150,1,0,0,0
5,2022-01-23,7,0,0,0,0,0,0
5,2022-01-24,1,3792,82,1,0,0,0
5,2022-01-25,2,4553,100,1,1,0,0
5,2022-01-26,3,4300,97,1,0,0,0
5,2022-01-27,4,4388,112,1,0,0,0
5,2022-01-28,5,5316,109,1,0,0,0
5,2022-01-29,6,5805,115,1,0,0,0
5,2022-01-30,7,0,0,0,0,0,0
5,2022-01-31,1,5379,127,1,1,0,0
5,2022-02-01,2,4137,85,1,0,0,0
5,2022-02-02,3,5609,116,1,1,0,0
5,2022-02-03,4,4254,89,1,0,0,0
5,2022-02-04,5,6324,151,1,1,0,0
5,2022-02-05,6,6422,165,1,0,0,0
5,2022-02-06,7,0,0,0,0,0,0
5,2022-02-07,1,4060,91,1,0,0,0
5,2022-02-08,2,4792,90,1,1,0,0
5,2022-02-09,3,4128,84,1,0,0,0
5,2022-02-10,4,4168,91,1,0,0,0
5,2022-02-11,5,4729,106,1,0,0,0
5,2022-02-12,6,7692,181,1,1,0,0
5,2022-02-13,7,0,0,0,0,0,0
5,2022-02-14,1,5220,127,1,1,0,0
5,2022-02-15,2,3842,75,1,0,0,0
5,2022-02-16,3,4254,83,1,0,0,0
5,2022-02-17,4,4301,97,1,0,0,0
5,2022-02-18,5,6057,132,1,1,0,0
5,2022-02-19,6,6394,130,1,0,0,0
5,2022-02-20,7,0,0,0,1,0,0
5,2022-02-21,1,4020,94,1,0,0,0
5,2022-02-22,2,3957,89,1,0,0,0
5,2022-02-23,3,4497,108,1,0,0,0
5,2022-02-24,4,4700,106,1,0,0,0
5,2022-02-25,5,5949,118,1,1,0,0
5,2022-02-26,6,7792,163,1,1,0,0
5,2022-02-27,7,5855,124,1,1,0,0
5,2022-02-28,1,5190,118,1,1,0,0
5,2022-03-01,2,3801,77,1,0,0,0
5,2022-03-02,3,4181,99,1,0,0,0
5,2022-03-03,4,5831,110,1,1,0,0
5,2022-03-04,5,4526,85,1,0,0,0
5,2022-03-05,6,7513,167,1,1,0,0
5,2022-03-06,7,0,0,0,1,0,0
5,2022-03-07,1,3848,83,1,0,0,0
5,2022-03-08,2,5354,130,1,1,0,0
5,2022-03-09,3,4353,86,1,0,0,0
5,2022-03-10,4,4836,117,1,0,0,0
5,2022-03-11,5,4659,106,1,0,0,0
5,2022-03-12,6,5747,122,1,0,0,0
5,2022-03-13,7,5381,115,1,0,0,0
5,2022-03-14,1,4130,96,1,0,0,0
5,2022-03-15,2,5022,116,1,1,0,0
5,2022-03-16,3,5775,121,1,1,0,0
5,2022-03-17,4,4481,103,1,0,0,0
5,2022-03-18,5,5135,112,1,0,0,0
5,2022-03-19,6,7651,182,1,1,0,0
5,2022-03-20,7,4963,102,1,0,0,0
5,2022-03-21,1,4137,89,1,0,0,0
5,2022-03-22,2,4260,78,1,0,0,0
5,2022-03-23,3,4321,101,1,0,0,0
5,2022-03-24,4,4556,105,1,0,0,0
5,2022-03-25,5,5351,111,1,1,0,0
5,2022-03-26,6,5734,140,1,0,0,0
5,2022-03-27,7,0,0,0,0,0,0
5,2022-03-28,1,4142,96,1,0,0,0
5,2022-03-29,2,3841,94,1,0,0,0
5,2022-03-30,3,4683,104,1,0,0,0
5,2022-03-31,4,5569,122,1,1,0,0
5,2022-04-01,5,6231,143,1,1,0,0
5,2022-04-02,6,5996,138,1,0,0,0
5,2022-04-03,7,0,0,0,1,0,0
5,2022-04-04,1,5698,117,1,1,0,0
5,2022-04-05,2,5632,119,1,1,0,0
5,2022-04-06,3,4416,104,1,0,0,0
5,2022-04-07,4,4015,93,1,0,0,0
5,2022-04-08,5,4835,109,1,0,0,0
5,2022-04-09,6,6453,136,1,0,0,0
5,2022-04-10,7,5119,95,1,0,0,0
5,2022-04-11,1,3789,78,1,0,0,0
5,2022-04-12,2,5660,124,1,1,0,0
5,2022-04-13,3,5192,125,1,1,0,0
5,2022-04-14,4,5221,106,1,1,0,0
5,2022-04-15,5,4942,109,1,0,0,0
5,2022-04-16,6,6742,143,1,0,0,0
5,2022-04-17,7,0,0,0,0,0,0
5,2022-04-18,1,3967,95,1,0,0,0
5,2022-04-19,2,3845,86,1,0,0,0
5,2022-04-20,3,3867,92,1,0,0,0
5,2022-04-21,4,4420,103,1,0,0,0
5,2022-04-22,5,6052,127,1,1,0,0
5,2022-04-23,6,6541,161,1,0,0,0
5,2022-04-24,7,6274,140,1,1,0,0
5,2022-04-25,1,8029,166,1,0,0,0
5,2022-04-26,2,7734,164,1,0,0,0
5,2022-04-27,3,7546,168,1,0,0,0
5,2022-04-28,4,8247,210,1,0,0,0
5,2022-04-29,5,9537,200,1,0,0,0
5,2022-04-30,6,10948,239,1,0,0,0
5,2022-05-01,7,0,0,0,0,0,0
5,2022-05-02,1,0,0,0,0,b,0
5,2022-05-03,2,0,0,0,0,b,0
5,2022-05-04,3,5667,135,1,1,0,0
5,2022-05-05,4,4700,99,1,0,0,0
5,2022-05-06,5,6348,153,1,1,0,0
5,2022-05-07,6,6516,126,1,0,0,0
5,2022-05-08,7,6338,147,1,1,0,0
5,2022-05-09,1,5425,107,1,1,0,0
5,2022-05-10,2,3907,89,1,0,0,0
5,2022-05-11,3,4908,108,1,0,0,0
5,2022-05-12,4,6019,149,1,1,0,0
5,2022-05-13,5,5225,118,1,0,0,0
5,2022-05-14,6,6544,154,1,0,0,0
5,2022-05-15,7,5334,121,1,0,0,0
5,2022-05-16,1,4895,111,1,1,0,0
5,2022-05-17,2,4900,125,1,1,0,0
5,2022-05-18,3,4127,93,1,0,0,0
5,2022-05-19,4,4532,98,1,0,0,0
5,2022-05-20,5,4925,110,1,0,0,0
5,2022-05-21,6,6685,128,1,0,0,0
5,2022-05-22,7,0,0,0,1,0,0
5,2022-05-23,1,4505,90,1,0,0,0
5,2022-05-24,2,4019,85,1,0,0,0
5,2022-05-25,3,4291,85,1,0,0,0
5,2022-05-26,4,5912,147,1,1,0,0
5,2022-05-27,5,5131,128,1,0,0,0
5,2022-05-28,6,6034,131,1,0,0,0
5,2022-05-29,7,0,0,0,0,0,0
5,2022-05-30,1,4312,92,1,0,0,0
5,2022-05-31,2,3749,90,1,0,0,0
5,2022-06-01,3,4206,85,1,0,0,1
5,2022-06-02,4,4443,101,1,0,0,1
5,2022-06-03,5,5901,123,1,1,0,1
5,2022-06-04,6,8602,204,1,1,0,1
5,2022-06-05,7,0,0,0,1,0,1
5,2022-06-06,1,4400,109,1,0,0,1
5,2022-06-07,2,5313,106,1,1,0,1
5,2022-06-08,3,4554,97,1,0,0,1
5,2022-06-09,4,4924,117,1,0,0,1
5,2022-06-10,5,5193,112,1,0,0,1
5,2022-06-11,6,7023,163,1,0,0,1
5,2022-06-12,7,0,0,0,0,0,1
5,2022-06-13,1,4338,87,1,0,0,1
5,2022-06-14,2,4282,85,1,0,0,1
5,2022-06-15,3,3829,85,1,0,0,1
5,2022-06-16,4,4449,97,1,0,0,1
5,2022-06-17,5,4997,122,1,0,0,1
5,2022-06-18,6,6614,142,1,0,0,1
5,2022-06-19,7,6585,133,1,1,0,1
5,2022-06-20,1,5486,129,1,1,0,1
5,2022-06-21,2,3943,85,1,0,0,1
5,2022-06-22,3,4066,79,1,0,0,1
5,2022-06-23,4,4291,98,1,0,0,1
5,2022-06-24,5,6798,142,1,1,0,1
5,2022-06-25,6,6073,117,1,0,0,1
5,2022-06-26,7,5076,117,1,0,0,1
5,2022-06-27,1,4348,91,1,0,0,1
5,2022-06-28,2,3893,93,1,0,0,1
5,2022-06-29,3,4231,93,1,0,0,1
5,2022-06-30,4,5904,128,1,1,0,1
5,2022-07-01,5,4941,129,1,0,0,1
5,2022-07-02,6,7043,159,1,0,0,1
5,2022-07-03,7,0,0,0,1,0,1
5,2022-07-04,1,5323,120,1,1,0,1
5,2022-07-05,2,4145,93,1,0,0,1
5,2022-07-06,3,4430,112,1,0,0,1
5,2022-07-07,4,4297,92,1,0,0,1
5,2022-07-08,5,6142,140,1,1,0,1
5,2022-07-09,6,6765,148,1,0,0,1
5,2022-07-10,7,0,0,0,1,0,1
5,2022-07-11,1,4109,94,1,0,0,1
5,2022-07-12,2,4687,100,1,0,0,1
5,2022-07-13,3,4451,98,1,0,0,1
5,2022-07-14,4,4726,109,1,0,0,1
5,2022-07-15,5,5263,107,1,0,0,1
5,2022-07-16,6,6497,151,1,0,0,1
5,2022-07-17,7,5104,105,1,0,0,1
5,2022-07-18,1,5490,133,1,1,0,1
5,2022-07-19,2,4104,99,1,0,0,1
5,2022-07-20,3,5663,111,1,1,0,1
5,2022-07-21,4,4556,105,1,0,0,1
5,2022-07-22,5,5340,116,1,0,0,1
5,2022-07-23,6,6159,132,1,0,0,1
5,2022-07-24,7,5515,122,1,0,0,1
5,2022-07-25,1,5613,126,1,1,0,1
5,2022-07-26,2,4210,81,1,0,0,1
5,2022-07-27,3,4619,86,1,0,0,1
5,2022-07-28,4,4699,116,1,0,0,1
5,2022-07-29,5,5258,116,1,0,0,1
5,2022-07-30,6,6741,149,1,0,0,1
5,2022-07-31,7,0,0,0,1,0,1
5,2022-08-01,1,5293,114,1,1,0,0
5,2022-08-02,2,4139,84,1,0,0,0
5,2022-08-03,3,4416,96,1,0,0,0
5,2022-08-04,4,4805,104,1,0,0,0
5,2022-08-05,5,5259,113,1,0,0,0
5,2022-08-06,6,6885,153,1,0,0,0
5,2022-08-07,7,0,0,0,0,0,0
5,2022-08-08,1,4325,102,1,0,0,0
5,2022-08-09,2,4696,113,1,0,0,0
5,2022-08-10,3,4449,100,1,0,0,0
5,2022-08-11,4,4505,94,1,0,0,0
5,2022-08-12,5,5192,117,1,0,0,0
5,2022-08-13,6,6726,143,1,0,0,0
5,2022-08-14,7,6443,149,1,1,0,0
5,2022-08-15,1,4346,82,1,0,0,0
5,2022-08-16,2,4189,92,1,0,0,0
5,2022-08-17,3,4512,109,1,0,a,0
5,2022-08-18,4,6014,137,1,1,0,0
5,2022-08-19,5,5048,126,1,0,0,0
5,2022-08-20,6,6768,130,1,0,0,0
5,2022-08-21,7,0,0,0,0,0,0
5,2022-08-22,1,5730,122,1,1,0,0
5,2022-08-23,2,5243,118,1,1,0,0
5,2022-08-24,3,4383,105,1,0,0,0
5,2022-08-25,4,5911,126,1,1,0,0
5,2022-08-26,5,6551,132,1,1,0,0
5,2022-08-27,6,8193,171,1,1,0,0
5,2022-08-28,7,0,0,0,0,0,0
5,2022-08-29,1,4291,90,1,0,0,0
5,2022-08-30,2,4320,95,1,0,0,0
5,2022-08-31,3,5758,115,1,1,0,0
5,2022-09-01,4,4453,109,1,0,0,0
5,2022-09-02,5,4970,114,1,0,0,0
5,2022-09-03,6,6690,150,1,0,0,0
5,2022-09-04,7,6699,134,1,1,0,0
5,2022-09-05,1,995,24,1,1,0,0
5,2022-09-06,2,3744,81,1,0,0,0
5,2022-09-07,3,5548,140,1,1,0,0
5,2022-09-08,4,4851,106,1,0,0,0
5,2022-09-09,5,6232,139,1,1,0,0
5,2022-09-10,6,6776,139,1,0,0,0
5,2022-09-11,7,5065,103,1,0,0,0
5,2022-09-12,1,5084,122,1,1,0,0
5,2022-09-13,2,4405,97,1,0,0,0
5,2022-09-14,3,5625,139,1,1,0,0
5,2022-09-15,4,4583,94,1,0,0,0
5,2022-09-16,5,5371,108,1,0,0,0
5,2022-09-17,6,6523,139,1,0,0,0
5,2022-09-18,7,0,0,0,0,0,0
5,2022-09-19,1,4256,93,1,0,0,0
5,2022-09-20,2,4117,98,1,0,0,0
5,2022-09-21,3,4626,112,1,0,0,0
5,2022-09-22,4,4596,88,1,0,0,0
5,2022-09-23,5,6821,129,1,1,0,0
5,2022-09-24,6,7073,149,1,1,0,0
5,2022-09-25,7,5660,109,1,0,0,0
5,2022-09-26,1,5635,135,1,1,0,0
5,2022-09-27,2,4311,95,1,0,0,0
5,2022-09-28,3,837,18,1,0,0,0
5,2022-09-29,4,5362,128,1,1,0,0
5,2022-09-30,5,6707,150,1,1,0,0
5,2022-10-01,6,6731,140,1,0,0,0
5,2022-10-02,7,0,0,0,1,0,0
5,2022-10-03,1,4413,89,1,0,0,0
5,2022-10-04,2,5654,129,1,1,0,0
5,2022-10-05,3,4404,102,1,0,0,0
5,2022-10-06,4,4607,115,1,0,0,0
5,2022-10-07,5,5135,103,1,0,0,0
5,2022-10-08,6,6591,153,1,0,0,0
5,2022-10-09,7,0,0,0,0,0,0
5,2022-10-10,1,5206,117,1,1,0,0
5,2022-10-11,2,3921,84,1,0,0,0
5,2022-10-12,3,4215,95,1,0,0,0
5,2022-10-13,4,4855,116,1,0,0,0
5,2022-10-14,5,5164,121,1,0,0,0
5,2022-10-15,6,6141,115,1,0,0,0
5,2022-10-16,7,0,0,0,0,0,0
5,2022-10-17,1,4380,90,1,0,0,0
5,2022-10-18,2,4476,110,1,0,0,0
5,2022-10-19,3,4734,118,1,0,0,0
5,2022-10-20,4,6619,156,1,1,0,0
5,2022-10-21,5,6115,128,1,1,0,0
5,2022-10-22,6,6063,150,1,0,0,0
5,2022-10-23,7,5610,122,1,0,0,0
5,2022-10-24,1,4680,100,1,0,0,0
5,2022-10-25,2,4084,74,1,0,0,0
5,2022-10-26,3,4270,106,1,0,0,0
5,2022-10-27,4,4792,108,1,0,0,0
5,2022-10-28,5,5655,123,1,0,0,0
5,2022-10-29,6,6405,150,1,0,0,0
5,2022-10-30,7,5483,119,1,0,0,0
5,2022-10-31,1,5054,117,1,1,0,0
5,2022-11-01,2,5408,121,1,1,0,0
5,2022-11-02,3,4543,95,1,0,0,0
5,2022-11-03,4,5066,101,1,0,0,0
5,2022-11-04,5,6291,151,1,1,0,0
5,2022-11-05,6,8675,161,1,1,0,0
5,2022-11-06,7,5258,104,1,0,0,0
5,2022-11-07,1,4496,92,1,0,0,0
5,2022-11-08,2,4832,101,1,0,0,0
5,2022-11-09,3,4988,111,1,0,0,0
5,2022-11-10,4,5191,114,1,0,0,0
5,2022-11-11,5,5331,106,1,0,0,0
5,2022-11-12,6,6651,142,1,0,0,0
5,2022-11-13,7,5557,134,1,0,0,0
5,2022-11-14,1,5735,128,1,1,0,0
5,2022-11-15,2,4470,104,1,0,0,0
5,2022-11-16,3,4422,88,1,0,0,0
5,2022-11-17,4,4558,100,1,0,0,0
5,2022-11-18,5,5080,119,1,0,0,0
5,2022-11-19,6,8868,198,1,1,0,0
5,2022-11-20,7,5812,119,1,0,0,0
5,2022-11-21,1,5206,119,1,0,0,0
5,2022-11-22,2,5608,125,1,1,0,0
5,2022-11-23,3,4412,95,1,0,0,0
5,2022-11-24,4,5789,134,1,1,0,0
5,2022-11-25,5,5204,108,1,0,0,0
5,2022-11-26,6,7254,157,1,0,0,0
5,2022-11-27,7,5699,124,1,0,0,0
5,2022-11-28,1,4196,99,1,0,0,0
5,2022-11-29,2,5485,123,1,1,0,0
5,2022-11-30,3,5329,114,1,1,0,0
5,2022-12-01,4,4894,103,1,0,0,0
5,2022-12-02,5,5069,100,1,0,0,0
5,2022-12-03,6,8189,170,1,1,0,0
5,2022-12-04,7,0,0,0,1,0,0
5,2022-12-05,1,4678,89,1,0,0,0
5,2022-12-06,2,4675,103,1,0,0,0
5,2022-12-07,3,4450,91,1,0,0,0
5,2022-12-08,4,5903,140,1,1,0,0
5,2022-12-09,5,5138,112,1,0,0,0
5,2022-12-10,6,6696,148,1,0,0,0
5,2022-12-11,7,6614,135,1,1,0,0
5,2022-12-12,1,4267,90,1,0,0,0
5,2022-12-13,2,4718,103,1,0,0,0
5,2022-12-14,3,4008,92,1,0,0,0
5,2022-12-15,4,4890,107,1,0,0,0
5,2022-12-16,5,5348,114,1,0,0,0
5,2022-12-17,6,7342,153,1,0,0,0
5,2022-12-18,7,0,0,0,0,0,0
5,2022-12-19,1,4439,97,1,0,0,0
5,2022-12-20,2,5306,106,1,1,0,0
5,2022-12-21,3,5885,133,1,1,0,0
5,2022-12-22,4,4609,117,1,0,0,0
5,2022-12-23,5,4984,107,1,0,0,0
5,2022-12-24,6,6543,148,1,0,0,0
5,2022-12-25,7,5274,117,1,0,a,0
5,2022-12-26,1,4303,96,1,0,0,0
5,2022-12-27,2,4450,113,1,0,0,0
5,2022-12-28,3,4589,92,1,0,0,0
5,2022-12-29,4,4918,111,1,0,0,0
5,2022-12-30,5,5330,119,1,0,0,0
5,2022-12-31,6,6396,126,1,0,0,0
5,2023-01-01,7,0,0,0,0,a,0
5,2023-01-02,1,4299,81,1,0,0,0
5,2023-01-03,2,4609,108,1,0,0,0
5,2023-01-04,3,6018,131,1,1,0,0
5,2023-01-05,4,6288,141,1,1,0,0
5,2023-01-06,5,5523,126,1,0,0,0
5,2023-01-07,6,7187,138,1,0,0,0
5,2023-01-08,7,5669,132,1,0,0,0
5,2023-01-09,1,4957,114,1,0,0,0
5,2023-01-10,2,4512,99,1,0,0,0
5,2023-01-11,3,6394,150,1,1,0,0
5,2023-01-12,4,4653,117,1,0,0,0
5,2023-01-13,5,6421,162,1,1,0,0
5,2023-01-14,6,6763,173,1,0,0,0
5,2023-01-15,7,5555,109,1,0,0,0
5,2023-01-16,1,5602,122,1,1,0,0
5,2023-01-17,2,4575,103,1,0,0,0
5,2023-01-18,3,4635,103,1,0,0,0
5,2023-01-19,4,4665,112,1,0,0,0
5,2023-01-20,5,5214,104,1,0,0,0
5,2023-01-21,6,9071,186,1,1,0,0
5,2023-01-22,7,5664,122,1,0,0,0
5,2023-01-23,1,5225,118,1,1,0,0
5,2023-01-24,2,5999,134,1,1,0,0
5,2023-01-25,3,5959,135,1,1,0,0
5,2023-01-26,4,4974,115,1,0,0,0
5,2023-01-27,5,5576,132,1,0,0,0
5,2023-01-28,6,8986,209,1,1,0,0
5,2023-01-29,7,0,0,0,0,0,0
5,2023-01-30,1,4326,93,1,0,0,0
5,2023-01-31,2,5006,107,1,0,0,0
5,2023-02-01,3,4511,112,1,0,0,0
5,2023-02-02,4,4920,99,1,0,0,0
5,2023-02-03,5,5773,134,1,0,0,0
5,2023-02-04,6,6712,147,1,0,0,0
5,2023-02-05,7,6867,185,1,1,0,0
5,2023-02-06,1,4791,97,1,0,0,0
5,2023-02-07,2,5657,114,1,1,0,0
5,2023-02-08,3,4799,123,1,0,0,0
5,2023-02-09,4,6021,126,1,1,0,0
5,2023-02-10,5,5206,118,1,0,0,0
5,2023-02-11,6,8452,157,1,1,0,0
5,2023-02-12,7,5939,132,1,0,0,0
5,2023-02-13,1,5648,122,1,1,0,0
5,2023-02-14,2,4582,104,1,0,0,0
5,2023-02-15,3,5579,120,1,1,0,0
5,2023-02-16,4,6674,144,1,1,0,0
5,2023-02-17,5,5442,135,1,0,0,0
5,2023-02-18,6,7005,168,1,0,0,0
5,2023-02-19,7,7343,166,1,1,0,0
5,2023-02-20,1,4484,110,1,0,0,0
5,2023-02-21,2,5952,144,1,1,0,0
5,2023-02-22,3,4343,104,1,0,0,0
5,2023-02-23,4,4704,119,1,0,0,0
5,2023-02-24,5,6438,144,1,1,0,0
5,2023-02-25,6,6251,148,1,0,0,0
5,2023-02-26,7,0,0,0,1,0,0
5,2023-02-27,1,4590,97,1,0,0,0
5,2023-02-28,2,4256,97,1,0,0,0
5,2023-03-01,3,4416,102,1,0,0,0
5,2023-03-02,4,4872,114,1,0,0,0
5,2023-03-03,5,5353,107,1,0,0,0
5,2023-03-04,6,6820,130,1,0,0,0
5,2023-03-05,7,0,0,0,0,0,0
5,2023-03-06,1,4519,101,1,0,0,0
5,2023-03-07,2,5448,128,1,1,0,0
5,2023-03-08,3,4735,109,1,0,0,0
5,2023-03-09,4,4734,105,1,0,0,0
5,2023-03-10,5,5374,106,1,0,0,0
5,2023-03-11,6,6470,137,1,0,0,0
5,2023-03-12,7,6561,147,1,1,0,0
5,2023-03-13,1,4747,104,1,0,0,0
5,2023-03-14,2,4690,102,1,0,0,0
5,2023-03-15,3,4630,105,1,0,0,0
5,2023-03-16,4,4885,112,1,0,0,0
5,2023-03-17,5,6590,164,1,1,0,0
5,2023-03-18,6,7316,162,1,0,0,0
5,2023-03-19,7,0,0,0,1,0,0
5,2023-03-20,1,4511,101,1,0,0,0
5,2023-03-21,2,4743,100,1,0,0,0
5,2023-03-22,3,5685,123,1,1,0,0
5,2023-03-23,4,4925,109,1,0,0,0
5,2023-03-24,5,5119,108,1,0,0,0
5,2023-03-25,6,7179,157,1,0,0,0
5,2023-03-26,7,5893,141,1,0,0,0
5,2023-03-27,1,4335,92,1,0,0,0
5,2023-03-28,2,4205,84,1,0,0,0
5,2023-03-29,3,4808,110,1,0,0,0
5,2023-03-30,4,5370,123,1,0,0,0
5,2023-03-31,5,5651,127,1,0,0,0
5,2023-04-01,6,6886,158,1,0,0,0
5,2023-04-02,7,5430,110,1,0,0,0
5,2023-04-03,1,4360,96,1,0,0,0
5,2023-04-04,2,5878,124,1,1,0,0
5,2023-04-05,3,4966,125,1,0,0,0
5,2023-04-06,4,5936,130,1,1,0,0
5,2023-04-07,5,5354,120,1,0,0,0
5,2023-04-08,6,6988,127,1,0,0,0
5,2023-04-09,7,6197,117,1,0,0,0
5,2023-04-10,1,4665,116,1,0,0,0
5,2023-04-11,2,4325,96,1,0,0,0
5,2023-04-12,3,4481,95,1,0,0,0
5,2023-04-13,4,4688,100,1,0,0,0
5,2023-04-14,5,7217,163,1,1,0,0
5,2023-04-15,6,12893,291,1,0,0,0
5,2023-04-16,7,10068,215,1,0,0,0
5,2023-04-17,1,8947,202,1,1,0,0
5,2023-04-18,2,7850,167,1,0,0,0
5,2023-04-19,3,8722,199,1,0,0,0
5,2023-04-20,4,9012,218,1,0,0,0
5,2023-04-21,5,12449,269,1,1,0,0
5,2023-04-22,6,0,0,0,1,b,0
5,2023-04-23,7,0,0,0,0,b,0
5,2023-04-24,1,4438,82,1,0,0,0
5,2023-04-25,2,5705,136,1,1,0,0
5,2023-04-26,3,4589,98,1,0,0,0
5,2023-04-27,4,5192,111,1,0,0,0
5,2023-04-28,5,5541,127,1,0,0,0
5,2023-04-29,6,6957,176,1,0,0,0
5,2023-04-30,7,6105,144,1,0,0,0
5,2023-05-01,1,4587,100,1,0,0,0
5,2023-05-02,2,4248,100,1,0,0,0
5,2023-05-03,3,5032,116,1,0,0,0
5,2023-05-04,4,6249,138,1,1,0,0
5,2023-05-05,5,5371,129,1,0,0,0
5,2023-05-06,6,6793,160,1,0,0,0
5,2023-05-07,7,0,0,0,0,0,0
5,2023-05-08,1,4872,105,1,0,0,0
5,2023-05-09,2,751,17,1,0,0,0
5,2023-05-10,3,4923,124,1,0,0,0
5,2023-05-11,4,6259,131,1,1,0,0
5,2023-05-12,5,6551,142,1,1,0,0
5,2023-05-13,6,7032,153,1,0,0,0
5,2023-05-14,7,0,0,0,0,0,0
5,2023-05-15,1,4980,119,1,0,0,0
5,2023-05-16,2,5547,129,1,1,0,0
5,2023-05-17,3,6447,131,1,1,0,0
5,2023-05-18,4,4986,114,1,0,0,0
5,2023-05-19,5,4998,120,1,0,0,0
5,2023-05-20,6,7847,189,1,1,0,0
5,2023-05-21,7,5680,152,1,0,0,0
5,2023-05-22,1,5011,120,1,0,0,0
5,2023-05-23,2,4877,96,1,0,0,0
5,2023-05-24,3,4844,108,1,0,0,0
5,2023-05-25,4,5974,129,1,1,0,0
5,2023-05-26,5,6714,145,1,1,0,0
5,2023-05-27,6,7128,157,1,0,0,0
5,2023-05-28,7,6062,142,1,0,0,0
5,2023-05-29,1,4839,103,1,0,0,0
5,2023-05-30,2,4825,106,1,0,0,0
5,2023-05-31,3,4967,95,1,0,0,0
5,2023-06-01,4,5204,100,1,0,0,1
5,2023-06-02,5,4874,113,1,0,0,1
5,2023-06-03,6,6751,157,1,0,0,1
5,2023-06-04,7,5441,121,1,0,0,1
5,2023-06-05,1,4431,110,1,0,0,1
5,2023-06-06,2,4611,105,1,0,0,1
5,2023-06-07,3,4472,86,1,0,0,1
5,2023-06-08,4,5930,140,1,1,0,1
5,2023-06-09,5,5477,105,1,0,0,1
5,2023-06-10,6,6511,165,1,0,0,1
5,2023-06-11,7,7036,174,1,1,0,1
5,2023-06-12,1,6090,157,1,1,0,1
5,2023-06-13,2,4334,105,1,0,0,1
5,2023-06-14,3,6276,150,1,1,0,1
5,2023-06-15,4,4786,118,1,0,0,1
5,2023-06-16,5,5588,126,1,0,0,1
5,2023-06-17,6,6698,136,1,0,0,1
5,2023-06-18,7,0,0,0,0,0,1
5,2023-06-19,1,4657,114,1,0,0,1
5,2023-06-20,2,4733,118,1,0,0,1
5,2023-06-21,3,4705,95,1,0,0,1
5,2023-06-22,4,5134,89,1,0,0,1
5,2023-06-23,5,5756,135,1,0,0,1
5,2023-06-24,6,7145,170,1,0,0,1
5,2023-06-25,7,5650,112,1,0,0,1
5,2023-06-26,1,5852,126,1,1,0,1
5,2023-06-27,2,5425,122,1,1,0,1
5,2023-06-28,3,6117,134,1,1,0,1
5,2023-06-29,4,5160,105,1,0,0,1
5,2023-06-30,5,7456,179,1,1,0,1
5,2023-07-01,6,7579,170,1,0,0,1
5,2023-07-02,7,5515,127,1,0,0,1
5,2023-07-03,1,4795,113,1,0,0,1
5,2023-07-04,2,4610,118,1,0,0,1
5,2023-07-05,3,5148,111,1,0,0,1
5,2023-07-06,4,4834,119,1,0,0,1
5,2023-07-07,5,7230,169,1,1,0,1
5,2023-07-08,6,6774,142,1,0,0,1
5,2023-07-09,7,0,0,0,0,0,1
5,2023-07-10,1,5678,137,1,1,0,1
5,2023-07-11,2,4192,94,1,0,0,1
5,2023-07-12,3,4641,110,1,0,0,1
5,2023-07-13,4,4956,107,1,0,0,1
5,2023-07-14,5,5946,117,1,0,0,1
5,2023-07-15,6,6750,135,1,0,0,1
5,2023-07-16,7,0,0,0,0,0,1
5,2023-07-17,1,4418,105,1,0,0,1
5,2023-07-18,2,4925,114,1,0,0,1
5,2023-07-19,3,4757,111,1,0,0,1
5,2023-07-20,4,4944,104,1,0,0,1
5,2023-07-21,5,5463,117,1,0,0,1
5,2023-07-22,6,8066,166,1,1,0,1
5,2023-07-23,7,5400,114,1,0,0,1
5,2023-07-24,1,4542,113,1,0,0,1
5,2023-07-25,2,4808,111,1,0,0,1
5,2023-07-26,3,4268,92,1,0,0,1
5,2023-07-27,4,5174,107,1,0,0,1
5,2023-07-28,5,5664,117,1,0,0,1
5,2023-07-29,6,8140,176,1,1,0,1
5,2023-07-30,7,7180,170,1,1,0,1
5,2023-07-31,1,5055,102,1,0,0,1
5,2023-08-01,2,5527,136,1,1,0,0
5,2023-08-02,3,4750,119,1,0,0,0
5,2023-08-03,4,5742,130,1,0,0,0
5,2023-08-04,5,5669,128,1,0,0,0
5,2023-08-05,6,7081,165,1,0,0,0
5,2023-08-06,7,7134,141,1,1,0,0
5,2023-08-07,1,4874,94,1,0,0,0
5,2023-08-08,2,4840,109,1,0,0,0
5,2023-08-09,3,5457,110,1,1,0,0
5,2023-08-10,4,807,17,1,0,0,0
5,2023-08-11,5,5308,118,1,0,0,0
5,2023-08-12,6,7130,137,1,0,0,0
5,2023-08-13,7,0,0,0,1,0,0
5,2023-08-14,1,5480,123,1,1,0,0
5,2023-08-15,2,4639,115,1,0,0,0
5,2023-08-16,3,4884,95,1,0,0,0
5,2023-08-17,4,4847,107,1,0,a,0
5,2023-08-18,5,6809,141,1,1,0,0
5,2023-08-19,6,6936,167,1,0,0,0
5,2023-08-20,7,6002,141,1,0,0,0
5,2023-08-21,1,6003,143,1,1,0,0
5,2023-08-22,2,4427,101,1,0,0,0
5,2023-08-23,3,5144,112,1,0,0,0
5,2023-08-24,4,4724,108,1,0,0,0
5,2023-08-25,5,6407,137,1,1,0,0
5,2023-08-26,6,7121,173,1,0,0,0
5,2023-08-27,7,0,0,0,0,0,0
5,2023-08-28,1,4826,108,1,0,0,0
5,2023-08-29,2,4425,100,1,0,0,0
5,2023-08-30,3,5137,113,1,0,0,0
5,2023-08-31,4,5515,123,1,0,0,0
5,2023-09-01,5,7011,160,1,1,0,0
5,2023-09-02,6,7335,157,1,0,0,0
5,2023-09-03,7,5263,123,1,0,0,0
5,2023-09-04,1,4712,98,1,0,0,0
5,2023-09-05,2,4546,92,1,0,0,0
5,2023-09-06,3,5893,115,1,1,0,0
5,2023-09-07,4,4920,99,1,0,0,0
5,2023-09-08,5,5467,125,1,0,0,0
5,2023-09-09,6,6707,148,1,0,0,0
5,2023-09-10,7,0,0,0,0,0,0
5,2023-09-11,1,4573,100,1,0,0,0
5,2023-09-12,2,4904,95,1,0,0,0
5,2023-09-13,3,6269,144,1,1,0,0
5,2023-09-14,4,6475,137,1,1,0,0
5,2023-09-15,5,5909,130,1,0,0,0
5,2023-09-16,6,8682,223,1,1,0,0
5,2023-09-17,7,0,0,0,0,0,0
5,2023-09-18,1,5091,116,1,0,0,0
5,2023-09-19,2,4514,111,1,0,0,0
5,2023-09-20,3,4440,102,1,0,0,0
5,2023-09-21,4,4928,108,1,0,0,0
5,2023-09-22,5,5913,142,1,0,0,0
5,2023-09-23,6,6911,163,1,0,0,0
5,2023-09-24,7,0,0,0,0,0,0
5,2023-09-25,1,4651,85,1,0,0,0
5,2023-09-26,2,5861,138,1,1,0,0
5,2023-09-27,3,4690,99,1,0,0,0
5,2023-09-28,4,4733,115,1,0,0,0
5,2023-09-29,5,5527,112,1,0,0,0
5,2023-09-30,6,7170,188,1,0,0,0
5,2023-10-01,7,7818,157,1,1,0,0
5,2023-10-02,1,4864,96,1,0,0,0
5,2023-10-03,2,4464,84,1,0,0,0
5,2023-10-04,3,5971,118,1,1,0,0
5,2023-10-05,4,5304,123,1,0,0,0
5,2023-10-06,5,5541,140,1,0,0,0
5,2023-10-07,6,6883,137,1,0,0,0
5,2023-10-08,7,7448,166,1,1,0,0
5,2023-10-09,1,4664,90,1,0,0,0
5,2023-10-10,2,4863,83,1,0,0,0
5,2023-10-11,3,5056,108,1,0,0,0
5,2023-10-12,4,4835,122,1,0,0,0
5,2023-10-13,5,6177,110,1,0,0,0
5,2023-10-14,6,7248,167,1,0,0,0
5,2023-10-15,7,0,0,0,0,0,0
5,2023-10-16,1,6195,125,1,1,0,0
5,2023-10-17,2,5174,112,1,1,0,0
5,2023-10-18,3,5233,119,1,0,0,0
5,2023-10-19,4,6440,125,1,1,0,0
5,2023-10-20,5,5638,128,1,0,0,0
5,2023-10-21,6,7273,167,1,0,0,0
5,2023-10-22,7,6102,125,1,0,0,0
5,2023-10-23,1,5918,122,1,1,0,0
5,2023-10-24,2,5927,120,1,1,0,0
5,2023-10-25,3,4991,123,1,0,0,0
5,2023-10-26,4,5479,126,1,1,0,0
5,2023-10-27,5,5834,125,1,0,0,0
5,2023-10-28,6,9455,208,1,1,0,0
5,2023-10-29,7,7590,187,1,1,0,0
5,2023-10-30,1,4952,120,1,0,0,0
5,2023-10-31,2,6416,159,1,1,0,0
5,2023-11-01,3,4958,114,1,0,0,0
5,2023-11-02,4,5130,115,1,0,0,0
5,2023-11-03,5,5488,107,1,0,0,0
5,2023-11-04,6,6596,155,1,0,0,0
5,2023-11-05,7,0,0,0,1,0,0
5,2023-11-06,1,4734,101,1,0,0,0
5,2023-11-07,2,4300,106,1,0,0,0
5,2023-11-08,3,6198,133,1,1,0,0
5,2023-11-09,4,6393,151,1,1,0,0
5,2023-11-10,5,5618,129,1,0,0,0
5,2023-11-11,6,9198,196,1,1,0,0
5,2023-11-12,7,0,0,0,0,0,0
5,2023-11-13,1,6397,135,1,1,0,0
5,2023-11-14,2,4871,99,1,0,0,0
5,2023-11-15,3,5296,120,1,0,0,0
5,2023-11-16,4,5006,106,1,0,0,0
5,2023-11-17,5,5815,133,1,0,0,0
5,2023-11-18,6,6634,162,1,0,0,0
5,2023-11-19,7,5717,128,1,0,0,0
5,2023-11-20,1,4546,97,1,0,0,0
5,2023-11-21,2,6047,145,1,1,0,0
5,2023-11-22,3,4716,100,1,0,0,0
5,2023-11-23,4,5044,115,1,0,0,0
5,2023-11-24,5,5701,96,1,0,0,0
5,2023-11-25,6,7182,171,1,0,0,0
5,2023-11-26,7,0,0,0,1,0,0
5,2023-11-27,1,6618,120,1,1,0,0
5,2023-11-28,2,4811,99,1,0,0,0
5,2023-11-29,3,5417,110,1,0,0,0
5,2023-11-30,4,6123,134,1,1,0,0
5,2023-12-01,5,5603,110,1,0,0,0
5,2023-12-02,6,9220,207,1,1,0,0
5,2023-12-03,7,0,0,0,0,0,0
5,2023-12-04,1,6630,147,1,1,0,0
5,2023-12-05,2,4686,114,1,0,0,0
5,2023-12-06,3,4826,108,1,0,0,0
5,2023-12-07,4,6466,127,1,1,0,0
5,2023-12-08,5,6065,133,1,0,0,0
5,2023-12-09,6,7406,134,1,0,0,0
5,2023-12-10,7,6091,137,1,0,0,0
5,2023-12-11,1,5200,113,1,0,0,0
5,2023-12-12,2,5046,128,1,0,0,0
5,2023-12-13,3,5287,124,1,0,0,0
5,2023-12-14,4,5366,117,1,0,0,0
5,2023-12-15,5,6143,129,1,0,0,0
5,2023-12-16,6,8687,200,1,1,0,0
5,2023-12-17,7,6709,107,1,0,0,0
5,2023-12-18,1,5197,116,1,0,0,0
5,2023-12-19,2,4788,103,1,0,0,0
5,2023-12-20,3,5327,116,1,0,0,0
5,2023-12-21,4,5122,107,1,0,0,0
5,2023-12-22,5,5900,149,1,0,0,0
5,2023-12-23,6,7631,170,1,0,0,0
5,2023-12-24,7,6301,152,1,0,0,0
5,2023-12-25,1,4829,103,1,0,a,0
5,2023-12-26,2,5048,108,1,0,0,0
5,2023-12-27,3,4944,122,1,0,0,0
5,2023-12-28,4,5412,128,1,0,0,0
5,2023-12-29,5,5767,122,1,0,0,0
5,2023-12-30,6,6746,162,1,0,0,0
5,2023-12-31,7,7284,147,1,1,0,0
5,2024-01-01,1,5161,125,1,0,a,0
5,2024-01-02,2,4769,111,1,0,0,0
5,2024-01-03,3,5371,119,1,0,0,0
5,2024-01-04,4,4912,112,1,0,0,0
5,2024-01-05,5,5983,122,1,0,0,0
5,2024-01-06,6,7417,160,1,0,0,0
5,2024-01-07,7,0,0,0,1,0,0
5,2024-01-08,1,4667,114,1,0,0,0
5,2024-01-09,2,6126,125,1,1,0,0
5,2024-01-10,3,4816,110,1,0,0,0
5,2024-01-11,4,5071,98,1,0,0,0
5,2024-01-12,5,5750,143,1,0,0,0
5,2024-01-13,6,7311,166,1,0,0,0
5,2024-01-14,7,0,0,0,0,0,0
5,2024-01-15,1,4324,79,1,0,0,0
5,2024-01-16,2,4814,106,1,0,0,0
5,2024-01-17,3,6234,162,1,1,0,0
5,2024-01-18,4,6555,142,1,1,0,0
5,2024-01-19,5,5642,128,1,0,0,0
5,2024-01-20,6,7841,170,1,0,0,0
5,2024-01-21,7,0,0,0,0,0,0
5,2024-01-22,1,5008,115,1,0,0,0
5,2024-01-23,2,5082,127,1,0,0,0
5,2024-01-24,3,5101,117,1,0,0,0
5,2024-01-25,4,4921,110,1,0,0,0
5,2024-01-26,5,5685,122,1,0,0,0
5,2024-01-27,6,9280,209,1,1,0,0
5,2024-01-28,7,0,0,0,0,0,0
5,2024-01-29,1,6007,131,1,1,0,0
5,2024-01-30,2,4856,116,1,0,0,0
5,2024-01-31,3,5608,128,1,0,0,0
5,2024-02-01,4,5361,119,1,0,0,0
5,2024-02-02,5,5864,112,1,0,0,0
5,2024-02-03,6,8115,175,1,0,0,0
5,2024-02-04,7,6277,160,1,0,0,0
5,2024-02-05,1,5172,123,1,0,0,0
5,2024-02-06,2,4782,115,1,0,0,0
5,2024-02-07,3,4781,99,1,0,0,0
5,2024-02-08,4,5340,134,1,0,0,0
5,2024-02-09,5,6359,132,1,0,0,0
5,2024-02-10,6,8061,181,1,0,0,0
5,2024-02-11,7,6309,131,1,0,0,0
5,2024-02-12,1,4827,120,1,0,0,0
5,2024-02-13,2,5637,132,1,1,0,0
5,2024-02-14,3,4902,120,1,0,0,0
5,2024-02-15,4,6672,117,1,1,0,0
5,2024-02-16,5,5699,129,1,0,0,0
5,2024-02-17,6,7882,160,1,0,0,0
5,2024-02-18,7,5662,126,1,0,0,0
5,2024-02-19,1,4974,92,1,0,0,0
5,2024-02-20,2,4709,97,1,0,0,0
5,2024-02-21,3,6717,137,1,1,0,0
5,2024-02-22,4,5432,105,1,0,0,0
5,2024-02-23,5,5603,120,1,0,0,0
5,2024-02-24,6,7839,189,1,0,0,0
5,2024-02-25,7,0,0,0,1,0,0
5,2024-02-26,1,4566,94,1,0,0,0
5,2024-02-27,2,4687,103,1,0,0,0
5,2024-02-28,3,4620,103,1,0,0,0
5,2024-02-29,4,6583,159,1,1,0,0
5,2024-03-01,5,7290,178,1,1,0,0
5,2024-03-02,6,7377,165,1,0,0,0
5,2024-03-03,7,7878,177,1,1,0,0
5,2024-03-04,1,6051,150,1,1,0,0
5,2024-03-05,2,4593,90,1,0,0,0
5,2024-03-06,3,4931,106,1,0,0,0
5,2024-03-07,4,4981,98,1,0,0,0
5,2024-03-08,5,7107,148,1,1,0,0
5,2024-03-09,6,7767,191,1,0,0,0
5,2024-03-10,7,7009,168,1,1,0,0
5,2024-03-11,1,4945,106,1,0,0,0
5,2024-03-12,2,6444,135,1,1,0,0
5,2024-03-13,3,5420,122,1,0,0,0
5,2024-03-14,4,5132,119,1,0,0,0
5,2024-03-15,5,8155,178,1,1,0,0
5,2024-03-16,6,8946,200,1,1,0,0
5,2024-03-17,7,7608,177,1,1,0,0
5,2024-03-18,1,4743,104,1,0,0,0
5,2024-03-19,2,5034,118,1,0,0,0
5,2024-03-20,3,5874,137,1,0,0,0
5,2024-03-21,4,5812,128,1,0,0,0
5,2024-03-22,5,6132,138,1,0,0,0
5,2024-03-23,6,7336,163,1,0,0,0
5,2024-03-24,7,6114,139,1,0,0,0
5,2024-03-25,1,6660,142,1,1,0,0
5,2024-03-26,2,5120,121,1,0,0,0
5,2024-03-27,3,5182,110,1,0,0,0
5,2024-03-28,4,5368,121,1,0,0,0
5,2024-03-29,5,6203,115,1,0,0,0
5,2024-03-30,6,8071,182,1,0,0,0
5,2024-03-31,7,7140,168,1,1,0,0
5,2024-04-01,1,6389,131,1,1,0,0
5,2024-04-02,2,6357,120,1,1,0,0
5,2024-04-03,3,11320,240,1,1,0,0
5,2024-04-04,4,10224,193,1,0,0,0
5,2024-04-05,5,10470,223,1,0,0,0
5,2024-04-06,6,14554,293,1,0,0,0
5,2024-04-07,7,10929,238,1,0,0,0
5,2024-04-08,1,9230,203,1,0,0,0
5,2024-04-09,2,9017,212,1,0,0,0
5,2024-04-10,3,0,0,0,0,b,0
5,2024-04-11,4,0,0,0,0,b,0
5,2024-04-12,5,5776,126,1,0,0,0
5,2024-04-13,6,7498,163,1,0,0,0
5,2024-04-14,7,6110,135,1,0,0,0
5,2024-04-15,1,5075,102,1,0,0,0
5,2024-04-16,2,4724,119,1,0,0,0
5,2024-04-17,3,6455,151,1,1,0,0
5,2024-04-18,4,5721,139,1,0,0,0
5,2024-04-19,5,6312,149,1,0,0,0
5,2024-04-20,6,8772,209,1,1,0,0
5,2024-04-21,7,1117,26,1,0,0,0
5,2024-04-22,1,4927,121,1,0,0,0
5,2024-04-23,2,4524,101,1,0,0,0
5,2024-04-24,3,4865,110,1,0,0,0
5,2024-04-25,4,6822,144,1,1,0,0
5,2024-04-26,5,7398,163,1,1,0,0
5,2024-04-27,6,6969,163,1,0,0,0
5,2024-04-28,7,6578,142,1,0,0,0
5,2024-04-29,1,4978,103,1,0,0,0
5,2024-04-30,2,4845,118,1,0,0,0
5,2024-05-01,3,5465,122,1,0,0,0
5,2024-05-02,4,5482,122,1,0,0,0
5,2024-05-03,5,5926,147,1,0,0,0
5,2024-05-04,6,7448,146,1,0,0,0
5,2024-05-05,7,0,0,0,0,0,0
5,2024-05-06,1,4983,99,1,0,0,0
5,2024-05-07,2,4925,95,1,0,0,0
5,2024-05-08,3,6128,135,1,1,0,0
5,2024-05-09,4,5688,142,1,0,0,0
5,2024-05-10,5,6410,137,1,0,0,0
5,2024-05-11,6,9662,227,1,1,0,0
5,2024-05-12,7,6082,129,1,0,0,0
5,2024-05-13,1,5340,112,1,0,0,0
5,2024-05-14,2,5136,110,1,0,0,0
5,2024-05-15,3,5101,104,1,0,0,0
5,2024-05-16,4,5699,133,1,0,0,0
5,2024-05-17,5,5831,115,1,0,0,0
5,2024-05-18,6,7168,159,1,0,0,0
5,2024-05-19,7,0,0,0,1,0,0
5,2024-05-20,1,5386,104,1,0,0,0
5,2024-05-21,2,5023,102,1,0,0,0
5,2024-05-22,3,6149,139,1,1,0,0
5,2024-05-23,4,5288,114,1,0,0,0
5,2024-05-24,5,7904,183,1,1,0,0
5,2024-05-25,6,7778,170,1,0,0,0
5,2024-05-26,7,7809,175,1,1,0,0
5,2024-05-27,1,5084,118,1,0,0,0
5,2024-05-28,2,6594,133,1,1,0,0
5,2024-05-29,3,6874,132,1,1,0,0
5,2024-05-30,4,5027,121,1,0,0,0
5,2024-05-31,5,6256,126,1,0,0,0
5,2024-06-01,6,7883,141,1,0,0,1
5,2024-06-02,7,6762,163,1,0,0,1
5,2024-06-03,1,5108,104,1,0,0,1
5,2024-06-04,2,5297,118,1,0,0,1
5,2024-06-05,3,5364,121,1,0,0,1
5,2024-06-06,4,5112,133,1,0,0,1
5,2024-06-07,5,6290,123,1,0,0,1
5,2024-06-08,6,8008,189,1,0,0,1
5,2024-06-09,7,0,0,0,0,0,1
5,2024-06-10,1,5208,131,1,0,0,1
5,2024-06-11,2,5549,126,1,0,0,1
5,2024-06-12,3,5123,108,1,0,0,1
5,2024-06-13,4,5619,123,1,0,0,1
5,2024-06-14,5,5666,143,1,0,0,1
5,2024-06-15,6,7489,167,1,0,0,1
5,2024-06-16,7,0,0,0,1,0,1
5,2024-06-17,1,5207,125,1,0,0,1
5,2024-06-18,2,4977,106,1,0,0,1
5,2024-06-19,3,5705,122,1,0,0,1
5,2024-06-20,4,6475,140,1,1,0,1
5,2024-06-21,5,7449,180,1,1,0,1
5,2024-06-22,6,7910,173,1,0,0,1
5,2024-06-23,7,6018,144,1,0,0,1
5,2024-06-24,1,6600,141,1,1,0,1
5,2024-06-25,2,5306,116,1,0,0,1
5,2024-06-26,3,5236,108,1,0,0,1
5,2024-06-27,4,5252,94,1,0,0,1
5,2024-06-28,5,5919,129,1,0,0,1
5,2024-06-29,6,8371,181,1,1,0,1
5,2024-06-30,7,8273,194,1,1,0,1
6,2022-01-01,6,9557,215,1,1,a,0
6,2022-01-02,7,6096,137,1,0,0,0
6,2022-01-03,1,5767,121,1,1,0,0
6,2022-01-04,2,5196,123,1,0,0,0
6,2022-01-05,3,5035,120,1,0,0,0
6,2022-01-06,4,6834,128,1,1,0,0
6,2022-01-07,5,5875,128,1,0,0,0
6,2022-01-08,6,6950,140,1,0,0,0
6,2022-01-09,7,6553,153,1,0,0,0
6,2022-01-10,1,6643,145,1,1,0,0
6,2022-01-11,2,5120,109,1,0,0,0
6,2022-01-12,3,5239,120,1,0,0,0
6,2022-01-13,4,5008,121,1,0,0,0
6,2022-01-14,5,7682,158,1,1,0,0
6,2022-01-15,6,10512,260,1,1,0,0
6,2022-01-16,7,6209,141,1,0,0,0
6,2022-01-17,1,5087,109,1,0,0,0
6,2022-01-18,2,4669,95,1,0,0,0
6,2022-01-19,3,5791,124,1,1,0,0
6,2022-01-20,4,5242,130,1,0,0,0
6,2022-01-21,5,7923,161,1,1,0,0
6,2022-01-22,6,8099,188,1,0,0,0
6,2022-01-23,7,0,0,0,1,0,0
6,2022-01-24,1,6464,149,1,1,0,0
6,2022-01-25,2,4649,105,1,0,0,0
6,2022-01-26,3,6508,163,1,1,0,0
6,2022-01-27,4,5207,109,1,0,0,0
6,2022-01-28,5,5928,130,1,0,0,0
6,2022-01-29,6,7499,153,1,0,0,0
6,2022-01-30,7,7633,177,1,1,0,0
6,2022-01-31,1,5324,124,1,0,0,0
6,2022-02-01,2,5448,112,1,0,0,0
6,2022-02-02,3,5143,87,1,0,0,0
6,2022-02-03,4,5738,115,1,0,0,0
6,2022-02-04,5,5556,100,1,0,0,0
6,2022-02-05,6,7583,155,1,0,0,0
6,2022-02-06,7,7258,145,1,1,0,0
6,2022-02-07,1,5002,112,1,0,0,0
6,2022-02-08,2,5148,109,1,0,0,0
6,2022-02-09,3,5488,119,1,0,0,0
6,2022-02-10,4,5159,113,1,0,0,0
6,2022-02-11,5,7588,170,1,1,0,0
6,2022-02-12,6,10127,221,1,1,0,0
6,2022-02-13,7,6559,146,1,0,0,0
6,2022-02-14,1,6446,139,1,1,0,0
6,2022-02-15,2,6041,132,1,1,0,0
6,2022-02-16,3,6285,121,1,1,0,0
6,2022-02-17,4,5152,97,1,0,0,0
6,2022-02-18,5,7421,170,1,1,0,0
6,2022-02-19,6,7332,158,1,0,0,0
6,2022-02-20,7,6444,150,1,0,0,0
6,2022-02-21,1,5159,119,1,0,0,0
6,2022-02-22,2,5034,110,1,0,0,0
6,2022-02-23,3,4737,105,1,0,0,0
6,2022-02-24,4,5396,129,1,0,0,0
6,2022-02-25,5,5821,130,1,0,0,0
6,2022-02-26,6,10614,238,1,1,0,0
6,2022-02-27,7,0,0,0,1,0,0
6,2022-02-28,1,5058,113,1,0,0,0
6,2022-03-01,2,6367,164,1,1,0,0
6,2022-03-02,3,6216,140,1,1,0,0
6,2022-03-03,4,7399,180,1,1,0,0
6,2022-03-04,5,6550,150,1,0,0,0
6,2022-03-05,6,7347,158,1,0,0,0
6,2022-03-06,7,7589,170,1,1,0,0
6,2022-03-07,1,5670,145,1,0,0,0
6,2022-03-08,2,5357,138,1,0,0,0
6,2022-03-09,3,5140,114,1,0,0,0
6,2022-03-10,4,5526,111,1,0,0,0
6,2022-03-11,5,5565,132,1,0,0,0
6,2022-03-12,6,8535,199,1,0,0,0
6,2022-03-13,7,6291,145,1,0,0,0
6,2022-03-14,1,6600,143,1,1,0,0
6,2022-03-15,2,5978,116,1,1,0,0
6,2022-03-16,3,4949,102,1,0,0,0
6,2022-03-17,4,6927,147,1,1,0,0
6,2022-03-18,5,6565,153,1,0,0,0
6,2022-03-19,6,7497,149,1,0,0,0
6,2022-03-20,7,0,0,0,1,0,0
6,2022-03-21,1,6522,112,1,1,0,0
6,2022-03-22,2,6798,178,1,1,0,0
6,2022-03-23,3,5089,119,1,0,0,0
6,2022-03-24,4,6702,143,1,1,0,0
6,2022-03-25,5,6254,144,1,0,0,0
6,2022-03-26,6,10105,212,1,1,0,0
6,2022-03-27,7,0,0,0,1,0,0
6,2022-03-28,1,5431,110,1,0,0,0
6,2022-03-29,2,5169,125,1,0,0,0
6,2022-03-30,3,6588,154,1,1,0,0
6,2022-03-31,4,5685,135,1,0,0,0
6,2022-04-01,5,6244,156,1,0,0,0
6,2022-04-02,6,9161,217,1,1,0,0
6,2022-04-03,7,0,0,0,0,0,0
6,2022-04-04,1,6560,140,1,1,0,0
6,2022-04-05,2,5392,115,1,0,0,0
6,2022-04-06,3,5290,112,1,0,0,0
6,2022-04-07,4,6896,147,1,1,0,0
6,2022-04-08,5,6145,126,1,0,0,0
6,2022-04-09,6,7960,206,1,0,0,0
6,2022-04-10,7,0,0,0,1,0,0
6,2022-04-11,1,5289,121,1,0,0,0
6,2022-04-12,2,5048,118,1,0,0,0
6,2022-04-13,3,5553,135,1,0,0,0
6,2022-04-14,4,6972,163,1,1,0,0
6,2022-04-15,5,8660,190,1,1,0,0
6,2022-04-16,6,9845,224,1,1,0,0
6,2022-04-17,7,0,0,0,0,0,0
6,2022-04-18,1,6758,151,1,1,0,0
6,2022-04-19,2,4545,112,1,0,0,0
6,2022-04-20,3,5101,99,1,0,0,0
6,2022-04-21,4,5350,130,1,0,0,0
6,2022-04-22,5,6993,157,1,1,0,0
6,2022-04-23,6,9530,193,1,1,0,0
6,2022-04-24,7,5904,131,1,0,0,0
6,2022-04-25,1,8820,180,1,0,0,0
6,2022-04-26,2,11554,256,1,1,0,0
6,2022-04-27,3,10467,224,1,0,0,0
6,2022-04-28,4,11491,264,1,1,0,0
6,2022-04-29,5,10243,213,1,0,0,0
6,2022-04-30,6,13652,297,1,0,0,0
6,2022-05-01,7,0,0,0,0,0,0
6,2022-05-02,1,0,0,0,0,b,0
6,2022-05-03,2,0,0,0,1,b,0
6,2022-05-04,3,5105,120,1,0,0,0
6,2022-05-05,4,6972,138,1,1,0,0
6,2022-05-06,5,6199,152,1,0,0,0
6,2022-05-07,6,7747,163,1,0,0,0
6,2022-05-08,7,6242,129,1,0,0,0
6,2022-05-09,1,5022,111,1,0,0,0
6,2022-05-10,2,6382,133,1,1,0,0
6,2022-05-11,3,5066,111,1,0,0,0
6,2022-05-12,4,5926,124,1,0,0,0
6,2022-05-13,5,5626,122,1,0,0,0
6,2022-05-14,6,7564,182,1,0,0,0
6,2022-05-15,7,6651,161,1,0,0,0
6,2022-05-16,1,6391,113,1,1,0,0
6,2022-05-17,2,5274,112,1,0,0,0
6,2022-05-18,3,5794,126,1,0,0,0
6,2022-05-19,4,5740,120,1,0,0,0
6,2022-05-20,5,7158,169,1,1,0,0
6,2022-05-21,6,7383,141,1,0,0,0
6,2022-05-22,7,6326,153,1,0,0,0
6,2022-05-23,1,5342,127,1,0,0,0
6,2022-05-24,2,5420,121,1,0,0,0
6,2022-05-25,3,5136,112,1,0,0,0
6,2022-05-26,4,5387,124,1,0,0,0
6,2022-05-27,5,7534,164,1,1,0,0
6,2022-05-28,6,7744,160,1,0,0,0
6,2022-05-29,7,0,0,0,1,0,0
6,2022-05-30,1,5209,121,1,0,0,0
6,2022-05-31,2,5160,106,1,0,0,0
6,2022-06-01,3,5599,134,1,0,0,1
6,2022-06-02,4,5971,142,1,0,0,1
6,2022-06-03,5,7631,170,1,1,0,1
6,2022-06-04,6,8360,182,1,0,0,1
6,2022-06-05,7,6996,149,1,0,0,1
6,2022-06-06,1,5217,111,1,0,0,1
6,2022-06-07,2,6232,137,1,1,0,1
6,2022-06-08,3,5952,118,1,0,0,1
6,2022-06-09,4,7315,141,1,1,0,1
6,2022-06-10,5,6130,138,1,0,0,1
6,2022-06-11,6,8135,149,1,0,0,1
6,2022-06-12,7,6086,134,1,0,0,1
6,2022-06-13,1,5547,132,1,0,0,1
6,2022-06-14,2,4677,106,1,0,0,1
6,2022-06-15,3,5663,119,1,0,0,1
6,2022-06-16,4,6689,141,1,1,0,1
6,2022-06-17,5,7038,147,1,1,0,1
6,2022-06-18,6,8879,218,1,1,0,1
6,2022-06-19,7,6280,133,1,0,0,1
6,2022-06-20,1,5452,113,1,0,0,1
6,2022-06-21,2,4792,109,1,0,0,1
6,2022-06-22,3,6315,160,1,1,0,1
6,2022-06-23,4,6781,155,1,1,0,1
6,2022-06-24,5,6397,141,1,0,0,1
6,2022-06-25,6,8277,175,1,0,0,1
6,2022-06-26,7,0,0,0,0,0,1
6,2022-06-27,1,5534,134,1,0,0,1
6,2022-06-28,2,5336,125,1,0,0,1
6,2022-06-29,3,5282,102,1,0,0,1
6,2022-06-30,4,7282,163,1,1,0,1
6,2022-07-01,5,5765,112,1,0,0,1
6,2022-07-02,6,8115,190,1,0,0,1
6,2022-07-03,7,0,0,0,1,0,1
6,2022-07-04,1,5322,111,1,0,0,1
6,2022-07-05,2,5483,104,1,0,0,1
6,2022-07-06,3,5462,134,1,0,0,1
6,2022-07-07,4,1598,33,1,0,0,1
6,2022-07-08,5,6241,129,1,0,0,1
6,2022-07-09,6,10250,192,1,1,0,1
6,2022-07-10,7,0,0,0,0,0,1
6,2022-07-11,1,5467,121,1,0,0,1
6,2022-07-12,2,5048,92,1,0,0,1
6,2022-07-13,3,5358,128,1,0,0,1
6,2022-07-14,4,6676,152,1,1,0,1
6,2022-07-15,5,7250,148,1,1,0,1
6,2022-07-16,6,6984,157,1,0,0,1
6,2022-07-17,7,7914,204,1,1,0,1
6,2022-07-18,1,4931,112,1,0,0,1
6,2022-07-19,2,6515,126,1,1,0,1
6,2022-07-20,3,5286,111,1,0,0,1
6,2022-07-21,4,6623,142,1,1,0,1
6,2022-07-22,5,6928,152,1,1,0,1
6,2022-07-23,6,7827,178,1,0,0,1
6,2022-07-24,7,5924,145,1,0,0,1
6,2022-07-25,1,6876,161,1,1,0,1
6,2022-07-26,2,6579,150,1,1,0,1
6,2022-07-27,3,5373,146,1,0,0,1
6,2022-07-28,4,7525,152,1,1,0,1
6,2022-07-29,5,6208,131,1,0,0,1
6,2022-07-30,6,8134,184,1,0,0,1
6,2022-07-31,7,6728,160,1,0,0,1
6,2022-08-01,1,5185,119,1,0,0,0
6,2022-08-02,2,6341,134,1,1,0,0
6,2022-08-03,3,5455,122,1,0,0,0
6,2022-08-04,4,6556,135,1,1,0,0
6,2022-08-05,5,6772,150,1,0,0,0
6,2022-08-06,6,8059,169,1,0,0,0
6,2022-08-07,7,6451,146,1,0,0,0
6,2022-08-08,1,5889,164,1,0,0,0
6,2022-08-09,2,4928,96,1,0,0,0
6,2022-08-10,3,5873,127,1,0,0,0
6,2022-08-11,4,5862,133,1,0,0,0
6,2022-08-12,5,6576,137,1,0,0,0
6,2022-08-13,6,7939,171,1,0,0,0
6,2022-08-14,7,0,0,0,0,0,0
6,2022-08-15,1,6563,154,1,1,0,0
6,2022-08-16,2,6857,170,1,1,0,0
6,2022-08-17,3,5571,128,1,0,a,0
6,2022-08-18,4,5486,130,1,0,0,0
6,2022-08-19,5,6079,142,1,0,0,0
6,2022-08-20,6,10022,215,1,1,0,0
6,2022-08-21,7,6431,152,1,0,0,0
6,2022-08-22,1,5738,122,1,0,0,0
6,2022-08-23,2,5446,115,1,0,0,0
6,2022-08-24,3,5694,108,1,0,0,0
6,2022-08-25,4,5720,127,1,0,0,0
6,2022-08-26,5,7490,182,1,1,0,0
6,2022-08-27,6,8318,180,1,0,0,0
6,2022-08-28,7,5864,121,1,0,0,0
6,2022-08-29,1,5408,129,1,0,0,0
6,2022-08-30,2,5031,120,1,0,0,0
6,2022-08-31,3,6550,141,1,1,0,0
6,2022-09-01,4,5533,123,1,0,0,0
6,2022-09-02,5,7794,162,1,1,0,0
6,2022-09-03,6,8043,165,1,0,0,0
6,2022-09-04,7,0,0,0,0,0,0
6,2022-09-05,1,6656,167,1,1,0,0
6,2022-09-06,2,5227,126,1,0,0,0
6,2022-09-07,3,6388,124,1,1,0,0
6,2022-09-08,4,5315,127,1,0,0,0
6,2022-09-09,5,7954,175,1,1,0,0
6,2022-09-10,6,8322,188,1,0,0,0
6,2022-09-11,7,0,0,0,0,0,0
6,2022-09-12,1,7040,145,1,1,0,0
6,2022-09-13,2,6115,162,1,1,0,0
6,2022-09-14,3,7016,167,1,1,0,0
6,2022-09-15,4,6803,144,1,1,0,0
6,2022-09-16,5,7490,158,1,1,0,0
6,2022-09-17,6,7773,161,1,0,0,0
6,2022-09-18,7,6560,160,1,0,0,0
6,2022-09-19,1,5509,119,1,0,0,0
6,2022-09-20,2,5368,111,1,0,0,0
6,2022-09-21,3,5433,122,1,0,0,0
6,2022-09-22,4,5875,127,1,0,0,0
6,2022-09-23,5,6826,151,1,0,0,0
6,2022-09-24,6,8048,168,1,0,0,0
6,2022-09-25,7,6630,151,1,0,0,0
6,2022-09-26,1,5235,116,1,0,0,0
6,2022-09-27,2,5178,115,1,0,0,0
6,2022-09-28,3,7335,145,1,1,0,0
6,2022-09-29,4,7580,181,1,1,0,0
6,2022-09-30,5,6243,138,1,0,0,0
6,2022-10-01,6,8310,201,1,0,0,0
6,2022-10-02,7,6915,165,1,0,0,0
6,2022-10-03,1,5289,111,1,0,0,0
6,2022-10-04,2,4946,106,1,0,0,0
6,2022-10-05,3,5724,130,1,0,0,0
6,2022-10-06,4,5971,145,1,0,0,0
6,2022-10-07,5,6555,131,1,0,0,0
6,2022-10-08,6,9967,233,1,1,0,0
6,2022-10-09,7,8908,175,1,1,0,0
6,2022-10-10,1,5497,113,1,0,0,0
6,2022-10-11,2,4996,105,1,0,0,0
6,2022-10-12,3,5101,101,1,0,0,0
6,2022-10-13,4,5640,112,1,0,0,0
6,2022-10-14,5,8001,192,1,1,0,0
6,2022-10-15,6,8023,203,1,0,0,0
6,2022-10-16,7,0,0,0,1,0,0
6,2022-10-17,1,5539,119,1,0,0,0
6,2022-10-18,2,6315,156,1,1,0,0
6,2022-10-19,3,4922,117,1,0,0,0
6,2022-10-20,4,7253,153,1,1,0,0
6,2022-10-21,5,6654,147,1,0,0,0
6,2022-10-22,6,8914,215,1,0,0,0
6,2022-10-23,7,6579,144,1,0,0,0
6,2022-10-24,1,5907,127,1,0,0,0
6,2022-10-25,2,6198,126,1,1,0,0
6,2022-10-26,3,6834,159,1,1,0,0
6,2022-10-27,4,6818,156,1,1,0,0
6,2022-10-28,5,6603,147,1,0,0,0
6,2022-10-29,6,9547,214,1,1,0,0
6,2022-10-30,7,0,0,0,0,0,0
6,2022-10-31,1,5110,123,1,0,0,0
6,2022-11-01,2,5797,126,1,0,0,0
6,2022-11-02,3,5468,121,1,0,0,0
6,2022-11-03,4,5864,144,1,0,0,0
6,2022-11-04,5,5794,120,1,0,0,0
6,2022-11-05,6,7572,166,1,0,0,0
6,2022-11-06,7,0,0,0,1,0,0
6,2022-11-07,1,5690,136,1,0,0,0
6,2022-11-08,2,5514,120,1,0,0,0
6,2022-11-09,3,5885,153,1,0,0,0
6,2022-11-10,4,5331,100,1,0,0,0
6,2022-11-11,5,6536,143,1,0,0,0
6,2022-11-12,6,7968,176,1,0,0,0
6,2022-11-13,7,0,0,0,0,0,0
6,2022-11-14,1,5321,118,1,0,0,0
6,2022-11-15,2,5317,125,1,0,0,0
6,2022-11-16,3,7221,151,1,1,0,0
6,2022-11-17,4,6100,138,1,0,0,0
6,2022-11-18,5,6552,167,1,0,0,0
6,2022-11-19,6,10590,214,1,1,0,0
6,2022-11-20,7,7303,152,1,0,0,0
6,2022-11-21,1,5669,131,1,0,0,0
6,2022-11-22,2,6625,167,1,1,0,0
6,2022-11-23,3,5765,131,1,0,0,0
6,2022-11-24,4,6280,143,1,0,0,0
6,2022-11-25,5,6119,130,1,0,0,0
6,2022-11-26,6,8050,171,1,0,0,0
6,2022-11-27,7,0,0,0,0,0,0
6,2022-11-28,1,5408,125,1,0,0,0
6,2022-11-29,2,5572,102,1,0,0,0
6,2022-11-30,3,5974,147,1,0,0,0
6,2022-12-01,4,5433,139,1,0,0,0
6,2022-12-02,5,6277,147,1,0,0,0
6,2022-12-03,6,8738,172,1,0,0,0
6,2022-12-04,7,0,0,0,0,0,0
6,2022-12-05,1,4942,113,1,0,0,0
6,2022-12-06,2,6549,158,1,1,0,0
6,2022-12-07,3,5845,134,1,0,0,0
6,2022-12-08,4,6177,132,1,0,0,0
6,2022-12-09,5,6436,141,1,0,0,0
6,2022-12-10,6,8455,202,1,0,0,0
6,2022-12-11,7,0,0,0,1,0,0
6,2022-12-12,1,5755,129,1,0,0,0
6,2022-12-13,2,7212,162,1,1,0,0
6,2022-12-14,3,5848,118,1,0,0,0
6,2022-12-15,4,7228,176,1,1,0,0
6,2022-12-16,5,6570,142,1,0,0,0
6,2022-12-17,6,10830,252,1,1,0,0
6,2022-12-18,7,6750,150,1,0,0,0
6,2022-12-19,1,5737,119,1,0,0,0
6,2022-12-20,2,5495,130,1,0,0,0
6,2022-12-21,3,6042,152,1,0,0,0
6,2022-12-22,4,7539,148,1,1,0,0
6,2022-12-23,5,6282,140,1,0,0,0
6,2022-12-24,6,8867,179,1,0,0,0
6,2022-12-25,7,0,0,0,1,a,0
6,2022-12-26,1,5487,124,1,0,0,0
6,2022-12-27,2,6298,140,1,1,0,0
6,2022-12-28,3,7146,148,1,1,0,0
6,2022-12-29,4,6373,145,1,0,0,0
6,2022-12-30,5,6966,163,1,1,0,0
6,2022-12-31,6,7183,144,1,0,0,0
6,2023-01-01,7,0,0,0,0,a,0
6,2023-01-02,1,5601,133,1,0,0,0
6,2023-01-03,2,5596,136,1,0,0,0
6,2023-01-04,3,6891,151,1,1,0,0
6,2023-01-05,4,6527,121,1,1,0,0
6,2023-01-06,5,6196,133,1,0,0,0
6,2023-01-07,6,8962,234,1,0,0,0
6,2023-01-08,7,8279,161,1,1,0,0
6,2023-01-09,1,5422,108,1,0,0,0
6,2023-01-10,2,4710,103,1,0,0,0
6,2023-01-11,3,5160,107,1,0,0,0
6,2023-01-12,4,7729,160,1,1,0,0
6,2023-01-13,5,6392,131,1,0,0,0
6,2023-01-14,6,10926,226,1,1,0,0
6,2023-01-15,7,0,0,0,1,0,0
6,2023-01-16,1,5147,120,1,0,0,0
6,2023-01-17,2,5362,146,1,0,0,0
6,2023-01-18,3,6898,161,1,1,0,0
6,2023-01-19,4,5623,128,1,0,0,0
6,2023-01-20,5,7782,187,1,1,0,0
6,2023-01-21,6,10358,237,1,1,0,0
6,2023-01-22,7,6632,164,1,0,0,0
6,2023-01-23,1,6632,152,1,1,0,0
6,2023-01-24,2,7417,140,1,1,0,0
6,2023-01-25,3,7277,172,1,1,0,0
6,2023-01-26,4,5925,129,1,0,0,0
6,2023-01-27,5,6477,144,1,0,0,0
6,2023-01-28,6,8635,175,1,0,0,0
6,2023-01-29,7,6992,166,1,0,0,0
6,2023-01-30,1,5286,110,1,0,0,0
6,2023-01-31,2,6293,131,1,1,0,0
6,2023-02-01,3,5053,122,1,0,0,0
6,2023-02-02,4,6416,128,1,0,0,0
6,2023-02-03,5,6365,156,1,0,0,0
6,2023-02-04,6,10774,272,1,1,0,0
6,2023-02-05,7,6892,166,1,0,0,0
6,2023-02-06,1,5839,121,1,0,0,0
6,2023-02-07,2,5444,121,1,0,0,0
6,2023-02-08,3,6665,149,1,1,0,0
6,2023-02-09,4,5593,111,1,0,0,0
6,2023-02-10,5,6407,144,1,0,0,0
6,2023-02-11,6,9652,183,1,1,0,0
6,2023-02-12,7,0,0,0,1,0,0
6,2023-02-13,1,6573,146,1,1,0,0
6,2023-02-14,2,5381,121,1,0,0,0
6,2023-02-15,3,5579,136,1,0,0,0
6,2023-02-16,4,7430,154,1,1,0,0
6,2023-02-17,5,6811,153,1,0,0,0
6,2023-02-18,6,10374,229,1,1,0,0
6,2023-02-19,7,6332,169,1,0,0,0
6,2023-02-20,1,5029,88,1,0,0,0
6,2023-02-21,2,5525,116,1,0,0,0
6,2023-02-22,3,5540,134,1,0,0,0
6,2023-02-23,4,5872,113,1,0,0,0
6,2023-02-24,5,6651,164,1,0,0,0
6,2023-02-25,6,11278,251,1,1,0,0
6,2023-02-26,7,6259,137,1,0,0,0
6,2023-02-27,1,5329,98,1,0,0,0
6,2023-02-28,2,6833,156,1,1,0,0
6,2023-03-01,3,5413,124,1,0,0,0
6,2023-03-02,4,5488,103,1,0,0,0
6,2023-03-03,5,8730,195,1,1,0,0
6,2023-03-04,6,7988,184,1,0,0,0
6,2023-03-05,7,8026,175,1,1,0,0
6,2023-03-06,1,6625,162,1,1,0,0
6,2023-03-07,2,7247,161,1,1,0,0
6,2023-03-08,3,5550,123,1,0,0,0
6,2023-03-09,4,5528,125,1,0,0,0
6,2023-03-10,5,6290,108,1,0,0,0
6,2023-03-11,6,8424,181,1,0,0,0
6,2023-03-12,7,8986,174,1,1,0,0
6,2023-03-13,1,5860,119,1,0,0,0
6,2023-03-14,2,5294,114,1,0,0,0
6,2023-03-15,3,7009,144,1,1,0,0
6,2023-03-16,4,6575,160,1,0,0,0
6,2023-03-17,5,6905,147,1,0,0,0
6,2023-03-18,6,8352,182,1,0,0,0
6,2023-03-19,7,0,0,0,1,0,0
6,2023-03-20,1,5512,128,1,0,0,0
6,2023-03-21,2,6440,153,1,1,0,0
6,2023-03-22,3,5521,133,1,0,0,0
6,2023-03-23,4,7090,131,1,1,0,0
6,2023-03-24,5,8141,194,1,1,0,0
6,2023-03-25,6,8503,205,1,0,0,0
6,2023-03-26,7,6653,175,1,0,0,0
6,2023-03-27,1,5291,117,1,0,0,0
6,2023-03-28,2,6847,153,1,1,0,0
6,2023-03-29,3,5636,132,1,0,0,0
6,2023-03-30,4,5404,144,1,0,0,0
6,2023-03-31,5,6800,152,1,0,0,0
6,2023-04-01,6,8178,181,1,0,0,0
6,2023-04-02,7,0,0,0,0,0,0
6,2023-04-03,1,5599,112,1,0,0,0
6,2023-04-04,2,5532,133,1,0,0,0
6,2023-04-05,3,7290,157,1,1,0,0
6,2023-04-06,4,5590,124,1,0,0,0
6,2023-04-07,5,6714,150,1,0,0,0
6,2023-04-08,6,10445,266,1,1,0,0
6,2023-04-09,7,9131,196,1,1,0,0
6,2023-04-10,1,7377,180,1,1,0,0
6,2023-04-11,2,5913,109,1,0,0,0
6,2023-04-12,3,5528,130,1,0,0,0
6,2023-04-13,4,6376,155,1,0,0,0
6,2023-04-14,5,8317,198,1,1,0,0
6,2023-04-15,6,15859,331,1,0,0,0
6,2023-04-16,7,12915,300,1,0,0,0
6,2023-04-17,1,10460,248,1,0,0,0
6,2023-04-18,2,9456,203,1,0,0,0
6,2023-04-19,3,10957,226,1,0,0,0
6,2023-04-20,4,10991,258,1,0,0,0
6,2023-04-21,5,11061,231,1,0,0,0
6,2023-04-22,6,0,0,0,0,b,0
6,2023-04-23,7,0,0,0,1,b,0
6,2023-04-24,1,6606,132,1,1,0,0
6,2023-04-25,2,7253,158,1,1,0,0
6,2023-04-26,3,6736,141,1,1,0,0
6,2023-04-27,4,5614,127,1,0,0,0
6,2023-04-28,5,7302,167,1,0,0,0
6,2023-04-29,6,8354,187,1,0,0,0
6,2023-04-30,7,7194,174,1,0,0,0
6,2023-05-01,1,6020,137,1,0,0,0
6,2023-05-02,2,5790,127,1,0,0,0
6,2023-05-03,3,5873,132,1,0,0,0
6,2023-05-04,4,6010,138,1,0,0,0
6,2023-05-05,5,6835,176,1,0,0,0
6,2023-05-06,6,8464,194,1,0,0,0
6,2023-05-07,7,9024,183,1,1,0,0
6,2023-05-08,1,5636,120,1,0,0,0
6,2023-05-09,2,5543,115,1,0,0,0
6,2023-05-10,3,6389,136,1,0,0,0
6,2023-05-11,4,5886,131,1,0,0,0
6,2023-05-12,5,6674,152,1,0,0,0
6,2023-05-13,6,8759,177,1,0,0,0
6,2023-05-14,7,7161,180,1,0,0,0
6,2023-05-15,1,5803,114,1,0,0,0
6,2023-05-16,2,6555,145,1,1,0,0
6,2023-05-17,3,7371,138,1,1,0,0
6,2023-05-18,4,6115,138,1,0,0,0
6,2023-05-19,5,7060,166,1,0,0,0
6,2023-05-20,6,11133,255,1,1,0,0
6,2023-05-21,7,7422,168,1,0,0,0
6,2023-05-22,1,5442,130,1,0,0,0
6,2023-05-23,2,5324,131,1,0,0,0
6,2023-05-24,3,7444,171,1,1,0,0
6,2023-05-25,4,6394,151,1,0,0,0
6,2023-05-26,5,6623,130,1,0,0,0
6,2023-05-27,6,10356,240,1,1,0,0
6,2023-05-28,7,6451,143,1,0,0,0
6,2023-05-29,1,5843,126,1,0,0,0
6,2023-05-30,2,6976,156,1,1,0,0
6,2023-05-31,3,5742,141,1,0,0,0
6,2023-06-01,4,6336,139,1,0,0,1
6,2023-06-02,5,6672,138,1,0,0,1
6,2023-06-03,6,8619,170,1,0,0,1
6,2023-06-04,7,0,0,0,0,0,1
6,2023-06-05,1,6378,143,1,0,0,1
6,2023-06-06,2,5497,114,1,0,0,1
6,2023-06-07,3,7026,153,1,1,0,1
6,2023-06-08,4,5772,145,1,0,0,1
6,2023-06-09,5,6873,154,1,0,0,1
6,2023-06-10,6,8162,174,1,0,0,1
6,2023-06-11,7,0,0,0,1,0,1
6,2023-06-12,1,5676,114,1,0,0,1
6,2023-06-13,2,6069,127,1,0,0,1
6,2023-06-14,3,6240,139,1,0,0,1
6,2023-06-15,4,5615,123,1,0,0,1
6,2023-06-16,5,7257,174,1,0,0,1
6,2023-06-17,6,10152,217,1,1,0,1
6,2023-06-18,7,0,0,0,0,0,1
6,2023-06-19,1,5527,131,1,0,0,1
6,2023-06-20,2,5531,108,1,0,0,1
6,2023-06-21,3,7012,147,1,1,0,1
6,2023-06-22,4,6603,138,1,0,0,1
6,2023-06-23,5,6688,136,1,0,0,1
6,2023-06-24,6,8759,182,1,0,0,1
6,2023-06-25,7,6681,125,1,0,0,1
6,2023-06-26,1,5368,117,1,0,0,1
6,2023-06-27,2,5525,106,1,0,0,1
6,2023-06-28,3,6062,138,1,0,0,1
6,2023-06-29,4,6065,136,1,0,0,1
6,2023-06-30,5,7075,161,1,0,0,1
6,2023-07-01,6,8730,211,1,0,0,1
6,2023-07-02,7,0,0,0,0,0,1
6,2023-07-03,1,7427,180,1,1,0,1
6,2023-07-04,2,7110,120,1,1,0,1
6,2023-07-05,3,7747,199,1,1,0,1
6,2023-07-06,4,7853,179,1,1,0,1
6,2023-07-07,5,7066,172,1,0,0,1
6,2023-07-08,6,11252,238,1,1,0,1
6,2023-07-09,7,7565,162,1,0,0,1
6,2023-07-10,1,6037,123,1,0,0,1
6,2023-07-11,2,6164,147,1,0,0,1
6,2023-07-12,3,5768,133,1,0,0,1
6,2023-07-13,4,7973,171,1,1,0,1
6,2023-07-14,5,6302,150,1,0,0,1
6,2023-07-15,6,9117,177,1,0,0,1
6,2023-07-16,7,8893,189,1,1,0,1
6,2023-07-17,1,6078,119,1,0,0,1
6,2023-07-18,2,6155,152,1,0,0,1
6,2023-07-19,3,7720,169,1,1,0,1
6,2023-07-20,4,6007,140,1,0,0,1
6,2023-07-21,5,6411,156,1,0,0,1
6,2023-07-22,6,8953,219,1,0,0,1
6,2023-07-23,7,0,0,0,0,0,1
6,2023-07-24,1,7511,167,1,1,0,1
6,2023-07-25,2,5544,133,1,0,0,1
6,2023-07-26,3,5671,116,1,0,0,1
6,2023-07-27,4,6069,127,1,0,0,1
6,2023-07-28,5,6962,153,1,0,0,1
6,2023-07-29,6,10984,248,1,1,0,1
6,2023-07-30,7,6829,163,1,0,0,1
6,2023-07-31,1,6350,152,1,0,0,1
6,2023-08-01,2,5658,115,1,0,0,0
6,2023-08-02,3,5284,113,1,0,0,0
6,2023-08-03,4,8050,169,1,1,0,0
6,2023-08-04,5,6799,145,1,0,0,0
6,2023-08-05,6,8674,186,1,0,0,0
6,2023-08-06,7,7062,148,1,0,0,0
6,2023-08-07,1,7227,142,1,1,0,0
6,2023-08-08,2,6183,148,1,0,0,0
6,2023-08-09,3,7633,183,1,1,0,0
6,2023-08-10,4,6244,111,1,0,0,0
6,2023-08-11,5,8406,192,1,1,0,0
6,2023-08-12,6,9520,259,1,0,0,0
6,2023-08-13,7,0,0,0,0,0,0
6,2023-08-14,1,6134,153,1,0,0,0
6,2023-08-15,2,5796,141,1,0,0,0
6,2023-08-16,3,7845,158,1,1,0,0
6,2023-08-17,4,7869,183,1,1,a,0
6,2023-08-18,5,6699,124,1,0,0,0
6,2023-08-19,6,8940,195,1,0,0,0
6,2023-08-20,7,7904,175,1,0,0,0
6,2023-08-21,1,7393,198,1,1,0,0
6,2023-08-22,2,6089,142,1,0,0,0
6,2023-08-23,3,6344,129,1,0,0,0
6,2023-08-24,4,6358,149,1,0,0,0
6,2023-08-25,5,7403,174,1,0,0,0
6,2023-08-26,6,7837,176,1,0,0,0
6,2023-08-27,7,6508,151,1,0,0,0
6,2023-08-28,1,6371,165,1,0,0,0
6,2023-08-29,2,6937,151,1,1,0,0
6,2023-08-30,3,6031,137,1,0,0,0
6,2023-08-31,4,6736,163,1,0,0,0
6,2023-09-01,5,6916,143,1,0,0,0
6,2023-09-02,6,11938,289,1,1,0,0
6,2023-09-03,7,7038,150,1,0,0,0
6,2023-09-04,1,6055,132,1,0,0,0
6,2023-09-05,2,5761,127,1,0,0,0
6,2023-09-06,3,6455,123,1,0,0,0
6,2023-09-07,4,6123,142,1,0,0,0
6,2023-09-08,5,8161,210,1,1,0,0
6,2023-09-09,6,10769,232,1,1,0,0
6,2023-09-10,7,0,0,0,0,0,0
6,2023-09-11,1,5693,96,1,0,0,0
6,2023-09-12,2,6945,169,1,1,0,0
6,2023-09-13,3,6355,122,1,0,0,0
6,2023-09-14,4,8315,200,1,1,0,0
6,2023-09-15,5,7005,138,1,0,0,0
6,2023-09-16,6,10687,270,1,1,0,0
6,2023-09-17,7,8738,168,1,1,0,0
6,2023-09-18,1,6603,159,1,1,0,0
6,2023-09-19,2,5873,126,1,0,0,0
6,2023-09-20,3,5821,125,1,0,0,0
6,2023-09-21,4,8353,183,1,1,0,0
6,2023-09-22,5,6408,140,1,0,0,0
6,2023-09-23,6,8588,205,1,0,0,0
6,2023-09-24,7,8973,204,1,1,0,0
6,2023-09-25,1,7550,172,1,1,0,0
6,2023-09-26,2,7867,183,1,1,0,0
6,2023-09-27,3,5623,106,1,0,0,0
6,2023-09-28,4,7676,201,1,1,0,0
6,2023-09-29,5,8001,174,1,1,0,0
6,2023-09-30,6,9215,200,1,0,0,0
6,2023-10-01,7,0,0,0,0,0,0
6,2023-10-02,1,5882,135,1,0,0,0
6,2023-10-03,2,5733,145,1,0,0,0
6,2023-10-04,3,7602,187,1,1,0,0
6,2023-10-05,4,6197,145,1,0,0,0
6,2023-10-06,5,8211,171,1,1,0,0
6,2023-10-07,6,11146,242,1,1,0,0
6,2023-10-08,7,0,0,0,0,0,0
6,2023-10-09,1,7704,162,1,1,0,0
6,2023-10-10,2,5809,158,1,0,0,0
6,2023-10-11,3,7177,172,1,1,0,0
6,2023-10-12,4,7008,149,1,0,0,0
6,2023-10-13,5,9361,210,1,1,0,0
6,2023-10-14,6,9980,252,1,0,0,0
6,2023-10-15,7,7124,131,1,0,0,0
6,2023-10-16,1,7105,147,1,1,0,0
6,2023-10-17,2,6035,127,1,0,0,0
6,2023-10-18,3,6403,129,1,0,0,0
6,2023-10-19,4,6327,137,1,0,0,0
6,2023-10-20,5,7748,178,1,1,0,0
6,2023-10-21,6,8471,188,1,0,0,0
6,2023-10-22,7,7413,152,1,0,0,0
6,2023-10-23,1,5745,122,1,0,0,0
6,2023-10-24,2,5414,106,1,0,0,0
6,2023-10-25,3,5998,135,1,0,0,0
6,2023-10-26,4,5257,99,1,0,0,0
6,2023-10-27,5,6729,139,1,0,0,0
6,2023-10-28,6,8732,191,1,0,0,0
6,2023-10-29,7,7385,161,1,0,0,0
6,2023-10-30,1,7643,193,1,1,0,0
6,2023-10-31,2,5930,141,1,0,0,0
6,2023-11-01,3,6359,133,1,0,0,0
6,2023-11-02,4,6233,121,1,0,0,0
6,2023-11-03,5,6444,132,1,0,0,0
6,2023-11-04,6,11196,240,1,1,0,0
6,2023-11-05,7,0,0,0,0,0,0
6,2023-11-06,1,5556,120,1,0,0,0
6,2023-11-07,2,5998,128,1,0,0,0
6,2023-11-08,3,5665,138,1,0,0,0
6,2023-11-09,4,6510,158,1,0,0,0
6,2023-11-10,5,6511,145,1,0,0,0
6,2023-11-11,6,8821,198,1,0,0,0
6,2023-11-12,7,8862,194,1,1,0,0
6,2023-11-13,1,6310,154,1,0,0,0
6,2023-11-14,2,6013,128,1,0,0,0
6,2023-11-15,3,7318,165,1,1,0,0
6,2023-11-16,4,7821,181,1,1,0,0
6,2023-11-17,5,7435,179,1,0,0,0
6,2023-11-18,6,12044,241,1,1,0,0
6,2023-11-19,7,0,0,0,1,0,0
6,2023-11-20,1,6374,126,1,0,0,0
6,2023-11-21,2,6211,133,1,0,0,0
6,2023-11-22,3,6170,134,1,0,0,0
6,2023-11-23,4,7860,172,1,1,0,0
6,2023-11-24,5,6791,152,1,0,0,0
6,2023-11-25,6,8418,155,1,0,0,0
6,2023-11-26,7,9304,206,1,1,0,0
6,2023-11-27,1,5939,152,1,0,0,0
6,2023-11-28,2,5985,127,1,0,0,0
6,2023-11-29,3,6266,129,1,0,0,0
6,2023-11-30,4,7123,162,1,0,0,0
6,2023-12-01,5,9266,210,1,1,0,0
6,2023-12-02,6,9241,165,1,0,0,0
6,2023-12-03,7,8185,205,1,1,0,0
6,2023-12-04,1,6117,131,1,0,0,0
6,2023-12-05,2,6332,134,1,0,0,0
6,2023-12-06,3,7506,164,1,1,0,0
6,2023-12-07,4,7031,157,1,0,0,0
6,2023-12-08,5,7196,142,1,0,0,0
6,2023-12-09,6,9142,212,1,0,0,0
6,2023-12-10,7,0,0,0,1,0,0
6,2023-12-11,1,6461,127,1,0,0,0
6,2023-12-12,2,5633,146,1,0,0,0
6,2023-12-13,3,5972,126,1,0,0,0
6,2023-12-14,4,5750,123,1,0,0,0
6,2023-12-15,5,9164,188,1,1,0,0
6,2023-12-16,6,9289,208,1,0,0,0
6,2023-12-17,7,7358,147,1,0,0,0
6,2023-12-18,1,6242,141,1,0,0,0
6,2023-12-19,2,6076,133,1,0,0,0
6,2023-12-20,3,7554,169,1,1,0,0
6,2023-12-21,4,6108,129,1,0,0,0
6,2023-12-22,5,8032,187,1,1,0,0
6,2023-12-23,6,8958,204,1,0,0,0
6,2023-12-24,7,6885,163,1,0,0,0
6,2023-12-25,1,7597,154,1,1,a,0
6,2023-12-26,2,5849,136,1,0,0,0
6,2023-12-27,3,7552,191,1,1,0,0
6,2023-12-28,4,8376,184,1,1,0,0
6,2023-12-29,5,6692,163,1,0,0,0
6,2023-12-30,6,8217,170,1,0,0,0
6,2023-12-31,7,0,0,0,1,0,0
6,2024-01-01,1,5815,130,1,0,a,0
6,2024-01-02,2,5941,136,1,0,0,0
6,2024-01-03,3,5893,122,1,0,0,0
6,2024-01-04,4,6512,157,1,0,0,0
6,2024-01-05,5,8385,168,1,1,0,0
6,2024-01-06,6,8622,187,1,0,0,0
6,2024-01-07,7,7618,163,1,0,0,0
6,2024-01-08,1,6034,127,1,0,0,0
6,2024-01-09,2,5564,113,1,0,0,0
6,2024-01-10,3,5891,132,1,0,0,0
6,2024-01-11,4,7836,152,1,1,0,0
6,2024-01-12,5,6659,155,1,0,0,0
6,2024-01-13,6,11189,236,1,1,0,0
6,2024-01-14,7,0,0,0,1,0,0
6,2024-01-15,1,5780,129,1,0,0,0
6,2024-01-16,2,6117,122,1,0,0,0
6,2024-01-17,3,5879,138,1,0,0,0
6,2024-01-18,4,6797,172,1,0,0,0
6,2024-01-19,5,8745,206,1,1,0,0
6,2024-01-20,6,10996,210,1,1,0,0
6,2024-01-21,7,0,0,0,0,0,0
6,2024-01-22,1,6078,123,1,0,0,0
6,2024-01-23,2,7699,143,1,1,0,0
6,2024-01-24,3,6980,149,1,1,0,0
6,2024-01-25,4,6574,134,1,0,0,0
6,2024-01-26,5,6901,153,1,0,0,0
6,2024-01-27,6,9128,218,1,0,0,0
6,2024-01-28,7,9241,203,1,1,0,0
6,2024-01-29,1,6486,146,1,0,0,0
6,2024-01-30,2,5390,109,1,0,0,0
6,2024-01-31,3,6716,156,1,0,0,0
6,2024-02-01,4,6645,154,1,0,0,0
6,2024-02-02,5,7150,166,1,0,0,0
6,2024-02-03,6,10589,221,1,1,0,0
6,2024-02-04,7,6815,155,1,0,0,0
6,2024-02-05,1,5916,148,1,0,0,0
6,2024-02-06,2,6142,129,1,0,0,0
6,2024-02-07,3,6223,137,1,0,0,0
6,2024-02-08,4,6615,147,1,0,0,0
6,2024-02-09,5,6587,145,1,0,0,0
6,2024-02-10,6,9160,181,1,0,0,0
6,2024-02-11,7,7857,163,1,0,0,0
6,2024-02-12,1,6539,151,1,0,0,0
6,2024-02-13,2,5588,114,1,0,0,0
6,2024-02-14,3,7656,172,1,1,0,0
6,2024-02-15,4,7912,172,1,1,0,0
6,2024-02-16,5,6896,162,1,0,0,0
6,2024-02-17,6,9570,217,1,0,0,0
6,2024-02-18,7,0,0,0,1,0,0
6,2024-02-19,1,5766,129,1,0,0,0
6,2024-02-20,2,7623,180,1,1,0,0
6,2024-02-21,3,7921,164,1,1,0,0
6,2024-02-22,4,6552,158,1,0,0,0
6,2024-02-23,5,7605,182,1,0,0,0
6,2024-02-24,6,11675,221,1,1,0,0
6,2024-02-25,7,6674,133,1,0,0,0
6,2024-02-26,1,5676,110,1,0,0,0
6,2024-02-27,2,5662,132,1,0,0,0
6,2024-02-28,3,6020,129,1,0,0,0
6,2024-02-29,4,6414,138,1,0,0,0
6,2024-03-01,5,8831,209,1,1,0,0
6,2024-03-02,6,10433,227,1,1,0,0
6,2024-03-03,7,0,0,0,0,0,0
6,2024-03-04,1,5476,109,1,0,0,0
6,2024-03-05,2,5525,118,1,0,0,0
6,2024-03-06,3,6574,171,1,0,0,0
6,2024-03-07,4,6382,130,1,0,0,0
6,2024-03-08,5,8515,192,1,1,0,0
6,2024-03-09,6,10395,208,1,1,0,0
6,2024-03-10,7,7117,153,1,0,0,0
6,2024-03-11,1,6321,146,1,0,0,0
6,2024-03-12,2,6142,126,1,0,0,0
6,2024-03-13,3,6195,140,1,0,0,0
6,2024-03-14,4,6393,145,1,0,0,0
6,2024-03-15,5,6529,154,1,0,0,0
6,2024-03-16,6,11069,216,1,1,0,0
6,2024-03-17,7,7717,164,1,0,0,0
6,2024-03-18,1,5937,129,1,0,0,0
6,2024-03-19,2,8121,168,1,1,0,0
6,2024-03-20,3,6663,153,1,0,0,0
6,2024-03-21,4,6343,131,1,0,0,0
6,2024-03-22,5,7080,168,1,0,0,0
6,2024-03-23,6,10253,193,1,0,0,0
6,2024-03-24,7,9798,233,1,1,0,0
6,2024-03-25,1,6176,122,1,0,0,0
6,2024-03-26,2,7593,171,1,1,0,0
6,2024-03-27,3,6340,151,1,0,0,0
6,2024-03-28,4,6495,148,1,0,0,0
6,2024-03-29,5,8502,166,1,1,0,0
6,2024-03-30,6,9056,234,1,0,0,0
6,2024-03-31,7,6991,125,1,0,0,0
6,2024-04-01,1,6387,134,1,0,0,0
6,2024-04-02,2,5988,127,1,0,0,0
6,2024-04-03,3,11786,234,1,0,0,0
6,2024-04-04,4,10972,278,1,0,0,0
6,2024-04-05,5,13877,290,1,0,0,0
6,2024-04-06,6,17742,362,1,0,0,0
6,2024-04-07,7,15637,306,1,1,0,0
6,2024-04-08,1,10831,265,1,0,0,0
6,2024-04-09,2,13315,308,1,1,0,0
6,2024-04-10,3,0,0,0,0,b,0
6,2024-04-11,4,0,0,0,0,b,0
6,2024-04-12,5,9262,239,1,1,0,0
6,2024-04-13,6,9053,193,1,0,0,0
6,2024-04-14,7,8635,193,1,1,0,0
6,2024-04-15,1,6422,137,1,0,0,0
6,2024-04-16,2,5808,131,1,0,0,0
6,2024-04-17,3,6106,115,1,0,0,0
6,2024-04-18,4,7080,146,1,0,0,0
6,2024-04-19,5,9204,195,1,1,0,0
6,2024-04-20,6,8909,211,1,0,0,0
6,2024-04-21,7,8897,184,1,1,0,0
6,2024-04-22,1,8115,201,1,1,0,0
6,2024-04-23,2,6328,132,1,0,0,0
6,2024-04-24,3,6173,144,1,0,0,0
6,2024-04-25,4,7662,170,1,1,0,0
6,2024-04-26,5,9213,198,1,1,0,0
6,2024-04-27,6,9576,205,1,0,0,0
6,2024-04-28,7,7438,174,1,0,0,0
6,2024-04-29,1,5860,125,1,0,0,0
6,2024-04-30,2,6073,145,1,0,0,0
6,2024-05-01,3,6489,144,1,0,0,0
6,2024-05-02,4,7990,188,1,1,0,0
6,2024-05-03,5,7337,144,1,0,0,0
6,2024-05-04,6,9482,182,1,0,0,0
6,2024-05-05,7,8026,170,1,0,0,0
6,2024-05-06,1,6081,144,1,0,0,0
6,2024-05-07,2,5729,136,1,0,0,0
6,2024-05-08,3,6332,147,1,0,0,0
6,2024-05-09,4,7115,177,1,0,0,0
6,2024-05-10,5,6614,162,1,0,0,0
6,2024-05-11,6,8250,166,1,0,0,0
6,2024-05-12,7,0,0,0,1,0,0
6,2024-05-13,1,6104,127,1,0,0,0
6,2024-05-14,2,6021,134,1,0,0,0
6,2024-05-15,3,6285,146,1,0,0,0
6,2024-05-16,4,8628,186,1,1,0,0
6,2024-05-17,5,7250,184,1,0,0,0
6,2024-05-18,6,9726,216,1,0,0,0
6,2024-05-19,7,8339,184,1,1,0,0
6,2024-05-20,1,6067,125,1,0,0,0
6,2024-05-21,2,5846,131,1,0,0,0
6,2024-05-22,3,5645,122,1,0,0,0
6,2024-05-23,4,6616,144,1,0,0,0
6,2024-05-24,5,7240,156,1,0,0,0
6,2024-05-25,6,11424,285,1,1,0,0
6,2024-05-26,7,7578,168,1,0,0,0
6,2024-05-27,1,7842,180,1,1,0,0
6,2024-05-28,2,6413,147,1,0,0,0
6,2024-05-29,3,8234,180,1,1,0,0
6,2024-05-30,4,6700,150,1,0,0,0
6,2024-05-31,5,8128,177,1,0,0,0
6,2024-06-01,6,9040,214,1,0,0,1
6,2024-06-02,7,0,0,0,1,0,1
6,2024-06-03,1,6618,135,1,0,0,1
6,2024-06-04,2,6684,166,1,0,0,1
6,2024-06-05,3,6189,138,1,0,0,1
6,2024-06-06,4,7057,160,1,0,0,1
6,2024-06-07,5,7104,153,1,0,0,1
6,2024-06-08,6,9661,215,1,0,0,1
6,2024-06-09,7,0,0,0,0,0,1
6,2024-06-10,1,6063,139,1,0,0,1
6,2024-06-11,2,6688,142,1,0,0,1
6,2024-06-12,3,7030,146,1,0,0,1
6,2024-06-13,4,7844,174,1,1,0,1
6,2024-06-14,5,7384,162,1,0,0,1
6,2024-06-15,6,9831,206,1,0,0,1
6,2024-06-16,7,0,0,0,0,0,1
6,2024-06-17,1,7848,178,1,1,0,1
6,2024-06-18,2,7031,170,1,1,0,1
6,2024-06-19,3,8283,205,1,1,0,1
6,2024-06-20,4,6651,153,1,0,0,1
6,2024-06-21,5,7185,166,1,0,0,1
6,2024-06-22,6,8678,186,1,0,0,1
6,2024-06-23,7,7444,163,1,0,0,1
6,2024-06-24,1,6443,144,1,0,0,1
6,2024-06-25,2,7661,176,1,1,0,1
6,2024-06-26,3,8506,191,1,1,0,1
6,2024-06-27,4,8759,199,1,1,0,1
6,2024-06-28,5,7731,160,1,0,0,1
6,2024-06-29,6,9176,185,1,0,0,1
6,2024-06-30,7,0,0,0,0,0,1
7,2022-01-01,6,5608,127,1,0,a,0
7,2022-01-02,7,5625,108,1,1,0,0
7,2022-01-03,1,4162,85,1,0,0,0
7,2022-01-04,2,3616,77,1,0,0,0
7,2022-01-05,3,3760,78,1,0,0,0
7,2022-01-06,4,4174,92,1,0,0,0
7,2022-01-07,5,5660,115,1,1,0,0
7,2022-01-08,6,5849,133,1,0,0,0
7,2022-01-09,7,0,0,0,1,0,0
7,2022-01-10,1,3742,95,1,0,0,0
7,2022-01-11,2,3947,74,1,0,0,0
7,2022-01-12,3,5056,101,1,1,0,0
7,2022-01-13,4,4370,101,1,0,0,0
7,2022-01-14,5,5523,134,1,1,0,0
7,2022-01-15,6,5848,131,1,0,0,0
7,2022-01-16,7,4848,116,1,0,0,0
7,2022-01-17,1,3662,77,1,0,0,0
7,2022-01-18,2,4388,91,1,1,0,0
7,2022-01-19,3,4031,90,1,0,0,0
7,2022-01-20,4,5558,115,1,1,0,0
7,2022-01-21,5,4527,97,1,0,0,0
7,2022-01-22,6,5862,132,1,0,0,0
7,2022-01-23,7,5108,112,1,0,0,0
7,2022-01-24,1,3923,87,1,0,0,0
7,2022-01-25,2,4016,89,1,0,0,0
7,2022-01-26,3,5727,145,1,1,0,0
7,2022-01-27,4,4055,97,1,0,0,0
7,2022-01-28,5,4576,114,1,0,0,0
7,2022-01-29,6,6055,118,1,0,0,0
7,2022-01-30,7,5200,137,1,0,0,0
7,2022-01-31,1,3938,97,1,0,0,0
7,2022-02-01,2,4015,100,1,0,0,0
7,2022-02-02,3,4121,90,1,0,0,0
7,2022-02-03,4,4169,90,1,0,0,0
7,2022-02-04,5,4528,108,1,0,0,0
7,2022-02-05,6,5767,116,1,0,0,0
7,2022-02-06,7,0,0,0,0,0,0
7,2022-02-07,1,3662,87,1,0,0,0
7,2022-02-08,2,3600,74,1,0,0,0
7,2022-02-09,3,5135,117,1,1,0,0
7,2022-02-10,4,5293,102,1,1,0,0
7,2022-02-11,5,5916,144,1,1,0,0
7,2022-02-12,6,5699,130,1,0,0,0
7,2022-02-13,7,5760,131,1,1,0,0
7,2022-02-14,1,4898,114,1,1,0,0
7,2022-02-15,2,5081,103,1,1,0,0
7,2022-02-16,3,3859,92,1,0,0,0
7,2022-02-17,4,4231,93,1,0,0,0
7,2022-02-18,5,5655,117,1,1,0,0
7,2022-02-19,6,5516,133,1,0,0,0
7,2022-02-20,7,4555,94,1,0,0,0
7,2022-02-21,1,4164,90,1,0,0,0
7,2022-02-22,2,3778,74,1,0,0,0
7,2022-02-23,3,4327,86,1,0,0,0
7,2022-02-24,4,4200,82,1,0,0,0
7,2022-02-25,5,4334,104,1,0,0,0
7,2022-02-26,6,6125,125,1,0,0,0
7,2022-02-27,7,0,0,0,0,0,0
7,2022-02-28,1,3915,82,1,0,0,0
7,2022-03-01,2,4124,96,1,0,0,0
7,2022-03-02,3,3818,87,1,0,0,0
7,2022-03-03,4,5151,101,1,1,0,0
7,2022-03-04,5,4408,104,1,0,0,0
7,2022-03-05,6,5637,131,1,0,0,0
7,2022-03-06,7,0,0,0,0,0,0
7,2022-03-07,1,4783,115,1,1,0,0
7,2022-03-08,2,3857,82,1,0,0,0
7,2022-03-09,3,4220,85,1,0,0,0
7,2022-03-10,4,4065,93,1,0,0,0
7,2022-03-11,5,4327,103,1,0,0,0
7,2022-03-12,6,7747,184,1,1,0,0
7,2022-03-13,7,0,0,0,1,0,0
7,2022-03-14,1,4372,105,1,0,0,0
7,2022-03-15,2,3838,99,1,0,0,0
7,2022-03-16,3,4069,80,1,0,0,0
7,2022-03-17,4,3744,86,1,0,0,0
7,2022-03-18,5,4407,98,1,0,0,0
7,2022-03-19,6,5331,124,1,0,0,0
7,2022-03-20,7,4976,106,1,0,0,0
7,2022-03-21,1,3997,89,1,0,0,0
7,2022-03-22,2,5061,115,1,1,0,0
7,2022-03-23,3,4270,87,1,0,0,0
7,2022-03-24,4,5554,133,1,1,0,0
7,2022-03-25,5,5793,122,1,1,0,0
7,2022-03-26,6,6054,141,1,0,0,0
7,2022-03-27,7,6319,147,1,1,0,0
7,2022-03-28,1,3861,90,1,0,0,0
7,2022-03-29,2,3748,77,1,0,0,0
7,2022-03-30,3,4429,112,1,0,0,0
7,2022-03-31,4,4830,94,1,1,0,0
7,2022-04-01,5,4813,97,1,0,0,0
7,2022-04-02,6,6142,125,1,0,0,0
7,2022-04-03,7,0,0,0,1,0,0
7,2022-04-04,1,3894,93,1,0,0,0
7,2022-04-05,2,3870,84,1,0,0,0
7,2022-04-06,3,5206,123,1,1,0,0
7,2022-04-07,4,5413,128,1,1,0,0
7,2022-04-08,5,5872,121,1,1,0,0
7,2022-04-09,6,7634,153,1,1,0,0
7,2022-04-10,7,5094,122,1,0,0,0
7,2022-04-11,1,5199,109,1,1,0,0
7,2022-04-12,2,4250,99,1,0,0,0
7,2022-04-13,3,4343,87,1,0,0,0
7,2022-04-14,4,4267,89,1,0,0,0
7,2022-04-15,5,4864,107,1,0,0,0
7,2022-04-16,6,7738,202,1,1,0,0
7,2022-04-17,7,6226,133,1,1,0,0
7,2022-04-18,1,3868,88,1,0,0,0
7,2022-04-19,2,3987,88,1,0,0,0
7,2022-04-20,3,3708,71,1,0,0,0
7,2022-04-21,4,5626,125,1,1,0,0
7,2022-04-22,5,6006,133,1,1,0,0
7,2022-04-23,6,6025,142,1,0,0,0
7,2022-04-24,7,4846,94,1,0,0,0
7,2022-04-25,1,7530,164,1,0,0,0
7,2022-04-26,2,7787,179,1,0,0,0
7,2022-04-27,3,9497,223,1,1,0,0
7,2022-04-28,4,8435,207,1,0,0,0
7,2022-04-29,5,8850,206,1,0,0,0
7,2022-04-30,6,10511,219,1,0,0,0
7,2022-05-01,7,9144,204,1,0,0,0
7,2022-05-02,1,0,0,0,1,b,0
7,2022-05-03,2,0,0,0,0,b,0
7,2022-05-04,3,4066,85,1,0,0,0
7,2022-05-05,4,4196,100,1,0,0,0
7,2022-05-06,5,4764,101,1,0,0,0
7,2022-05-07,6,6010,125,1,0,0,0
7,2022-05-08,7,6294,140,1,1,0,0
7,2022-05-09,1,4154,91,1,0,0,0
7,2022-05-10,2,4229,94,1,0,0,0
7,2022-05-11,3,4273,87,1,0,0,0
7,2022-05-12,4,4145,85,1,0,0,0
7,2022-05-13,5,5250,106,1,0,0,0
7,2022-05-14,6,5895,140,1,0,0,0
7,2022-05-15,7,6101,137,1,1,0,0
7,2022-05-16,1,5244,128,1,1,0,0
7,2022-05-17,2,4561,99,1,0,0,0
7,2022-05-18,3,4250,98,1,0,0,0
7,2022-05-19,4,4165,84,1,0,0,0
7,2022-05-20,5,4368,100,1,0,0,0
7,2022-05-21,6,6996,143,1,1,0,0
7,2022-05-22,7,0,0,0,0,0,0
7,2022-05-23,1,4192,95,1,0,0,0
7,2022-05-24,2,4635,104,1,1,0,0
7,2022-05-25,3,5275,108,1,1,0,0
7,2022-05-26,4,4028,91,1,0,0,0
7,2022-05-27,5,4546,96,1,0,0,0
7,2022-05-28,6,6323,153,1,0,0,0
7,2022-05-29,7,4809,109,1,0,0,0
7,2022-05-30,1,5446,114,1,1,0,0
7,2022-05-31,2,4852,107,1,1,0,0
7,2022-06-01,3,5517,135,1,1,0,1
7,2022-06-02,4,4808,109,1,0,0,1
7,2022-06-03,5,5746,132,1,1,0,1
7,2022-06-04,6,6898,135,1,0,0,1
7,2022-06-05,7,5008,123,1,0,0,1
7,2022-06-06,1,3967,80,1,0,0,1
7,2022-06-07,2,3947,81,1,0,0,1
7,2022-06-08,3,5131,115,1,1,0,1
7,2022-06-09,4,4630,106,1,0,0,1
7,2022-06-10,5,5099,98,1,0,0,1
7,2022-06-11,6,6554,156,1,0,0,1
7,2022-06-12,7,0,0,0,0,0,1
7,2022-06-13,1,4143,86,1,0,0,1
7,2022-06-14,2,3703,93,1,0,0,1
7,2022-06-15,3,5512,128,1,1,0,1
7,2022-06-16,4,4230,89,1,0,0,1
7,2022-06-17,5,4913,109,1,0,0,1
7,2022-06-18,6,6009,127,1,0,0,1
7,2022-06-19,7,0,0,0,1,0,1
7,2022-06-20,1,4293,94,1,0,0,1
7,2022-06-21,2,4214,97,1,0,0,1
7,2022-06-22,3,4234,91,1,0,0,1
7,2022-06-23,4,3885,82,1,0,0,1
7,2022-06-24,5,4982,113,1,0,0,1
7,2022-06-25,6,7434,152,1,1,0,1
7,2022-06-26,7,0,0,0,0,0,1
7,2022-06-27,1,4018,83,1,0,0,1
7,2022-06-28,2,4938,102,1,1,0,1
7,2022-06-29,3,4317,99,1,0,0,1
7,2022-06-30,4,4172,90,1,0,0,1
7,2022-07-01,5,4770,118,1,0,0,1
7,2022-07-02,6,6344,130,1,0,0,1
7,2022-07-03,7,5588,133,1,0,0,1
7,2022-07-04,1,4111,84,1,0,0,1
7,2022-07-05,2,5256,92,1,1,0,1
7,2022-07-06,3,4966,119,1,1,0,1
7,2022-07-07,4,4728,99,1,0,0,1
7,2022-07-08,5,4624,107,1,0,0,1
7,2022-07-09,6,6157,126,1,0,0,1
7,2022-07-10,7,6475,138,1,1,0,1
7,2022-07-11,1,3973,91,1,0,0,1
7,2022-07-12,2,4262,90,1,0,0,1
7,2022-07-13,3,5110,126,1,1,0,1
7,2022-07-14,4,5685,129,1,1,0,1
7,2022-07-15,5,6357,134,1,1,0,1
7,2022-07-16,6,6389,140,1,0,0,1
7,2022-07-17,7,6550,138,1,1,0,1
7,2022-07-18,1,5832,134,1,1,0,1
7,2022-07-19,2,4135,98,1,0,0,1
7,2022-07-20,3,4259,102,1,0,0,1
7,2022-07-21,4,4448,99,1,0,0,1
7,2022-07-22,5,6430,141,1,1,0,1
7,2022-07-23,6,6945,175,1,0,0,1
7,2022-07-24,7,0,0,0,0,0,1
7,2022-07-25,1,3960,90,1,0,0,1
7,2022-07-26,2,5367,116,1,1,0,1
7,2022-07-27,3,3954,85,1,0,0,1
7,2022-07-28,4,4439,92,1,0,0,1
7,2022-07-29,5,4919,114,1,0,0,1
7,2022-07-30,6,7748,179,1,1,0,1
7,2022-07-31,7,5067,104,1,0,0,1
7,2022-08-01,1,3813,96,1,0,0,0
7,2022-08-02,2,4861,110,1,1,0,0
7,2022-08-03,3,4450,106,1,0,0,0
7,2022-08-04,4,4928,96,1,1,0,0
7,2022-08-05,5,4833,101,1,0,0,0
7,2022-08-06,6,6145,137,1,0,0,0
7,2022-08-07,7,4581,101,1,0,0,0
7,2022-08-08,1,4516,92,1,0,0,0
7,2022-08-09,2,3863,76,1,0,0,0
7,2022-08-10,3,4376,99,1,0,0,0
7,2022-08-11,4,5370,106,1,1,0,0
7,2022-08-12,5,4658,103,1,0,0,0
7,2022-08-13,6,6180,110,1,0,0,0
7,2022-08-14,7,0,0,0,0,0,0
7,2022-08-15,1,5166,105,1,1,0,0
7,2022-08-16,2,3919,85,1,0,0,0
7,2022-08-17,3,4050,86,1,0,a,0
7,2022-08-18,4,4628,105,1,0,0,0
7,2022-08-19,5,4874,94,1,0,0,0
7,2022-08-20,6,6247,131,1,0,0,0
7,2022-08-21,7,6099,131,1,1,0,0
7,2022-08-22,1,4508,101,1,0,0,0
7,2022-08-23,2,5087,127,1,1,0,0
7,2022-08-24,3,3869,83,1,0,0,0
7,2022-08-25,4,4476,101,1,0,0,0
7,2022-08-26,5,5868,120,1,1,0,0
7,2022-08-27,6,6563,166,1,0,0,0
7,2022-08-28,7,0,0,0,1,0,0
7,2022-08-29,1,4380,100,1,0,0,0
7,2022-08-30,2,5000,121,1,1,0,0
7,2022-08-31,3,4258,89,1,0,0,0
7,2022-09-01,4,4478,91,1,0,0,0
7,2022-09-02,5,5108,116,1,0,0,0
7,2022-09-03,6,5962,140,1,0,0,0
7,2022-09-04,7,0,0,0,0,0,0
7,2022-09-05,1,4586,104,1,0,0,0
7,2022-09-06,2,3992,80,1,0,0,0
7,2022-09-07,3,4284,86,1,0,0,0
7,2022-09-08,4,6262,131,1,1,0,0
7,2022-09-09,5,4839,105,1,0,0,0
7,2022-09-10,6,5815,98,1,0,0,0
7,2022-09-11,7,5120,111,1,0,0,0
7,2022-09-12,1,4553,104,1,0,0,0
7,2022-09-13,2,4327,99,1,0,0,0
7,2022-09-14,3,4087,100,1,0,0,0
7,2022-09-15,4,5664,108,1,1,0,0
7,2022-09-16,5,6080,131,1,1,0,0
7,2022-09-17,6,6567,170,1,0,0,0
7,2022-09-18,7,0,0,0,0,0,0
7,2022-09-19,1,4313,94,1,0,0,0
7,2022-09-20,2,4510,102,1,0,0,0
7,2022-09-21,3,3743,85,1,0,0,0
7,2022-09-22,4,4578,128,1,0,0,0
7,2022-09-23,5,5240,106,1,0,0,0
7,2022-09-24,6,5830,120,1,0,0,0
7,2022-09-25,7,0,0,0,0,0,0
7,2022-09-26,1,5167,116,1,1,0,0
7,2022-09-27,2,3974,99,1,0,0,0
7,2022-09-28,3,5174,107,1,1,0,0
7,2022-09-29,4,5464,107,1,1,0,0
7,2022-09-30,5,5134,100,1,0,0,0
7,2022-10-01,6,6805,132,1,0,0,0
7,2022-10-02,7,0,0,0,0,0,0
7,2022-10-03,1,5543,132,1,1,0,0
7,2022-10-04,2,5638,127,1,1,0,0
7,2022-10-05,3,4759,113,1,0,0,0
7,2022-10-06,4,4500,94,1,0,0,0
7,2022-10-07,5,6608,156,1,1,0,0
7,2022-10-08,6,6479,131,1,0,0,0
7,2022-10-09,7,6394,134,1,1,0,0
7,2022-10-10,1,5277,124,1,1,0,0
7,2022-10-11,2,4349,73,1,0,0,0
7,2022-10-12,3,4645,110,1,0,0,0
7,2022-10-13,4,4600,99,1,0,0,0
7,2022-10-14,5,4844,121,1,0,0,0
7,2022-10-15,6,6201,129,1,0,0,0
7,2022-10-16,7,5875,127,1,1,0,0
7,2022-10-17,1,5395,123,1,1,0,0
7,2022-10-18,2,5259,110,1,1,0,0
7,2022-10-19,3,4109,95,1,0,0,0
7,2022-10-20,4,5731,131,1,1,0,0
7,2022-10-21,5,6330,158,1,1,0,0
7,2022-10-22,6,5895,162,1,0,0,0
7,2022-10-23,7,5106,126,1,0,0,0
7,2022-10-24,1,4546,97,1,0,0,0
7,2022-10-25,2,5028,111,1,1,0,0
7,2022-10-26,3,4348,94,1,0,0,0
7,2022-10-27,4,5653,126,1,1,0,0
7,2022-10-28,5,4953,108,1,0,0,0
7,2022-10-29,6,8248,188,1,1,0,0
7,2022-10-30,7,0,0,0,0,0,0
7,2022-10-31,1,4524,116,1,0,0,0
7,2022-11-01,2,4096,80,1,0,0,0
7,2022-11-02,3,4465,107,1,0,0,0
7,2022-11-03,4,5854,147,1,1,0,0
7,2022-11-04,5,4939,107,1,0,0,0
7,2022-11-05,6,6160,120,1,0,0,0
7,2022-11-06,7,0,0,0,0,0,0
7,2022-11-07,1,4133,92,1,0,0,0
7,2022-11-08,2,4022,86,1,0,0,0
7,2022-11-09,3,4407,89,1,0,0,0
7,2022-11-10,4,5575,134,1,1,0,0
7,2022-11-11,5,5021,124,1,0,0,0
7,2022-11-12,6,7381,154,1,1,0,0
7,2022-11-13,7,0,0,0,1,0,0
7,2022-11-14,1,3787,86,1,0,0,0
7,2022-11-15,2,3958,94,1,0,0,0
7,2022-11-16,3,4347,105,1,0,0,0
7,2022-11-17,4,5980,133,1,1,0,0
7,2022-11-18,5,6400,151,1,1,0,0
7,2022-11-19,6,6442,130,1,0,0,0
7,2022-11-20,7,0,0,0,1,0,0
7,2022-11-21,1,4224,100,1,0,0,0
7,2022-11-22,2,5570,110,1,1,0,0
7,2022-11-23,3,5166,98,1,1,0,0
7,2022-11-24,4,4354,112,1,0,0,0
7,2022-11-25,5,5262,107,1,0,0,0
7,2022-11-26,6,6314,149,1,0,0,0
7,2022-11-27,7,5743,118,1,0,0,0
7,2022-11-28,1,5541,129,1,1,0,0
7,2022-11-29,2,4433,91,1,0,0,0
7,2022-11-30,3,4026,89,1,0,0,0
7,2022-12-01,4,4766,117,1,0,0,0
7,2022-12-02,5,5989,134,1,1,0,0
7,2022-12-03,6,6666,124,1,0,0,0
7,2022-12-04,7,0,0,0,0,0,0
7,2022-12-05,1,4340,94,1,0,0,0
7,2022-12-06,2,4957,102,1,1,0,0
7,2022-12-07,3,5015,109,1,1,0,0
7,2022-12-08,4,4568,110,1,0,0,0
7,2022-12-09,5,4939,134,1,0,0,0
7,2022-12-10,6,6159,146,1,0,0,0
7,2022-12-11,7,4812,98,1,0,0,0
7,2022-12-12,1,3725,74,1,0,0,0
7,2022-12-13,2,5394,108,1,1,0,0
7,2022-12-14,3,4342,97,1,0,0,0
7,2022-12-15,4,5506,123,1,1,0,0
7,2022-12-16,5,5075,114,1,0,0,0
7,2022-12-17,6,8482,187,1,1,0,0
7,2022-12-18,7,6668,137,1,1,0,0
7,2022-12-19,1,4212,89,1,0,0,0
7,2022-12-20,2,4662,102,1,0,0,0
7,2022-12-21,3,4265,105,1,0,0,0
7,2022-12-22,4,4229,88,1,0,0,0
7,2022-12-23,5,5055,110,1,0,0,0
7,2022-12-24,6,6387,162,1,0,0,0
7,2022-12-25,7,0,0,0,1,a,0
7,2022-12-26,1,4201,90,1,0,0,0
7,2022-12-27,2,5232,104,1,1,0,0
7,2022-12-28,3,4222,104,1,0,0,0
7,2022-12-29,4,5928,134,1,1,0,0
7,2022-12-30,5,5075,115,1,0,0,0
7,2022-12-31,6,7989,189,1,1,0,0
7,2023-01-01,7,0,0,0,0,a,0
7,2023-01-02,1,4318,92,1,0,0,0
7,2023-01-03,2,3924,90,1,0,0,0
7,2023-01-04,3,4678,93,1,0,0,0
7,2023-01-05,4,4818,98,1,0,0,0
7,2023-01-06,5,5058,116,1,0,0,0
7,2023-01-07,6,6470,165,1,0,0,0
7,2023-01-08,7,0,0,0,1,0,0
7,2023-01-09,1,4704,98,1,0,0,0
7,2023-01-10,2,4549,110,1,0,0,0
7,2023-01-11,3,5645,131,1,1,0,0
7,2023-01-12,4,4762,111,1,0,0,0
7,2023-01-13,5,5368,133,1,0,0,0
7,2023-01-14,6,6837,147,1,0,0,0
7,2023-01-15,7,6342,136,1,1,0,0
7,2023-01-16,1,5338,123,1,1,0,0
7,2023-01-17,2,5427,124,1,1,0,0
7,2023-01-18,3,4481,102,1,0,0,0
7,2023-01-19,4,5943,132,1,1,0,0
7,2023-01-20,5,5229,126,1,0,0,0
7,2023-01-21,6,6595,136,1,0,0,0
7,2023-01-22,7,0,0,0,0,0,0
7,2023-01-23,1,4600,109,1,0,0,0
7,2023-01-24,2,4428,87,1,0,0,0
7,2023-01-25,3,4904,105,1,0,0,0
7,2023-01-26,4,4480,90,1,0,0,0
7,2023-01-27,5,4607,99,1,0,0,0
7,2023-01-28,6,8084,184,1,1,0,0
7,2023-01-29,7,5440,114,1,0,0,0
7,2023-01-30,1,5321,119,1,1,0,0
7,2023-01-31,2,4549,92,1,0,0,0
7,2023-02-01,3,5381,134,1,1,0,0
7,2023-02-02,4,4575,107,1,0,0,0
7,2023-02-03,5,5021,106,1,0,0,0
7,2023-02-04,6,7444,173,1,0,0,0
7,2023-02-05,7,0,0,0,0,0,0
7,2023-02-06,1,5609,105,1,1,0,0
7,2023-02-07,2,4008,88,1,0,0,0
7,2023-02-08,3,4536,104,1,0,0,0
7,2023-02-09,4,5483,120,1,1,0,0
7,2023-02-10,5,5372,135,1,0,0,0
7,2023-02-11,6,6846,163,1,0,0,0
7,2023-02-12,7,5410,114,1,0,0,0
7,2023-02-13,1,4064,77,1,0,0,0
7,2023-02-14,2,4260,98,1,0,0,0
7,2023-02-15,3,4399,81,1,0,0,0
7,2023-02-16,4,6007,136,1,1,0,0
7,2023-02-17,5,4871,107,1,0,0,0
7,2023-02-18,6,6939,138,1,0,0,0
7,2023-02-19,7,5605,107,1,0,0,0
7,2023-02-20,1,5093,107,1,1,0,0
7,2023-02-21,2,5290,109,1,1,0,0
7,2023-02-22,3,4463,102,1,0,0,0
7,2023-02-23,4,6068,119,1,1,0,0
7,2023-02-24,5,4934,124,1,0,0,0
7,2023-02-25,6,6639,124,1,0,0,0
7,2023-02-26,7,5650,132,1,0,0,0
7,2023-02-27,1,4438,102,1,0,0,0
7,2023-02-28,2,3888,93,1,0,0,0
7,2023-03-01,3,5465,94,1,1,0,0
7,2023-03-02,4,4839,102,1,0,0,0
7,2023-03-03,5,6647,138,1,1,0,0
7,2023-03-04,6,5842,130,1,0,0,0
7,2023-03-05,7,0,0,0,0,0,0
7,2023-03-06,1,4598,100,1,0,0,0
7,2023-03-07,2,4410,95,1,0,0,0
7,2023-03-08,3,4637,106,1,0,0,0
7,2023-03-09,4,5116,123,1,0,0,0
7,2023-03-10,5,5116,106,1,0,0,0
7,2023-03-11,6,6694,133,1,0,0,0
7,2023-03-12,7,6402,166,1,1,0,0
7,2023-03-13,1,4258,106,1,0,0,0
7,2023-03-14,2,4230,93,1,0,0,0
7,2023-03-15,3,4689,115,1,0,0,0
7,2023-03-16,4,5590,145,1,1,0,0
7,2023-03-17,5,6816,133,1,1,0,0
7,2023-03-18,6,6244,127,1,0,0,0
7,2023-03-19,7,5555,127,1,0,0,0
7,2023-03-20,1,4527,102,1,0,0,0
7,2023-03-21,2,5455,121,1,1,0,0
7,2023-03-22,3,4727,101,1,0,0,0
7,2023-03-23,4,4481,86,1,0,0,0
7,2023-03-24,5,5025,116,1,0,0,0
7,2023-03-25,6,6298,129,1,0,0,0
7,2023-03-26,7,6744,158,1,1,0,0
7,2023-03-27,1,4387,96,1,0,0,0
7,2023-03-28,2,4501,100,1,0,0,0
7,2023-03-29,3,4601,106,1,0,0,0
7,2023-03-30,4,6028,129,1,1,0,0
7,2023-03-31,5,6379,131,1,1,0,0
7,2023-04-01,6,6762,151,1,0,0,0
7,2023-04-02,7,0,0,0,0,0,0
7,2023-04-03,1,5154,109,1,1,0,0
7,2023-04-04,2,3926,80,1,0,0,0
7,2023-04-05,3,4665,102,1,0,0,0
7,2023-04-06,4,4472,92,1,0,0,0
7,2023-04-07,5,6007,134,1,1,0,0
7,2023-04-08,6,6816,149,1,0,0,0
7,2023-04-09,7,6424,124,1,1,0,0
7,2023-04-10,1,4769,112,1,0,0,0
7,2023-04-11,2,4365,89,1,0,0,0
7,2023-04-12,3,4483,89,1,0,0,0
7,2023-04-13,4,4485,108,1,0,0,0
7,2023-04-14,5,5227,100,1,0,0,0
7,2023-04-15,6,11018,219,1,0,0,0
7,2023-04-16,7,0,0,0,0,0,0
7,2023-04-17,1,9205,203,1,1,0,0
7,2023-04-18,2,10316,259,1,1,0,0
7,2023-04-19,3,7788,167,1,0,0,0
7,2023-04-20,4,7829,166,1,0,0,0
7,2023-04-21,5,9283,226,1,0,0,0
7,2023-04-22,6,0,0,0,0,b,0
7,2023-04-23,7,0,0,0,1,b,0
7,2023-04-24,1,4265,100,1,0,0,0
7,2023-04-25,2,4168,86,1,0,0,0
7,2023-04-26,3,5454,119,1,1,0,0
7,2023-04-27,4,4480,107,1,0,0,0
7,2023-04-28,5,5330,118,1,0,0,0
7,2023-04-29,6,6561,167,1,0,0,0
7,2023-04-30,7,0,0,0,0,0,0
7,2023-05-01,1,4153,84,1,0,0,0
7,2023-05-02,2,6067,144,1,1,0,0
7,2023-05-03,3,5900,119,1,1,0,0
7,2023-05-04,4,4500,115,1,0,0,0
7,2023-05-05,5,6891,146,1,1,0,0
7,2023-05-06,6,6299,158,1,0,0,0
7,2023-05-07,7,0,0,0,1,0,0
7,2023-05-08,1,4403,90,1,0,0,0
7,2023-05-09,2,5500,130,1,1,0,0
7,2023-05-10,3,5431,139,1,1,0,0
7,2023-05-11,4,4740,114,1,0,0,0
7,2023-05-12,5,5939,123,1,1,0,0
7,2023-05-13,6,8212,192,1,1,0,0
7,2023-05-14,7,7277,124,1,1,0,0
7,2023-05-15,1,4695,115,1,0,0,0
7,2023-05-16,2,5270,120,1,1,0,0
7,2023-05-17,3,5274,101,1,1,0,0
7,2023-05-18,4,4202,95,1,0,0,0
7,2023-05-19,5,6720,152,1,1,0,0
7,2023-05-20,6,6800,171,1,0,0,0
7,2023-05-21,7,5572,128,1,0,0,0
7,2023-05-22,1,4852,114,1,0,0,0
7,2023-05-23,2,4409,105,1,0,0,0
7,2023-05-24,3,4627,106,1,0,0,0
7,2023-05-25,4,4395,101,1,0,0,0
7,2023-05-26,5,7060,158,1,1,0,0
7,2023-05-27,6,6663,163,1,0,0,0
7,2023-05-28,7,0,0,0,0,0,0
7,2023-05-29,1,4528,101,1,0,0,0
7,2023-05-30,2,4821,124,1,0,0,0
7,2023-05-31,3,6340,140,1,1,0,0
7,2023-06-01,4,4504,92,1,0,0,1
7,2023-06-02,5,6925,145,1,1,0,1
7,2023-06-03,6,6843,167,1,0,0,1
7,2023-06-04,7,5756,135,1,0,0,1
7,2023-06-05,1,4551,112,1,0,0,1
7,2023-06-06,2,4525,116,1,0,0,1
7,2023-06-07,3,4894,112,1,0,0,1
7,2023-06-08,4,4327,99,1,0,0,1
7,2023-06-09,5,5336,103,1,0,0,1
7,2023-06-10,6,7933,175,1,1,0,1
7,2023-06-11,7,5367,112,1,0,0,1
7,2023-06-12,1,4496,85,1,0,0,1
7,2023-06-13,2,4176,95,1,0,0,1
7,2023-06-14,3,4465,90,1,0,0,1
7,2023-06-15,4,5521,127,1,1,0,1
7,2023-06-16,5,5095,105,1,0,0,1
7,2023-06-17,6,6925,169,1,0,0,1
7,2023-06-18,7,0,0,0,1,0,1
7,2023-06-19,1,4330,103,1,0,0,1
7,2023-06-20,2,4697,103,1,0,0,1
7,2023-06-21,3,4739,109,1,0,0,1
7,2023-06-22,4,5098,113,1,0,0,1
7,2023-06-23,5,5992,134,1,1,0,1
7,2023-06-24,6,8586,199,1,1,0,1
7,2023-06-25,7,7101,143,1,1,0,1
7,2023-06-26,1,4124,97,1,0,0,1
7,2023-06-27,2,4945,102,1,0,0,1
7,2023-06-28,3,5583,108,1,1,0,1
7,2023-06-29,4,4895,123,1,0,0,1
7,2023-06-30,5,5512,116,1,0,0,1
7,2023-07-01,6,6809,183,1,0,0,1
7,2023-07-02,7,0,0,0,0,0,1
7,2023-07-03,1,4970,123,1,0,0,1
7,2023-07-04,2,5218,110,1,1,0,1
7,2023-07-05,3,5810,115,1,1,0,1
7,2023-07-06,4,4992,100,1,0,0,1
7,2023-07-07,5,4846,117,1,0,0,1
7,2023-07-08,6,7147,154,1,0,0,1
7,2023-07-09,7,7503,164,1,1,0,1
7,2023-07-10,1,4817,94,1,0,0,1
7,2023-07-11,2,5655,119,1,1,0,1
7,2023-07-12,3,4985,109,1,0,0,1
7,2023-07-13,4,4867,108,1,0,0,1
7,2023-07-14,5,4937,113,1,0,0,1
7,2023-07-15,6,8275,176,1,1,0,1
7,2023-07-16,7,0,0,0,0,0,1
7,2023-07-17,1,4519,113,1,0,0,1
7,2023-07-18,2,4413,90,1,0,0,1
7,2023-07-19,3,5698,117,1,1,0,1
7,2023-07-20,4,6052,142,1,1,0,1
7,2023-07-21,5,5693,105,1,0,0,1
7,2023-07-22,6,8602,180,1,1,0,1
7,2023-07-23,7,0,0,0,0,0,1
7,2023-07-24,1,4043,105,1,0,0,1
7,2023-07-25,2,4469,88,1,0,0,1
7,2023-07-26,3,4897,107,1,0,0,1
7,2023-07-27,4,6370,138,1,1,0,1
7,2023-07-28,5,7009,148,1,1,0,1
7,2023-07-29,6,6924,156,1,0,0,1
7,2023-07-30,7,5674,119,1,0,0,1
7,2023-07-31,1,5495,118,1,1,0,1
7,2023-08-01,2,5796,137,1,1,0,0
7,2023-08-02,3,4497,93,1,0,0,0
7,2023-08-03,4,6211,142,1,1,0,0
7,2023-08-04,5,5323,125,1,0,0,0
7,2023-08-05,6,6837,138,1,0,0,0
7,2023-08-06,7,0,0,0,1,0,0
7,2023-08-07,1,4684,112,1,0,0,0
7,2023-08-08,2,4519,89,1,0,0,0
7,2023-08-09,3,4544,116,1,0,0,0
7,2023-08-10,4,6498,168,1,1,0,0
7,2023-08-11,5,6762,146,1,1,0,0
7,2023-08-12,6,7098,154,1,0,0,0
7,2023-08-13,7,0,0,0,0,0,0
7,2023-08-14,1,4406,98,1,0,0,0
7,2023-08-15,2,4543,92,1,0,0,0
7,2023-08-16,3,4529,98,1,0,0,0
7,2023-08-17,4,6158,139,1,1,a,0
7,2023-08-18,5,4460,85,1,0,0,0
7,2023-08-19,6,6717,162,1,0,0,0
7,2023-08-20,7,5582,107,1,0,0,0
7,2023-08-21,1,4353,96,1,0,0,0
7,2023-08-22,2,5690,125,1,1,0,0
7,2023-08-23,3,4577,111,1,0,0,0
7,2023-08-24,4,4828,111,1,0,0,0
7,2023-08-25,5,5191,111,1,0,0,0
7,2023-08-26,6,7199,159,1,0,0,0
7,2023-08-27,7,5748,145,1,0,0,0
7,2023-08-28,1,4647,109,1,0,0,0
7,2023-08-29,2,4492,112,1,0,0,0
7,2023-08-30,3,5276,124,1,0,0,0
7,2023-08-31,4,4799,116,1,0,0,0
7,2023-09-01,5,5161,131,1,0,0,0
7,2023-09-02,6,8092,203,1,1,0,0
7,2023-09-03,7,0,0,0,0,0,0
7,2023-09-04,1,4961,107,1,0,0,0
7,2023-09-05,2,4296,83,1,0,0,0
7,2023-09-06,3,4624,103,1,0,0,0
7,2023-09-07,4,5947,118,1,1,0,0
7,2023-09-08,5,5323,105,1,0,0,0
7,2023-09-09,6,7849,181,1,1,0,0
7,2023-09-10,7,5840,128,1,0,0,0
7,2023-09-11,1,4868,93,1,0,0,0
7,2023-09-12,2,5082,120,1,1,0,0
7,2023-09-13,3,5111,121,1,0,0,0
7,2023-09-14,4,5245,112,1,0,0,0
7,2023-09-15,5,4541,109,1,0,0,0
7,2023-09-16,6,7687,176,1,1,0,0
7,2023-09-17,7,0,0,0,0,0,0
7,2023-09-18,1,6131,139,1,1,0,0
7,2023-09-19,2,4566,111,1,0,0,0
7,2023-09-20,3,5889,128,1,1,0,0
7,2023-09-21,4,5000,116,1,0,0,0
7,2023-09-22,5,6446,132,1,1,0,0
7,2023-09-23,6,7352,169,1,0,0,0
7,2023-09-24,7,7004,128,1,1,0,0
7,2023-09-25,1,4233,97,1,0,0,0
7,2023-09-26,2,4329,109,1,0,0,0
7,2023-09-27,3,4801,111,1,0,0,0
7,2023-09-28,4,4798,106,1,0,0,0
7,2023-09-29,5,5277,116,1,0,0,0
7,2023-09-30,6,8740,219,1,1,0,0
7,2023-10-01,7,0,0,0,1,0,0
7,2023-10-02,1,4333,94,1,0,0,0
7,2023-10-03,2,5989,140,1,1,0,0
7,2023-10-04,3,4691,104,1,0,0,0
7,2023-10-05,4,4979,117,1,0,0,0
7,2023-10-06,5,6772,144,1,1,0,0
7,2023-10-07,6,6791,146,1,0,0,0
7,2023-10-08,7,0,0,0,1,0,0
7,2023-10-09,1,4643,100,1,0,0,0
7,2023-10-10,2,4539,95,1,0,0,0
7,2023-10-11,3,4141,104,1,0,0,0
7,2023-10-12,4,5085,123,1,0,0,0
7,2023-10-13,5,5354,104,1,0,0,0
7,2023-10-14,6,9008,168,1,1,0,0
7,2023-10-15,7,0,0,0,1,0,0
7,2023-10-16,1,6028,125,1,1,0,0
7,2023-10-17,2,4542,92,1,0,0,0
7,2023-10-18,3,4669,123,1,0,0,0
7,2023-10-19,4,5511,118,1,0,0,0
7,2023-10-20,5,5540,112,1,0,0,0
7,2023-10-21,6,7029,140,1,0,0,0
7,2023-10-22,7,7022,180,1,1,0,0
7,2023-10-23,1,4431,95,1,0,0,0
7,2023-10-24,2,4095,95,1,0,0,0
7,2023-10-25,3,5106,117,1,0,0,0
7,2023-10-26,4,4710,102,1,0,0,0
7,2023-10-27,5,5366,139,1,0,0,0
7,2023-10-28,6,8663,186,1,1,0,0
7,2023-10-29,7,6085,120,1,0,0,0
7,2023-10-30,1,5586,110,1,1,0,0
7,2023-10-31,2,4603,103,1,0,0,0
7,2023-11-01,3,4874,119,1,0,0,0
7,2023-11-02,4,4569,103,1,0,0,0
7,2023-11-03,5,6282,124,1,1,0,0
7,2023-11-04,6,8411,183,1,1,0,0
7,2023-11-05,7,5757,116,1,0,0,0
7,2023-11-06,1,4682,99,1,0,0,0
7,2023-11-07,2,4525,93,1,0,0,0
7,2023-11-08,3,4915,100,1,0,0,0
7,2023-11-09,4,5882,123,1,1,0,0
7,2023-11-10,5,5389,113,1,0,0,0
7,2023-11-11,6,6950,149,1,0,0,0
7,2023-11-12,7,5460,116,1,0,0,0
7,2023-11-13,1,5199,127,1,0,0,0
7,2023-11-14,2,4067,82,1,0,0,0
7,2023-11-15,3,5064,98,1,0,0,0
7,2023-11-16,4,6402,146,1,1,0,0
7,2023-11-17,5,7080,157,1,1,0,0
7,2023-11-18,6,7035,140,1,0,0,0
7,2023-11-19,7,7608,194,1,1,0,0
7,2023-11-20,1,4565,103,1,0,0,0
7,2023-11-21,2,4657,114,1,0,0,0
7,2023-11-22,3,4793,107,1,0,0,0
7,2023-11-23,4,4875,120,1,0,0,0
7,2023-11-24,5,5486,140,1,0,0,0
7,2023-11-25,6,6680,132,1,0,0,0
7,2023-11-26,7,5525,111,1,0,0,0
7,2023-11-27,1,6308,136,1,1,0,0
7,2023-11-28,2,5233,117,1,0,0,0
7,2023-11-29,3,4908,117,1,0,0,0
7,2023-11-30,4,5146,116,1,0,0,0
7,2023-12-01,5,5531,124,1,0,0,0
7,2023-12-02,6,7184,161,1,0,0,0
7,2023-12-03,7,0,0,0,1,0,0
7,2023-12-04,1,4927,106,1,0,0,0
7,2023-12-05,2,4934,120,1,0,0,0
7,2023-12-06,3,4579,104,1,0,0,0
7,2023-12-07,4,5648,125,1,0,0,0
7,2023-12-08,5,5508,111,1,0,0,0
7,2023-12-09,6,7084,162,1,0,0,0
7,2023-12-10,7,5615,121,1,0,0,0
7,2023-12-11,1,4596,103,1,0,0,0
7,2023-12-12,2,4730,100,1,0,0,0
7,2023-12-13,3,6190,148,1,1,0,0
7,2023-12-14,4,5096,124,1,0,0,0
7,2023-12-15,5,6693,140,1,1,0,0
7,2023-12-16,6,7619,170,1,1,0,0
7,2023-12-17,7,5227,107,1,0,0,0
7,2023-12-18,1,4703,98,1,0,0,0
7,2023-12-19,2,4674,102,1,0,0,0
7,2023-12-20,3,4706,112,1,0,0,0
7,2023-12-21,4,4792,94,1,0,0,0
7,2023-12-22,5,6962,144,1,1,0,0
7,2023-12-23,6,8775,201,1,1,0,0
7,2023-12-24,7,5615,112,1,0,0,0
7,2023-12-25,1,4327,105,1,0,a,0
7,2023-12-26,2,4410,105,1,0,0,0
7,2023-12-27,3,6298,147,1,1,0,0
7,2023-12-28,4,4733,106,1,0,0,0
7,2023-12-29,5,5679,116,1,0,0,0
7,2023-12-30,6,9449,189,1,1,0,0
7,2023-12-31,7,5533,112,1,0,0,0
7,2024-01-01,1,5763,133,1,1,a,0
7,2024-01-02,2,4839,100,1,0,0,0
7,2024-01-03,3,5119,114,1,0,0,0
7,2024-01-04,4,6025,113,1,1,0,0
7,2024-01-05,5,5059,113,1,0,0,0
7,2024-01-06,6,7525,165,1,0,0,0
7,2024-01-07,7,5939,127,1,0,0,0
7,2024-01-08,1,4817,109,1,0,0,0
7,2024-01-09,2,4830,123,1,0,0,0
7,2024-01-10,3,4543,103,1,0,0,0
7,2024-01-11,4,5086,108,1,0,0,0
7,2024-01-12,5,5436,110,1,0,0,0
7,2024-01-13,6,9132,191,1,1,0,0
7,2024-01-14,7,7513,165,1,1,0,0
7,2024-01-15,1,4961,113,1,0,0,0
7,2024-01-16,2,4764,103,1,0,0,0
7,2024-01-17,3,4898,100,1,0,0,0
7,2024-01-18,4,5067,99,1,0,0,0
7,2024-01-19,5,7031,155,1,1,0,0
7,2024-01-20,6,8602,180,1,1,0,0
7,2024-01-21,7,5682,129,1,0,0,0
7,2024-01-22,1,4833,103,1,0,0,0
7,2024-01-23,2,4784,95,1,0,0,0
7,2024-01-24,3,4687,96,1,0,0,0
7,2024-01-25,4,4735,117,1,0,0,0
7,2024-01-26,5,6336,153,1,1,0,0
7,2024-01-27,6,8332,203,1,1,0,0
7,2024-01-28,7,0,0,0,0,0,0
7,2024-01-29,1,4639,107,1,0,0,0
7,2024-01-30,2,5719,129,1,1,0,0
7,2024-01-31,3,4560,109,1,0,0,0
7,2024-02-01,4,4558,103,1,0,0,0
7,2024-02-02,5,5576,135,1,0,0,0
7,2024-02-03,6,8964,220,1,1,0,0
7,2024-02-04,7,5988,129,1,0,0,0
7,2024-02-05,1,4946,117,1,0,0,0
7,2024-02-06,2,5924,126,1,1,0,0
7,2024-02-07,3,6110,134,1,1,0,0
7,2024-02-08,4,6550,137,1,1,0,0
7,2024-02-09,5,5945,141,1,0,0,0
7,2024-02-10,6,6896,156,1,0,0,0
7,2024-02-11,7,0,0,0,1,0,0
7,2024-02-12,1,5765,139,1,1,0,0
7,2024-02-13,2,4706,100,1,0,0,0
7,2024-02-14,3,5129,110,1,0,0,0
7,2024-02-15,4,6199,142,1,1,0,0
7,2024-02-16,5,6617,144,1,1,0,0
7,2024-02-17,6,6984,155,1,0,0,0
7,2024-02-18,7,5548,136,1,0,0,0
7,2024-02-19,1,4512,92,1,0,0,0
7,2024-02-20,2,4944,102,1,0,0,0
7,2024-02-21,3,5006,108,1,0,0,0
7,2024-02-22,4,4855,112,1,0,0,0
7,2024-02-23,5,5293,118,1,0,0,0
7,2024-02-24,6,6832,161,1,0,0,0
7,2024-02-25,7,0,0,0,0,0,0
7,2024-02-26,1,6313,143,1,1,0,0
7,2024-02-27,2,4645,109,1,0,0,0
7,2024-02-28,3,5404,122,1,0,0,0
7,2024-02-29,4,6292,133,1,1,0,0
7,2024-03-01,5,5416,136,1,0,0,0
7,2024-03-02,6,9380,238,1,1,0,0
7,2024-03-03,7,0,0,0,1,0,0
7,2024-03-04,1,4828,101,1,0,0,0
7,2024-03-05,2,1128,26,1,1,0,0
7,2024-03-06,3,4358,103,1,0,0,0
7,2024-03-07,4,5022,115,1,0,0,0
7,2024-03-08,5,5818,124,1,0,0,0
7,2024-03-09,6,7259,166,1,0,0,0
7,2024-03-10,7,0,0,0,1,0,0
7,2024-03-11,1,4168,81,1,0,0,0
7,2024-03-12,2,4649,112,1,0,0,0
7,2024-03-13,3,4863,119,1,0,0,0
7,2024-03-14,4,5217,118,1,0,0,0
7,2024-03-15,5,5298,89,1,0,0,0
7,2024-03-16,6,7492,187,1,0,0,0
7,2024-03-17,7,0,0,0,1,0,0
7,2024-03-18,1,4726,95,1,0,0,0
7,2024-03-19,2,6020,123,1,1,0,0
7,2024-03-20,3,4615,103,1,0,0,0
7,2024-03-21,4,6596,153,1,1,0,0
7,2024-03-22,5,6529,149,1,1,0,0
7,2024-03-23,6,7441,164,1,0,0,0
7,2024-03-24,7,5803,144,1,0,0,0
7,2024-03-25,1,5961,132,1,1,0,0
7,2024-03-26,2,3979,87,1,0,0,0
7,2024-03-27,3,5962,136,1,1,0,0
7,2024-03-28,4,5022,107,1,0,0,0
7,2024-03-29,5,6046,117,1,0,0,0
7,2024-03-30,6,7203,161,1,0,0,0
7,2024-03-31,7,7112,164,1,1,0,0
7,2024-04-01,1,5014,109,1,0,0,0
7,2024-04-02,2,5735,131,1,1,0,0
7,2024-04-03,3,11646,254,1,1,0,0
7,2024-04-04,4,9270,197,1,0,0,0
7,2024-04-05,5,9661,206,1,0,0,0
7,2024-04-06,6,17025,361,1,1,0,0
7,2024-04-07,7,10921,211,1,0,0,0
7,2024-04-08,1,11332,262,1,1,0,0
7,2024-04-09,2,8409,168,1,0,0,0
7,2024-04-10,3,0,0,0,0,b,0
7,2024-04-11,4,0,0,0,1,b,0
7,2024-04-12,5,5677,121,1,0,0,0
7,2024-04-13,6,7095,183,1,0,0,0
7,2024-04-14,7,6355,138,1,0,0,0
7,2024-04-15,1,4989,104,1,0,0,0
7,2024-04-16,2,4616,92,1,0,0,0
7,2024-04-17,3,6707,150,1,1,0,0
7,2024-04-18,4,4793,97,1,0,0,0
7,2024-04-19,5,5787,128,1,0,0,0
7,2024-04-20,6,7666,184,1,0,0,0
7,2024-04-21,7,0,0,0,0,0,0
7,2024-04-22,1,4618,109,1,0,0,0
7,2024-04-23,2,5545,121,1,1,0,0
7,2024-04-24,3,6253,156,1,1,0,0
7,2024-04-25,4,5288,126,1,0,0,0
7,2024-04-26,5,5342,133,1,0,0,0
7,2024-04-27,6,7371,168,1,0,0,0
7,2024-04-28,7,5487,136,1,0,0,0
7,2024-04-29,1,5100,108,1,0,0,0
7,2024-04-30,2,4601,101,1,0,0,0
7,2024-05-01,3,4912,114,1,0,0,0
7,2024-05-02,4,5337,107,1,0,0,0
7,2024-05-03,5,5873,127,1,0,0,0
7,2024-05-04,6,9307,212,1,1,0,0
7,2024-05-05,7,0,0,0,0,0,0
7,2024-05-06,1,4950,124,1,0,0,0
7,2024-05-07,2,5087,119,1,0,0,0
7,2024-05-08,3,4536,105,1,0,0,0
7,2024-05-09,4,6385,134,1,1,0,0
7,2024-05-10,5,5635,135,1,0,0,0
7,2024-05-11,6,7204,141,1,0,0,0
7,2024-05-12,7,0,0,0,0,0,0
7,2024-05-13,1,6138,148,1,1,0,0
7,2024-05-14,2,4947,110,1,0,0,0
7,2024-05-15,3,4674,93,1,0,0,0
7,2024-05-16,4,5720,131,1,0,0,0
7,2024-05-17,5,5562,108,1,0,0,0
7,2024-05-18,6,7400,145,1,0,0,0
7,2024-05-19,7,0,0,0,0,0,0
7,2024-05-20,1,4886,117,1,0,0,0
7,2024-05-21,2,5789,110,1,1,0,0
7,2024-05-22,3,5027,102,1,0,0,0
7,2024-05-23,4,5289,124,1,0,0,0
7,2024-05-24,5,5000,121,1,0,0,0
7,2024-05-25,6,8983,202,1,1,0,0
7,2024-05-26,7,5846,125,1,0,0,0
7,2024-05-27,1,6799,157,1,1,0,0
7,2024-05-28,2,4971,122,1,0,0,0
7,2024-05-29,3,5358,114,1,0,0,0
7,2024-05-30,4,5291,127,1,0,0,0
7,2024-05-31,5,5714,119,1,0,0,0
7,2024-06-01,6,9314,193,1,1,0,1
7,2024-06-02,7,7874,183,1,1,0,1
7,2024-06-03,1,5308,126,1,0,0,1
7,2024-06-04,2,4846,112,1,0,0,1
7,2024-06-05,3,6045,132,1,1,0,1
7,2024-06-06,4,5394,123,1,0,0,1
7,2024-06-07,5,5456,121,1,0,0,1
7,2024-06-08,6,7473,168,1,0,0,1
7,2024-06-09,7,6177,147,1,0,0,1
7,2024-06-10,1,4862,100,1,0,0,1
7,2024-06-11,2,4565,108,1,0,0,1
7,2024-06-12,3,4886,122,1,0,0,1
7,2024-06-13,4,5082,105,1,0,0,1
7,2024-06-14,5,5408,133,1,0,0,1
7,2024-06-15,6,7199,163,1,0,0,1
7,2024-06-16,7,0,0,0,1,0,1
7,2024-06-17,1,5041,100,1,0,0,1
7,2024-06-18,2,4868,114,1,0,0,1
7,2024-06-19,3,6342,117,1,1,0,1
7,2024-06-20,4,6340,128,1,1,0,1
7,2024-06-21,5,5645,110,1,0,0,1
7,2024-06-22,6,7047,144,1,0,0,1
7,2024-06-23,7,0,0,0,1,0,1
7,2024-06-24,1,5713,127,1,1,0,1
7,2024-06-25,2,6020,112,1,1,0,1
7,2024-06-26,3,6070,139,1,1,0,1
7,2024-06-27,4,5634,122,1,0,0,1
7,2024-06-28,5,5877,140,1,0,0,1
7,2024-06-29,6,7363,171,1,0,0,1
7,2024-06-30,7,5669,135,1,0,0,1
8,2022-01-01,6,3917,111,1,0,a,0
8,2022-01-02,7,0,0,0,0,0,0
8,2022-01-03,1,3056,88,1,0,0,0
8,2022-01-04,2,2938,87,1,1,0,0
8,2022-01-05,3,2893,81,1,0,0,0
8,2022-01-06,4,2990,69,1,0,0,0
8,2022-01-07,5,3292,98,1,0,0,0
8,2022-01-08,6,4254,125,1,0,0,0
8,2022-01-09,7,0,0,0,1,0,0
8,2022-01-10,1,2672,76,1,0,0,0
8,2022-01-11,2,2901,93,1,1,0,0
8,2022-01-12,3,3088,87,1,0,0,0
8,2022-01-13,4,3083,87,1,0,0,0
8,2022-01-14,5,3079,89,1,0,0,0
8,2022-01-15,6,4166,125,1,0,0,0
8,2022-01-16,7,3743,98,1,1,0,0
8,2022-01-17,1,3028,94,1,0,0,0
8,2022-01-18,2,3149,93,1,1,0,0
8,2022-01-19,3,2848,93,1,0,0,0
8,2022-01-20,4,3251,95,1,1,0,0
8,2022-01-21,5,3328,96,1,0,0,0
8,2022-01-22,6,4413,113,1,1,0,0
8,2022-01-23,7,0,0,0,0,0,0
8,2022-01-24,1,2831,74,1,0,0,0
8,2022-01-25,2,2920,70,1,0,0,0
8,2022-01-26,3,2816,68,1,1,0,0
8,2022-01-27,4,3049,82,1,0,0,0
8,2022-01-28,5,3547,98,1,0,0,0
8,2022-01-29,6,4766,134,1,1,0,0
8,2022-01-30,7,0,0,0,0,0,0
8,2022-01-31,1,2718,68,1,0,0,0
8,2022-02-01,2,2871,70,1,0,0,0
8,2022-02-02,3,3081,86,1,0,0,0
8,2022-02-03,4,3053,85,1,1,0,0
8,2022-02-04,5,3527,101,1,1,0,0
8,2022-02-05,6,4200,117,1,0,0,0
8,2022-02-06,7,3520,89,1,1,0,0
8,2022-02-07,1,2786,81,1,0,0,0
8,2022-02-08,2,2786,91,1,0,0,0
8,2022-02-09,3,2762,74,1,0,0,0
8,2022-02-10,4,2829,76,1,0,0,0
8,2022-02-11,5,3159,80,1,0,0,0
8,2022-02-12,6,4538,138,1,1,0,0
8,2022-02-13,7,0,0,0,1,0,0
8,2022-02-14,1,2522,78,1,0,0,0
8,2022-02-15,2,2964,85,1,0,0,0
8,2022-02-16,3,2891,83,1,1,0,0
8,2022-02-17,4,3115,83,1,1,0,0
8,2022-02-18,5,3638,95,1,1,0,0
8,2022-02-19,6,3954,122,1,0,0,0
8,2022-02-20,7,0,0,0,1,0,0
8,2022-02-21,1,2752,67,1,0,0,0
8,2022-02-22,2,2913,77,1,0,0,0
8,2022-02-23,3,2903,71,1,0,0,0
8,2022-02-24,4,3001,79,1,0,0,0
8,2022-02-25,5,3270,104,1,0,0,0
8,2022-02-26,6,4388,133,1,0,0,0
8,2022-02-27,7,3728,107,1,0,0,0
8,2022-02-28,1,3435,103,1,1,0,0
8,2022-03-01,2,2764,83,1,0,0,0
8,2022-03-02,3,3134,89,1,0,0,0
8,2022-03-03,4,3158,98,1,0,0,0
8,2022-03-04,5,3538,97,1,1,0,0
8,2022-03-05,6,3804,110,1,0,0,0
8,2022-03-06,7,3419,98,1,0,0,0
8,2022-03-07,1,2804,80,1,0,0,0
8,2022-03-08,2,2982,93,1,1,0,0
8,2022-03-09,3,3033,89,1,1,0,0
8,2022-03-10,4,2928,78,1,0,0,0
8,2022-03-11,5,3669,112,1,0,0,0
8,2022-03-12,6,4793,155,1,1,0,0
8,2022-03-13,7,3139,94,1,0,0,0
8,2022-03-14,1,2818,87,1,0,0,0
8,2022-03-15,2,2883,72,1,0,0,0
8,2022-03-16,3,3117,91,1,0,0,0
8,2022-03-17,4,2955,82,1,0,0,0
8,2022-03-18,5,3302,86,1,0,0,0
8,2022-03-19,6,4313,113,1,0,0,0
8,2022-03-20,7,3795,116,1,1,0,0
8,2022-03-21,1,2643,80,1,0,0,0
8,2022-03-22,2,2644,70,1,1,0,0
8,2022-03-23,3,3112,98,1,0,0,0
8,2022-03-24,4,2875,83,1,0,0,0
8,2022-03-25,5,3699,112,1,0,0,0
8,2022-03-26,6,4320,110,1,1,0,0
8,2022-03-27,7,0,0,0,1,0,0
8,2022-03-28,1,2921,75,1,0,0,0
8,2022-03-29,2,2632,82,1,1,0,0
8,2022-03-30,3,3354,92,1,0,0,0
8,2022-03-31,4,3119,94,1,1,0,0
8,2022-04-01,5,3370,117,1,1,0,0
8,2022-04-02,6,4260,106,1,1,0,0
8,2022-04-03,7,0,0,0,0,0,0
8,2022-04-04,1,2916,79,1,0,0,0
8,2022-04-05,2,2652,82,1,0,0,0
8,2022-04-06,3,2738,77,1,0,0,0
8,2022-04-07,4,3196,99,1,0,0,0
8,2022-04-08,5,3246,93,1,0,0,0
8,2022-04-09,6,3945,100,1,0,0,0
8,2022-04-10,7,3492,97,1,0,0,0
8,2022-04-11,1,2821,84,1,0,0,0
8,2022-04-12,2,3091,88,1,0,0,0
8,2022-04-13,3,3011,79,1,1,0,0
8,2022-04-14,4,2995,87,1,0,0,0
8,2022-04-15,5,3400,82,1,0,0,0
8,2022-04-16,6,4411,104,1,1,0,0
8,2022-04-17,7,3602,110,1,0,0,0
8,2022-04-18,1,2738,85,1,0,0,0
8,2022-04-19,2,2787,89,1,0,0,0
8,2022-04-20,3,3010,95,1,0,0,0
8,2022-04-21,4,3382,92,1,1,0,0
8,2022-04-22,5,3270,97,1,0,0,0
8,2022-04-23,6,4203,120,1,0,0,0
8,2022-04-24,7,0,0,0,0,0,0
8,2022-04-25,1,5058,151,1,0,0,0
8,2022-04-26,2,5327,172,1,1,0,0
8,2022-04-27,3,5776,168,1,0,0,0
8,2022-04-28,4,5514,170,1,0,0,0
8,2022-04-29,5,6000,172,1,0,0,0
8,2022-04-30,6,7746,204,1,0,0,0
8,2022-05-01,7,0,0,0,0,0,0
8,2022-05-02,1,0,0,0,1,b,0
8,2022-05-03,2,0,0,0,1,b,0
8,2022-05-04,3,3230,82,1,1,0,0
8,2022-05-05,4,3214,99,1,1,0,0
8,2022-05-06,5,3421,102,1,0,0,0
8,2022-05-07,6,4725,140,1,0,0,0
8,2022-05-08,7,0,0,0,1,0,0
8,2022-05-09,1,3050,93,1,1,0,0
8,2022-05-10,2,3074,98,1,1,0,0
8,2022-05-11,3,2875,79,1,0,0,0
8,2022-05-12,4,3210,99,1,0,0,0
8,2022-05-13,5,3460,93,1,1,0,0
8,2022-05-14,6,4641,126,1,1,0,0
8,2022-05-15,7,3706,94,1,1,0,0
8,2022-05-16,1,2930,87,1,0,0,0
8,2022-05-17,2,2853,87,1,0,0,0
8,2022-05-18,3,2968,83,1,0,0,0
8,2022-05-19,4,3147,83,1,1,0,0
8,2022-05-20,5,3281,104,1,0,0,0
8,2022-05-21,6,4434,128,1,0,0,0
8,2022-05-22,7,3745,106,1,1,0,0
8,2022-05-23,1,2811,87,1,0,0,0
8,2022-05-24,2,3041,101,1,1,0,0
8,2022-05-25,3,2909,84,1,0,0,0
8,2022-05-26,4,3481,104,1,1,0,0
8,2022-05-27,5,3824,117,1,0,0,0
8,2022-05-28,6,4911,129,1,1,0,0
8,2022-05-29,7,3992,95,1,1,0,0
8,2022-05-30,1,3036,89,1,0,0,0
8,2022-05-31,2,2823,84,1,0,0,0
8,2022-06-01,3,2700,78,1,0,0,1
8,2022-06-02,4,2923,87,1,0,0,1
8,2022-06-03,5,3456,105,1,1,0,1
8,2022-06-04,6,4646,129,1,0,0,1
8,2022-06-05,7,0,0,0,0,0,1
8,2022-06-06,1,2826,72,1,0,0,1
8,2022-06-07,2,2724,84,1,1,0,1
8,2022-06-08,3,3502,105,1,1,0,1
8,2022-06-09,4,3169,83,1,0,0,1
8,2022-06-10,5,3568,98,1,0,0,1
8,2022-06-11,6,4272,122,1,0,0,1
8,2022-06-12,7,0,0,0,0,0,1
8,2022-06-13,1,2877,78,1,0,0,1
8,2022-06-14,2,2873,84,1,0,0,1
8,2022-06-15,3,3271,102,1,0,0,1
8,2022-06-16,4,2907,76,1,0,0,1
8,2022-06-17,5,3412,82,1,0,0,1
8,2022-06-18,6,4477,137,1,0,0,1
8,2022-06-19,7,3563,100,1,0,0,1
8,2022-06-20,1,3233,90,1,1,0,1
8,2022-06-21,2,2751,72,1,1,0,1
8,2022-06-22,3,3282,100,1,0,0,1
8,2022-06-23,4,2886,71,1,0,0,1
8,2022-06-24,5,3394,98,1,1,0,1
8,2022-06-25,6,4522,149,1,1,0,1
8,2022-06-26,7,3474,103,1,0,0,1
8,2022-06-27,1,3001,94,1,0,0,1
8,2022-06-28,2,2918,90,1,0,0,1
8,2022-06-29,3,3022,91,1,0,0,1
8,2022-06-30,4,2884,75,1,0,0,1
8,2022-07-01,5,3408,106,1,0,0,1
8,2022-07-02,6,4418,106,1,0,0,1
8,2022-07-03,7,3819,110,1,0,0,1
8,2022-07-04,1,2973,78,1,0,0,1
8,2022-07-05,2,2934,81,1,0,0,1
8,2022-07-06,3,3306,82,1,0,0,1
8,2022-07-07,4,2929,84,1,0,0,1
8,2022-07-08,5,3371,89,1,0,0,1
8,2022-07-09,6,4379,125,1,1,0,1
8,2022-07-10,7,0,0,0,0,0,1
8,2022-07-11,1,3356,97,1,1,0,1
8,2022-07-12,2,3260,80,1,1,0,1
8,2022-07-13,3,3099,75,1,0,0,1
8,2022-07-14,4,3175,94,1,0,0,1
8,2022-07-15,5,3365,90,1,0,0,1
8,2022-07-16,6,4830,136,1,1,0,1
8,2022-07-17,7,3548,110,1,1,0,1
8,2022-07-18,1,2903,74,1,1,0,1
8,2022-07-19,2,2829,82,1,0,0,1
8,2022-07-20,3,3307,105,1,0,0,1
8,2022-07-21,4,3041,98,1,0,0,1
8,2022-07-22,5,3385,89,1,0,0,1
8,2022-07-23,6,4501,131,1,0,0,1
8,2022-07-24,7,0,0,0,0,0,1
8,2022-07-25,1,3303,88,1,1,0,1
8,2022-07-26,2,2733,79,1,0,0,1
8,2022-07-27,3,3013,81,1,0,0,1
8,2022-07-28,4,3162,77,1,0,0,1
8,2022-07-29,5,3689,105,1,1,0,1
8,2022-07-30,6,4870,146,1,1,0,1
8,2022-07-31,7,3772,104,1,0,0,1
8,2022-08-01,1,2969,98,1,0,0,0
8,2022-08-02,2,3067,81,1,0,0,0
8,2022-08-03,3,3339,99,1,1,0,0
8,2022-08-04,4,3272,79,1,0,0,0
8,2022-08-05,5,3372,92,1,0,0,0
8,2022-08-06,6,4613,143,1,0,0,0
8,2022-08-07,7,3848,100,1,0,0,0
8,2022-08-08,1,3039,72,1,1,0,0
8,2022-08-09,2,2925,73,1,0,0,0
8,2022-08-10,3,3276,100,1,0,0,0
8,2022-08-11,4,3200,105,1,0,0,0
8,2022-08-12,5,3454,82,1,0,0,0
8,2022-08-13,6,5027,153,1,1,0,0
8,2022-08-14,7,3551,97,1,0,0,0
8,2022-08-15,1,2860,87,1,1,0,0
8,2022-08-16,2,2937,80,1,1,0,0
8,2022-08-17,3,3217,99,1,0,a,0
8,2022-08-18,4,3226,90,1,0,0,0
8,2022-08-19,5,3488,88,1,0,0,0
8,2022-08-20,6,4942,131,1,1,0,0
8,2022-08-21,7,0,0,0,0,0,0
8,2022-08-22,1,2948,77,1,0,0,0
8,2022-08-23,2,3038,91,1,0,0,0
8,2022-08-24,3,3141,84,1,1,0,0
8,2022-08-25,4,3227,92,1,0,0,0
8,2022-08-26,5,3344,97,1,0,0,0
8,2022-08-27,6,4242,132,1,0,0,0
8,2022-08-28,7,0,0,0,0,0,0
8,2022-08-29,1,3132,85,1,1,0,0
8,2022-08-30,2,2827,80,1,0,0,0
8,2022-08-31,3,3108,97,1,1,0,0
8,2022-09-01,4,3131,85,1,0,0,0
8,2022-09-02,5,3476,98,1,0,0,0
8,2022-09-03,6,4138,116,1,0,0,0
8,2022-09-04,7,0,0,0,0,0,0
8,2022-09-05,1,3052,101,1,0,0,0
8,2022-09-06,2,2947,93,1,0,0,0
8,2022-09-07,3,2851,86,1,0,0,0
8,2022-09-08,4,3230,100,1,0,0,0
8,2022-09-09,5,3570,104,1,0,0,0
8,2022-09-10,6,4648,124,1,1,0,0
8,2022-09-11,7,0,0,0,0,0,0
8,2022-09-12,1,3188,78,1,0,0,0
8,2022-09-13,2,2873,91,1,0,0,0
8,2022-09-14,3,3158,84,1,1,0,0
8,2022-09-15,4,3083,79,1,1,0,0
8,2022-09-16,5,3715,99,1,0,0,0
8,2022-09-17,6,4786,144,1,1,0,0
8,2022-09-18,7,0,0,0,0,0,0
8,2022-09-19,1,2683,86,1,0,0,0
8,2022-09-20,2,3204,92,1,1,0,0
8,2022-09-21,3,3143,77,1,1,0,0
8,2022-09-22,4,3265,96,1,0,0,0
8,2022-09-23,5,3778,111,1,1,0,0
8,2022-09-24,6,4506,147,1,0,0,0
8,2022-09-25,7,3725,114,1,1,0,0
8,2022-09-26,1,3068,78,1,0,0,0
8,2022-09-27,2,2819,71,1,0,0,0
8,2022-09-28,3,3238,100,1,0,0,0
8,2022-09-29,4,3063,78,1,0,0,0
8,2022-09-30,5,3517,113,1,0,0,0
8,2022-10-01,6,4350,133,1,0,0,0
8,2022-10-02,7,3712,101,1,0,0,0
8,2022-10-03,1,2858,81,1,0,0,0
8,2022-10-04,2,2828,71,1,0,0,0
8,2022-10-05,3,3436,97,1,0,0,0
8,2022-10-06,4,3318,89,1,0,0,0
8,2022-10-07,5,3764,108,1,1,0,0
8,2022-10-08,6,4875,133,1,1,0,0
8,2022-10-09,7,0,0,0,1,0,0
8,2022-10-10,1,3006,93,1,0,0,0
8,2022-10-11,2,3218,82,1,1,0,0
8,2022-10-12,3,2960,77,1,0,0,0
8,2022-10-13,4,3444,111,1,0,0,0
8,2022-10-14,5,3547,110,1,0,0,0
8,2022-10-15,6,4952,122,1,1,0,0
8,2022-10-16,7,0,0,0,0,0,0
8,2022-10-17,1,3099,110,1,0,0,0
8,2022-10-18,2,2838,88,1,0,0,0
8,2022-10-19,3,3446,95,1,1,0,0
8,2022-10-20,4,3466,99,1,0,0,0
8,2022-10-21,5,3188,83,1,0,0,0
8,2022-10-22,6,4519,139,1,0,0,0
8,2022-10-23,7,0,0,0,0,0,0
8,2022-10-24,1,2990,79,1,0,0,0
8,2022-10-25,2,2779,73,1,0,0,0
8,2022-10-26,3,3110,85,1,1,0,0
8,2022-10-27,4,2905,89,1,0,0,0
8,2022-10-28,5,3708,106,1,0,0,0
8,2022-10-29,6,4863,131,1,0,0,0
8,2022-10-30,7,3961,108,1,0,0,0
8,2022-10-31,1,3031,90,1,0,0,0
8,2022-11-01,2,3009,81,1,0,0,0
8,2022-11-02,3,3270,103,1,0,0,0
8,2022-11-03,4,3328,87,1,1,0,0
8,2022-11-04,5,3377,91,1,0,0,0
8,2022-11-05,6,4429,123,1,0,0,0
8,2022-11-06,7,3935,117,1,1,0,0
8,2022-11-07,1,2932,90,1,0,0,0
8,2022-11-08,2,3196,84,1,1,0,0
8,2022-11-09,3,2899,84,1,0,0,0
8,2022-11-10,4,3173,95,1,0,0,0
8,2022-11-11,5,3804,110,1,1,0,0
8,2022-11-12,6,4597,136,1,0,0,0
8,2022-11-13,7,0,0,0,0,0,0
8,2022-11-14,1,3316,89,1,1,0,0
8,2022-11-15,2,3018,79,1,0,0,0
8,2022-11-16,3,2790,73,1,0,0,0
8,2022-11-17,4,3291,89,1,0,0,0
8,2022-11-18,5,3656,111,1,1,0,0
8,2022-11-19,6,4678,138,1,1,0,0
8,2022-11-20,7,3574,93,1,0,0,0
8,2022-11-21,1,2898,72,1,0,0,0
8,2022-11-22,2,3166,84,1,1,0,0
8,2022-11-23,3,3206,92,1,0,0,0
8,2022-11-24,4,3248,85,1,0,0,0
8,2022-11-25,5,3919,128,1,1,0,0
8,2022-11-26,6,4952,149,1,1,0,0
8,2022-11-27,7,3528,97,1,1,0,0
8,2022-11-28,1,2917,92,1,0,0,0
8,2022-11-29,2,3167,85,1,0,0,0
8,2022-11-30,3,2928,84,1,0,0,0
8,2022-12-01,4,2788,73,1,0,0,0
8,2022-12-02,5,3897,109,1,0,0,0
8,2022-12-03,6,4892,139,1,1,0,0
8,2022-12-04,7,3614,101,1,0,0,0
8,2022-12-05,1,3079,79,1,1,0,0
8,2022-12-06,2,3089,85,1,0,0,0
8,2022-12-07,3,3207,86,1,0,0,0
8,2022-12-08,4,3288,93,1,0,0,0
8,2022-12-09,5,3542,101,1,0,0,0
8,2022-12-10,6,4305,123,1,0,0,0
8,2022-12-11,7,0,0,0,1,0,0
8,2022-12-12,1,3393,104,1,1,0,0
8,2022-12-13,2,2919,90,1,0,0,0
8,2022-12-14,3,3232,103,1,0,0,0
8,2022-12-15,4,3334,90,1,1,0,0
8,2022-12-16,5,3726,112,1,0,0,0
8,2022-12-17,6,4381,110,1,0,0,0
8,2022-12-18,7,0,0,0,0,0,0
8,2022-12-19,1,3300,97,1,1,0,0
8,2022-12-20,2,2904,89,1,0,0,0
8,2022-12-21,3,3200,90,1,0,0,0
8,2022-12-22,4,3403,92,1,1,0,0
8,2022-12-23,5,3581,98,1,0,0,0
8,2022-12-24,6,4459,138,1,0,0,0
8,2022-12-25,7,3949,99,1,0,a,0
8,2022-12-26,1,3080,78,1,1,0,0
8,2022-12-27,2,3053,78,1,0,0,0
8,2022-12-28,3,3165,100,1,1,0,0
8,2022-12-29,4,3241,87,1,0,0,0
8,2022-12-30,5,3711,99,1,0,0,0
8,2022-12-31,6,4784,135,1,1,0,0
8,2023-01-01,7,3189,92,1,0,a,0
8,2023-01-02,1,2876,69,1,0,0,0
8,2023-01-03,2,2691,69,1,0,0,0
8,2023-01-04,3,3165,85,1,0,0,0
8,2023-01-05,4,3257,94,1,0,0,0
8,2023-01-06,5,3538,93,1,0,0,0
8,2023-01-07,6,4486,129,1,0,0,0
8,2023-01-08,7,4007,119,1,1,0,0
8,2023-01-09,1,2866,66,1,0,0,0
8,2023-01-10,2,3324,89,1,1,0,0
8,2023-01-11,3,3171,88,1,0,0,0
8,2023-01-12,4,3109,86,1,0,0,0
8,2023-01-13,5,3532,96,1,0,0,0
8,2023-01-14,6,4609,139,1,0,0,0
8,2023-01-15,7,3520,103,1,0,0,0
8,2023-01-16,1,3358,98,1,1,0,0
8,2023-01-17,2,3331,88,1,1,0,0
8,2023-01-18,3,3343,101,1,1,0,0
8,2023-01-19,4,3423,110,1,0,0,0
8,2023-01-20,5,4297,109,1,1,0,0
8,2023-01-21,6,4211,109,1,0,0,0
8,2023-01-22,7,3798,111,1,0,0,0
8,2023-01-23,1,3036,82,1,1,0,0
8,2023-01-24,2,3268,95,1,0,0,0
8,2023-01-25,3,3209,96,1,0,0,0
8,2023-01-26,4,3160,91,1,0,0,0
8,2023-01-27,5,3573,93,1,0,0,0
8,2023-01-28,6,5215,172,1,1,0,0
8,2023-01-29,7,0,0,0,0,0,0
8,2023-01-30,1,3355,106,1,1,0,0
8,2023-01-31,2,3263,92,1,0,0,0
8,2023-02-01,3,3327,106,1,0,0,0
8,2023-02-02,4,3465,95,1,0,0,0
8,2023-02-03,5,3604,109,1,0,0,0
8,2023-02-04,6,4138,127,1,0,0,0
8,2023-02-05,7,4012,110,1,1,0,0
8,2023-02-06,1,3158,96,1,1,0,0
8,2023-02-07,2,3320,93,1,1,0,0
8,2023-02-08,3,3045,88,1,1,0,0
8,2023-02-09,4,3593,93,1,1,0,0
8,2023-02-10,5,3667,98,1,0,0,0
8,2023-02-11,6,4992,152,1,1,0,0
8,2023-02-12,7,0,0,0,0,0,0
8,2023-02-13,1,3112,95,1,0,0,0
8,2023-02-14,2,2997,86,1,0,0,0
8,2023-02-15,3,3368,98,1,0,0,0
8,2023-02-16,4,3389,101,1,0,0,0
8,2023-02-17,5,3953,99,1,1,0,0
8,2023-02-18,6,4661,133,1,0,0,0
8,2023-02-19,7,0,0,0,0,0,0
8,2023-02-20,1,3119,89,1,0,0,0
8,2023-02-21,2,2787,88,1,0,0,0
8,2023-02-22,3,2972,77,1,0,0,0
8,2023-02-23,4,3277,87,1,0,0,0
8,2023-02-24,5,3303,96,1,0,0,0
8,2023-02-25,6,4662,134,1,0,0,0
8,2023-02-26,7,0,0,0,1,0,0
8,2023-02-27,1,3271,95,1,1,0,0
8,2023-02-28,2,3084,97,1,0,0,0
8,2023-03-01,3,2901,82,1,0,0,0
8,2023-03-02,4,3357,87,1,0,0,0
8,2023-03-03,5,3748,104,1,1,0,0
8,2023-03-04,6,4151,123,1,0,0,0
8,2023-03-05,7,0,0,0,0,0,0
8,2023-03-06,1,3351,88,1,1,0,0
8,2023-03-07,2,3001,90,1,0,0,0
8,2023-03-08,3,3129,96,1,0,0,0
8,2023-03-09,4,3334,99,1,0,0,0
8,2023-03-10,5,3749,102,1,1,0,0
8,2023-03-11,6,4873,129,1,1,0,0
8,2023-03-12,7,3759,113,1,1,0,0
8,2023-03-13,1,3056,82,1,0,0,0
8,2023-03-14,2,3358,102,1,0,0,0
8,2023-03-15,3,3399,84,1,1,0,0
8,2023-03-16,4,3527,98,1,1,0,0
8,2023-03-17,5,3546,86,1,0,0,0
8,2023-03-18,6,4850,134,1,1,0,0
8,2023-03-19,7,3797,118,1,0,0,0
8,2023-03-20,1,3280,98,1,0,0,0
8,2023-03-21,2,3258,93,1,0,0,0
8,2023-03-22,3,3141,88,1,0,0,0
8,2023-03-23,4,3482,82,1,1,0,0
8,2023-03-24,5,3627,91,1,0,0,0
8,2023-03-25,6,4900,143,1,0,0,0
8,2023-03-26,7,0,0,0,1,0,0
8,2023-03-27,1,3291,96,1,1,0,0
8,2023-03-28,2,3235,94,1,0,0,0
8,2023-03-29,3,3303,112,1,0,0,0
8,2023-03-30,4,3197,90,1,0,0,0
8,2023-03-31,5,3678,90,1,0,0,0
8,2023-04-01,6,4921,137,1,1,0,0
8,2023-04-02,7,0,0,0,1,0,0
8,2023-04-03,1,3118,99,1,0,0,0
8,2023-04-04,2,3260,103,1,0,0,0
8,2023-04-05,3,3402,97,1,0,0,0
8,2023-04-06,4,3658,107,1,1,0,0
8,2023-04-07,5,3826,115,1,0,0,0
8,2023-04-08,6,4786,147,1,0,0,0
8,2023-04-09,7,3744,109,1,0,0,0
8,2023-04-10,1,3248,95,1,0,0,0
8,2023-04-11,2,2835,82,1,0,0,0
8,2023-04-12,3,3122,87,1,0,0,0
8,2023-04-13,4,3697,112,1,1,0,0
8,2023-04-14,5,3778,111,1,1,0,0
8,2023-04-15,6,9254,249,1,1,0,0
8,2023-04-16,7,6834,206,1,0,0,0
8,2023-04-17,1,5853,166,1,0,0,0
8,2023-04-18,2,5142,159,1,0,0,0
8,2023-04-19,3,6196,183,1,0,0,0
8,2023-04-20,4,5965,170,1,1,0,0
8,2023-04-21,5,6199,150,1,0,0,0
8,2023-04-22,6,0,0,0,0,b,0
8,2023-04-23,7,0,0,0,1,b,0
8,2023-04-24,1,3277,94,1,1,0,0
8,2023-04-25,2,3343,100,1,0,0,0
8,2023-04-26,3,3360,99,1,0,0,0
8,2023-04-27,4,3273,110,1,0,0,0
8,2023-04-28,5,3677,109,1,0,0,0
8,2023-04-29,6,5016,147,1,0,0,0
8,2023-04-30,7,0,0,0,0,0,0
8,2023-05-01,1,3575,103,1,1,0,0
8,2023-05-02,2,3037,73,1,0,0,0
8,2023-05-03,3,3106,82,1,0,0,0
8,2023-05-04,4,3536,113,1,0,0,0
8,2023-05-05,5,3844,110,1,0,0,0
8,2023-05-06,6,4562,139,1,1,0,0
8,2023-05-07,7,0,0,0,0,0,0
8,2023-05-08,1,3005,93,1,0,0,0
8,2023-05-09,2,3235,100,1,0,0,0
8,2023-05-10,3,3709,113,1,1,0,0
8,2023-05-11,4,3450,105,1,0,0,0
8,2023-05-12,5,3752,92,1,1,0,0
8,2023-05-13,6,4989,154,1,0,0,0
8,2023-05-14,7,0,0,0,0,0,0
8,2023-05-15,1,3174,88,1,0,0,0
8,2023-05-16,2,3192,87,1,1,0,0
8,2023-05-17,3,3439,98,1,1,0,0
8,2023-05-18,4,3354,83,1,0,0,0
8,2023-05-19,5,3273,81,1,0,0,0
8,2023-05-20,6,4791,142,1,0,0,0
8,2023-05-21,7,3873,114,1,0,0,0
8,2023-05-22,1,3247,96,1,0,0,0
8,2023-05-23,2,2948,78,1,1,0,0
8,2023-05-24,3,3515,99,1,1,0,0
8,2023-05-25,4,3376,92,1,0,0,0
8,2023-05-26,5,3819,99,1,0,0,0
8,2023-05-27,6,4623,127,1,1,0,0
8,2023-05-28,7,0,0,0,1,0,0
8,2023-05-29,1,2897,76,1,0,0,0
8,2023-05-30,2,3149,97,1,0,0,0
8,2023-05-31,3,3213,99,1,0,0,0
8,2023-06-01,4,3353,107,1,0,0,1
8,2023-06-02,5,3473,102,1,0,0,1
8,2023-06-03,6,4511,139,1,0,0,1
8,2023-06-04,7,3425,103,1,0,0,1
8,2023-06-05,1,2987,86,1,0,0,1
8,2023-06-06,2,3030,89,1,0,0,1
8,2023-06-07,3,3177,95,1,0,0,1
8,2023-06-08,4,3540,105,1,1,0,1
8,2023-06-09,5,4076,117,1,1,0,1
8,2023-06-10,6,4643,142,1,0,0,1
8,2023-06-11,7,0,0,0,0,0,1
8,2023-06-12,1,3499,107,1,1,0,1
8,2023-06-13,2,3317,87,1,0,0,1
8,2023-06-14,3,3361,106,1,0,0,1
8,2023-06-15,4,3401,90,1,0,0,1
8,2023-06-16,5,3543,94,1,0,0,1
8,2023-06-17,6,4883,156,1,0,0,1
8,2023-06-18,7,0,0,0,1,0,1
8,2023-06-19,1,3434,98,1,0,0,1
8,2023-06-20,2,3157,91,1,0,0,1
8,2023-06-21,3,3423,102,1,1,0,1
8,2023-06-22,4,3634,123,1,0,0,1
8,2023-06-23,5,3662,102,1,0,0,1
8,2023-06-24,6,4824,145,1,0,0,1
8,2023-06-25,7,4328,118,1,0,0,1
8,2023-06-26,1,3261,88,1,0,0,1
8,2023-06-27,2,3325,93,1,0,0,1
8,2023-06-28,3,3539,103,1,0,0,1
8,2023-06-29,4,3306,79,1,0,0,1
8,2023-06-30,5,3929,112,1,0,0,1
8,2023-07-01,6,4753,139,1,0,0,1
8,2023-07-02,7,0,0,0,0,0,1
8,2023-07-03,1,3456,95,1,0,0,1
8,2023-07-04,2,3270,100,1,0,0,1
8,2023-07-05,3,3643,107,1,1,0,1
8,2023-07-06,4,3287,87,1,0,0,1
8,2023-07-07,5,4088,121,1,0,0,1
8,2023-07-08,6,4854,157,1,1,0,1
8,2023-07-09,7,4026,98,1,0,0,1
8,2023-07-10,1,3114,97,1,0,0,1
8,2023-07-11,2,3459,103,1,1,0,1
8,2023-07-12,3,3770,100,1,1,0,1
8,2023-07-13,4,3488,105,1,0,0,1
8,2023-07-14,5,3830,115,1,0,0,1
8,2023-07-15,6,4822,142,1,0,0,1
8,2023-07-16,7,0,0,0,1,0,1
8,2023-07-17,1,3180,88,1,0,0,1
8,2023-07-18,2,3422,93,1,0,0,1
8,2023-07-19,3,3611,108,1,1,0,1
8,2023-07-20,4,3357,106,1,0,0,1
8,2023-07-21,5,3978,119,1,1,0,1
8,2023-07-22,6,5566,153,1,0,0,1
8,2023-07-23,7,0,0,0,0,0,1
8,2023-07-24,1,3475,103,1,0,0,1
8,2023-07-25,2,3231,90,1,1,0,1
8,2023-07-26,3,3392,84,1,0,0,1
8,2023-07-27,4,3315,93,1,0,0,1
8,2023-07-28,5,3682,99,1,0,0,1
8,2023-07-29,6,5312,146,1,1,0,1
8,2023-07-30,7,3977,125,1,1,0,1
8,2023-07-31,1,3052,91,1,0,0,1
8,2023-08-01,2,3283,103,1,0,0,0
8,2023-08-02,3,3400,104,1,1,0,0
8,2023-08-03,4,3380,95,1,0,0,0
8,2023-08-04,5,3448,112,1,0,0,0
8,2023-08-05,6,4564,126,1,0,0,0
8,2023-08-06,7,4217,112,1,1,0,0
8,2023-08-07,1,3213,87,1,0,0,0
8,2023-08-08,2,3324,103,1,0,0,0
8,2023-08-09,3,3175,90,1,0,0,0
8,2023-08-10,4,3405,88,1,0,0,0
8,2023-08-11,5,3805,101,1,0,0,0
8,2023-08-12,6,4832,148,1,0,0,0
8,2023-08-13,7,4098,122,1,0,0,0
8,2023-08-14,1,3079,95,1,0,0,0
8,2023-08-15,2,3266,93,1,0,0,0
8,2023-08-16,3,3696,107,1,1,0,0
8,2023-08-17,4,3463,92,1,1,a,0
8,2023-08-18,5,4072,125,1,1,0,0
8,2023-08-19,6,4977,142,1,0,0,0
8,2023-08-20,7,0,0,0,0,0,0
8,2023-08-21,1,3262,82,1,0,0,0
8,2023-08-22,2,3587,108,1,1,0,0
8,2023-08-23,3,3872,104,1,1,0,0
8,2023-08-24,4,3730,109,1,1,0,0
8,2023-08-25,5,3868,113,1,0,0,0
8,2023-08-26,6,4901,140,1,0,0,0
8,2023-08-27,7,3730,108,1,0,0,0
8,2023-08-28,1,3034,90,1,0,0,0
8,2023-08-29,2,3011,77,1,0,0,0
8,2023-08-30,3,3555,90,1,1,0,0
8,2023-08-31,4,3417,89,1,0,0,0
8,2023-09-01,5,4106,108,1,0,0,0
8,2023-09-02,6,4291,129,1,0,0,0
8,2023-09-03,7,4207,109,1,1,0,0
8,2023-09-04,1,3343,97,1,0,0,0
8,2023-09-05,2,3344,93,1,0,0,0
8,2023-09-06,3,3539,100,1,1,0,0
8,2023-09-07,4,3519,102,1,0,0,0
8,2023-09-08,5,3855,114,1,0,0,0
8,2023-09-09,6,5022,150,1,0,0,0
8,2023-09-10,7,0,0,0,0,0,0
8,2023-09-11,1,3806,101,1,1,0,0
8,2023-09-12,2,3463,110,1,1,0,0
8,2023-09-13,3,3385,97,1,0,0,0
8,2023-09-14,4,3334,114,1,0,0,0
8,2023-09-15,5,3762,112,1,0,0,0
8,2023-09-16,6,5294,152,1,0,0,0
8,2023-09-17,7,3513,98,1,0,0,0
8,2023-09-18,1,3292,100,1,0,0,0
8,2023-09-19,2,3207,83,1,0,0,0
8,2023-09-20,3,3614,95,1,1,0,0
8,2023-09-21,4,3514,83,1,0,0,0
8,2023-09-22,5,4124,114,1,0,0,0
8,2023-09-23,6,4954,134,1,0,0,0
8,2023-09-24,7,4206,117,1,1,0,0
8,2023-09-25,1,3445,95,1,0,0,0
8,2023-09-26,2,3462,105,1,0,0,0
8,2023-09-27,3,3478,109,1,0,0,0
8,2023-09-28,4,3832,95,1,1,0,0
8,2023-09-29,5,3798,110,1,0,0,0
8,2023-09-30,6,5218,153,1,1,0,0
8,2023-10-01,7,4540,122,1,1,0,0
8,2023-10-02,1,3549,104,1,1,0,0
8,2023-10-03,2,3182,81,1,0,0,0
8,2023-10-04,3,3374,102,1,0,0,0
8,2023-10-05,4,3660,93,1,0,0,0
8,2023-10-06,5,4266,133,1,1,0,0
8,2023-10-07,6,4738,117,1,0,0,0
8,2023-10-08,7,4104,121,1,0,0,0
8,2023-10-09,1,3298,104,1,0,0,0
8,2023-10-10,2,3216,81,1,0,0,0
8,2023-10-11,3,3598,102,1,0,0,0
8,2023-10-12,4,3443,114,1,0,0,0
8,2023-10-13,5,3742,99,1,0,0,0
8,2023-10-14,6,4990,143,1,1,0,0
8,2023-10-15,7,4003,111,1,0,0,0
8,2023-10-16,1,3183,88,1,0,0,0
8,2023-10-17,2,3092,71,1,0,0,0
8,2023-10-18,3,3229,99,1,0,0,0
8,2023-10-19,4,3513,90,1,1,0,0
8,2023-10-20,5,3712,108,1,0,0,0
8,2023-10-21,6,5062,146,1,0,0,0
8,2023-10-22,7,0,0,0,0,0,0
8,2023-10-23,1,3353,93,1,1,0,0
8,2023-10-24,2,3221,85,1,0,0,0
8,2023-10-25,3,3758,98,1,1,0,0
8,2023-10-26,4,3453,103,1,0,0,0
8,2023-10-27,5,3835,113,1,0,0,0
8,2023-10-28,6,4949,153,1,0,0,0
8,2023-10-29,7,3866,103,1,1,0,0
8,2023-10-30,1,3425,91,1,0,0,0
8,2023-10-31,2,3510,88,1,1,0,0
8,2023-11-01,3,3529,99,1,0,0,0
8,2023-11-02,4,3941,117,1,0,0,0
8,2023-11-03,5,3620,111,1,0,0,0
8,2023-11-04,6,4839,138,1,1,0,0
8,2023-11-05,7,0,0,0,0,0,0
8,2023-11-06,1,3428,99,1,1,0,0
8,2023-11-07,2,3242,92,1,1,0,0
8,2023-11-08,3,3515,94,1,1,0,0
8,2023-11-09,4,3399,112,1,0,0,0
8,2023-11-10,5,4212,105,1,0,0,0
8,2023-11-11,6,5828,158,1,1,0,0
8,2023-11-12,7,0,0,0,0,0,0
8,2023-11-13,1,3080,80,1,0,0,0
8,2023-11-14,2,3129,82,1,0,0,0
8,2023-11-15,3,3284,84,1,0,0,0
8,2023-11-16,4,3377,100,1,0,0,0
8,2023-11-17,5,3846,108,1,0,0,0
8,2023-11-18,6,4883,162,1,0,0,0
8,2023-11-19,7,3795,112,1,0,0,0
8,2023-11-20,1,3160,91,1,0,0,0
8,2023-11-21,2,3510,98,1,0,0,0
8,2023-11-22,3,3346,103,1,0,0,0
8,2023-11-23,4,3447,83,1,0,0,0
8,2023-11-24,5,3594,111,1,0,0,0
8,2023-11-25,6,4887,133,1,0,0,0
8,2023-11-26,7,4273,102,1,0,0,0
8,2023-11-27,1,3608,93,1,1,0,0
8,2023-11-28,2,3396,107,1,0,0,0
8,2023-11-29,3,3367,97,1,1,0,0
8,2023-11-30,4,3310,111,1,0,0,0
8,2023-12-01,5,4117,110,1,0,0,0
8,2023-12-02,6,5218,148,1,0,0,0
8,2023-12-03,7,4031,113,1,0,0,0
8,2023-12-04,1,3485,86,1,0,0,0
8,2023-12-05,2,3072,86,1,0,0,0
8,2023-12-06,3,3205,93,1,0,0,0
8,2023-12-07,4,3245,90,1,0,0,0
8,2023-12-08,5,3973,127,1,0,0,0
8,2023-12-09,6,5327,144,1,1,0,0
8,2023-12-10,7,3984,112,1,0,0,0
8,2023-12-11,1,3217,80,1,0,0,0
8,2023-12-12,2,3669,98,1,0,0,0
8,2023-12-13,3,3379,81,1,0,0,0
8,2023-12-14,4,3970,113,1,1,0,0
8,2023-12-15,5,3880,114,1,0,0,0
8,2023-12-16,6,4901,147,1,0,0,0
8,2023-12-17,7,0,0,0,1,0,0
8,2023-12-18,1,3485,99,1,0,0,0
8,2023-12-19,2,3275,91,1,0,0,0
8,2023-12-20,3,3805,107,1,1,0,0
8,2023-12-21,4,3988,101,1,0,0,0
8,2023-12-22,5,3772,107,1,0,0,0
8,2023-12-23,6,5154,135,1,0,0,0
8,2023-12-24,7,4020,114,1,0,0,0
8,2023-12-25,1,3201,82,1,0,a,0
8,2023-12-26,2,3283,101,1,1,0,0
8,2023-12-27,3,3708,120,1,0,0,0
8,2023-12-28,4,3385,87,1,1,0,0
8,2023-12-29,5,4222,112,1,1,0,0
8,2023-12-30,6,4835,130,1,0,0,0
8,2023-12-31,7,4475,126,1,0,0,0
8,2024-01-01,1,3318,103,1,0,a,0
8,2024-01-02,2,3391,84,1,1,0,0
8,2024-01-03,3,3895,109,1,1,0,0
8,2024-01-04,4,3709,119,1,0,0,0
8,2024-01-05,5,4037,101,1,0,0,0
8,2024-01-06,6,5255,166,1,0,0,0
8,2024-01-07,7,0,0,0,1,0,0
8,2024-01-08,1,3494,89,1,0,0,0
8,2024-01-09,2,3262,106,1,0,0,0
8,2024-01-10,3,3683,117,1,1,0,0
8,2024-01-11,4,3645,86,1,0,0,0
8,2024-01-12,5,3716,116,1,0,0,0
8,2024-01-13,6,5210,157,1,0,0,0
8,2024-01-14,7,4085,122,1,0,0,0
8,2024-01-15,1,3165,85,1,0,0,0
8,2024-01-16,2,3440,103,1,1,0,0
8,2024-01-17,3,3454,104,1,0,0,0
8,2024-01-18,4,3670,103,1,0,0,0
8,2024-01-19,5,3470,113,1,0,0,0
8,2024-01-20,6,5166,116,1,0,0,0
8,2024-01-21,7,4024,115,1,0,0,0
8,2024-01-22,1,3693,99,1,1,0,0
8,2024-01-23,2,3470,107,1,1,0,0
8,2024-01-24,3,3399,103,1,0,0,0
8,2024-01-25,4,3538,96,1,0,0,0
8,2024-01-26,5,4013,117,1,0,0,0
8,2024-01-27,6,5571,138,1,1,0,0
8,2024-01-28,7,0,0,0,0,0,0
8,2024-01-29,1,3493,85,1,1,0,0
8,2024-01-30,2,3554,99,1,0,0,0
8,2024-01-31,3,3569,95,1,1,0,0
8,2024-02-01,4,3823,120,1,1,0,0
8,2024-02-02,5,3895,104,1,1,0,0
8,2024-02-03,6,4648,149,1,0,0,0
8,2024-02-04,7,3928,122,1,0,0,0
8,2024-02-05,1,3274,77,1,0,0,0
8,2024-02-06,2,3663,121,1,1,0,0
8,2024-02-07,3,3667,93,1,0,0,0
8,2024-02-08,4,3398,95,1,1,0,0
8,2024-02-09,5,4045,122,1,1,0,0
8,2024-02-10,6,5269,159,1,0,0,0
8,2024-02-11,7,4334,128,1,1,0,0
8,2024-02-12,1,3651,105,1,0,0,0
8,2024-02-13,2,3433,92,1,0,0,0
8,2024-02-14,3,3427,100,1,0,0,0
8,2024-02-15,4,3555,99,1,0,0,0
8,2024-02-16,5,4152,121,1,1,0,0
8,2024-02-17,6,4884,114,1,0,0,0
8,2024-02-18,7,4351,149,1,0,0,0
8,2024-02-19,1,3528,108,1,0,0,0
8,2024-02-20,2,3572,102,1,1,0,0
8,2024-02-21,3,3521,104,1,0,0,0
8,2024-02-22,4,3580,107,1,1,0,0
8,2024-02-23,5,4072,121,1,0,0,0
8,2024-02-24,6,5141,155,1,0,0,0
8,2024-02-25,7,0,0,0,0,0,0
8,2024-02-26,1,3186,89,1,0,0,0
8,2024-02-27,2,3372,86,1,1,0,0
8,2024-02-28,3,3208,89,1,0,0,0
8,2024-02-29,4,3737,110,1,1,0,0
8,2024-03-01,5,3632,112,1,0,0,0
8,2024-03-02,6,5419,161,1,0,0,0
8,2024-03-03,7,0,0,0,1,0,0
8,2024-03-04,1,3554,102,1,1,0,0
8,2024-03-05,2,3168,83,1,0,0,0
8,2024-03-06,3,3224,96,1,0,0,0
8,2024-03-07,4,3477,96,1,0,0,0
8,2024-03-08,5,4109,106,1,0,0,0
8,2024-03-09,6,5168,144,1,1,0,0
8,2024-03-10,7,0,0,0,1,0,0
8,2024-03-11,1,3672,113,1,0,0,0
8,2024-03-12,2,3510,100,1,1,0,0
8,2024-03-13,3,3414,82,1,0,0,0
8,2024-03-14,4,3507,99,1,0,0,0
8,2024-03-15,5,4310,121,1,0,0,0
8,2024-03-16,6,4964,131,1,0,0,0
8,2024-03-17,7,0,0,0,0,0,0
8,2024-03-18,1,3427,106,1,0,0,0
8,2024-03-19,2,3467,102,1,0,0,0
8,2024-03-20,3,3357,104,1,0,0,0
8,2024-03-21,4,3733,113,1,1,0,0
8,2024-03-22,5,3992,113,1,0,0,0
8,2024-03-23,6,4978,146,1,0,0,0
8,2024-03-24,7,0,0,0,1,0,0
8,2024-03-25,1,3462,95,1,1,0,0
8,2024-03-26,2,3419,87,1,1,0,0
8,2024-03-27,3,3744,103,1,0,0,0
8,2024-03-28,4,3832,120,1,0,0,0
8,2024-03-29,5,4321,109,1,0,0,0
8,2024-03-30,6,4657,137,1,0,0,0
8,2024-03-31,7,4450,114,1,1,0,0
8,2024-04-01,1,3449,93,1,0,0,0
8,2024-04-02,2,3264,96,1,0,0,0
8,2024-04-03,3,6423,182,1,0,0,0
8,2024-04-04,4,6423,192,1,0,0,0
8,2024-04-05,5,7639,211,1,1,0,0
8,2024-04-06,6,10860,311,1,0,0,0
8,2024-04-07,7,0,0,0,0,0,0
8,2024-04-08,1,6301,177,1,0,0,0
8,2024-04-09,2,6303,194,1,0,0,0
8,2024-04-10,3,0,0,0,0,b,0
8,2024-04-11,4,0,0,0,0,b,0
8,2024-04-12,5,3685,110,1,0,0,0
8,2024-04-13,6,5415,167,1,1,0,0
8,2024-04-14,7,0,0,0,1,0,0
8,2024-04-15,1,3262,91,1,1,0,0
8,2024-04-16,2,3825,103,1,1,0,0
8,2024-04-17,3,3541,98,1,0,0,0
8,2024-04-18,4,3900,110,1,0,0,0
8,2024-04-19,5,3573,105,1,0,0,0
8,2024-04-20,6,5827,167,1,1,0,0
8,2024-04-21,7,0,0,0,1,0,0
8,2024-04-22,1,3850,115,1,1,0,0
8,2024-04-23,2,3410,100,1,0,0,0
8,2024-04-24,3,3788,124,1,1,0,0
8,2024-04-25,4,3727,102,1,0,0,0
8,2024-04-26,5,3943,127,1,0,0,0
8,2024-04-27,6,5013,128,1,0,0,0
8,2024-04-28,7,4146,115,1,0,0,0
8,2024-04-29,1,3201,92,1,0,0,0
8,2024-04-30,2,3298,92,1,0,0,0
8,2024-05-01,3,3410,105,1,0,0,0
8,2024-05-02,4,3377,81,1,0,0,0
8,2024-05-03,5,4334,117,1,1,0,0
8,2024-05-04,6,5191,139,1,0,0,0
8,2024-05-05,7,4281,87,1,0,0,0
8,2024-05-06,1,3760,96,1,1,0,0
8,2024-05-07,2,3511,112,1,1,0,0
8,2024-05-08,3,3373,92,1,0,0,0
8,2024-05-09,4,3711,94,1,0,0,0
8,2024-05-10,5,3451,104,1,0,0,0
8,2024-05-11,6,5169,126,1,0,0,0
8,2024-05-12,7,4397,135,1,0,0,0
8,2024-05-13,1,3830,118,1,1,0,0
8,2024-05-14,2,3300,93,1,0,0,0
8,2024-05-15,3,3305,96,1,1,0,0
8,2024-05-16,4,3338,113,1,1,0,0
8,2024-05-17,5,4385,126,1,1,0,0
8,2024-05-18,6,5113,172,1,0,0,0
8,2024-05-19,7,4903,143,1,1,0,0
8,2024-05-20,1,3226,93,1,0,0,0
8,2024-05-21,2,3453,80,1,0,0,0
8,2024-05-22,3,3845,107,1,0,0,0
8,2024-05-23,4,3705,106,1,0,0,0
8,2024-05-24,5,3917,127,1,1,0,0
8,2024-05-25,6,5935,179,1,0,0,0
8,2024-05-26,7,0,0,0,0,0,0
8,2024-05-27,1,3437,97,1,0,0,0
8,2024-05-28,2,3539,110,1,0,0,0
8,2024-05-29,3,3703,118,1,0,0,0
8,2024-05-30,4,3980,109,1,1,0,0
8,2024-05-31,5,3779,108,1,0,0,0
8,2024-06-01,6,5306,149,1,0,0,1
8,2024-06-02,7,4566,125,1,0,0,1
8,2024-06-03,1,3570,93,1,0,0,1
8,2024-06-04,2,3473,109,1,0,0,1
8,2024-06-05,3,3465,103,1,0,0,1
8,2024-06-06,4,3687,104,1,1,0,1
8,2024-06-07,5,3746,95,1,0,0,1
8,2024-06-08,6,5427,167,1,0,0,1
8,2024-06-09,7,4215,125,1,0,0,1
8,2024-06-10,1,3416,96,1,1,0,1
8,2024-06-11,2,3577,86,1,0,0,1
8,2024-06-12,3,3462,85,1,0,0,1
8,2024-06-13,4,3702,98,1,1,0,1
8,2024-06-14,5,3971,103,1,0,0,1
8,2024-06-15,6,5186,157,1,0,0,1
8,2024-06-16,7,4366,131,1,0,0,1
8,2024-06-17,1,3340,104,1,0,0,1
8,2024-06-18,2,3589,94,1,0,0,1
8,2024-06-19,3,3659,102,1,0,0,1
8,2024-06-20,4,3594,103,1,0,0,1
8,2024-06-21,5,4046,119,1,0,0,1
8,2024-06-22,6,5134,158,1,0,0,1
8,2024-06-23,7,4503,143,1,1,0,1
8,2024-06-24,1,3952,132,1,1,0,1
8,2024-06-25,2,3515,96,1,1,0,1
8,2024-06-26,3,3611,105,1,0,0,1
8,2024-06-27,4,3566,95,1,0,0,1
8,2024-06-28,5,4194,130,1,0,0,1
8,2024-06-29,6,5326,146,1,0,0,1
8,2024-06-30,7,4794,136,1,1,0,1
9,2022-01-01,6,4637,116,1,0,a,0
9,2022-01-02,7,4079,97,1,0,0,0
9,2022-01-03,1,3430,93,1,0,0,0
9,2022-01-04,2,3087,70,1,0,0,0
9,2022-01-05,3,3279,86,1,0,0,0
9,2022-01-06,4,640,15,1,0,0,0
9,2022-01-07,5,3724,76,1,0,0,0
9,2022-01-08,6,5623,136,1,1,0,0
9,2022-01-09,7,0,0,0,0,0,0
9,2022-01-10,1,3696,100,1,1,0,0
9,2022-01-11,2,3614,100,1,1,0,0
9,2022-01-12,3,3350,85,1,0,0,0
9,2022-01-13,4,3849,80,1,1,0,0
9,2022-01-14,5,3710,93,1,0,0,0
9,2022-01-15,6,5333,124,1,1,0,0
9,2022-01-16,7,0,0,0,0,0,0
9,2022-01-17,1,3311,73,1,0,0,0
9,2022-01-18,2,3125,74,1,0,0,0
9,2022-01-19,3,3185,75,1,0,0,0
9,2022-01-20,4,3916,96,1,1,0,0
9,2022-01-21,5,3858,95,1,0,0,0
9,2022-01-22,6,4896,109,1,0,0,0
9,2022-01-23,7,0,0,0,0,0,0
9,2022-01-24,1,3609,76,1,1,0,0
9,2022-01-25,2,3150,67,1,0,0,0
9,2022-01-26,3,3448,86,1,0,0,0
9,2022-01-27,4,3309,83,1,0,0,0
9,2022-01-28,5,4779,120,1,1,0,0
9,2022-01-29,6,4875,106,1,0,0,0
9,2022-01-30,7,0,0,0,0,0,0
9,2022-01-31,1,3254,74,1,0,0,0
9,2022-02-01,2,3843,94,1,1,0,0
9,2022-02-02,3,3149,78,1,0,0,0
9,2022-02-03,4,3705,96,1,0,0,0
9,2022-02-04,5,3841,92,1,0,0,0
9,2022-02-05,6,5801,177,1,1,0,0
9,2022-02-06,7,0,0,0,1,0,0
9,2022-02-07,1,3312,77,1,0,0,0
9,2022-02-08,2,3032,70,1,0,0,0
9,2022-02-09,3,3528,90,1,0,0,0
9,2022-02-10,4,3219,75,1,0,0,0
9,2022-02-11,5,3834,88,1,0,0,0
9,2022-02-12,6,4798,113,1,0,0,0
9,2022-02-13,7,3676,91,1,0,0,0
9,2022-02-14,1,3578,89,1,1,0,0
9,2022-02-15,2,3264,67,1,0,0,0
9,2022-02-16,3,3188,74,1,0,0,0
9,2022-02-17,4,3332,88,1,0,0,0
9,2022-02-18,5,3883,112,1,0,0,0
9,2022-02-19,6,5126,125,1,0,0,0
9,2022-02-20,7,0,0,0,0,0,0
9,2022-02-21,1,3262,79,1,0,0,0
9,2022-02-22,2,3718,100,1,1,0,0
9,2022-02-23,3,3869,89,1,1,0,0
9,2022-02-24,4,3275,87,1,0,0,0
9,2022-02-25,5,3872,105,1,0,0,0
9,2022-02-26,6,4655,123,1,0,0,0
9,2022-02-27,7,0,0,0,0,0,0
9,2022-02-28,1,3298,83,1,0,0,0
9,2022-03-01,2,3286,89,1,1,0,0
9,2022-03-02,3,4042,103,1,1,0,0
9,2022-03-03,4,3876,81,1,1,0,0
9,2022-03-04,5,3711,91,1,0,0,0
9,2022-03-05,6,5929,135,1,1,0,0
9,2022-03-06,7,4575,116,1,1,0,0
9,2022-03-07,1,3380,84,1,0,0,0
9,2022-03-08,2,3105,70,1,0,0,0
9,2022-03-09,3,4016,104,1,1,0,0
9,2022-03-10,4,3502,85,1,0,0,0
9,2022-03-11,5,3911,94,1,0,0,0
9,2022-03-12,6,4886,118,1,0,0,0
9,2022-03-13,7,4346,106,1,0,0,0
9,2022-03-14,1,3596,89,1,0,0,0
9,2022-03-15,2,3291,84,1,1,0,0
9,2022-03-16,3,3519,85,1,0,0,0
9,2022-03-17,4,3286,83,1,0,0,0
9,2022-03-18,5,3939,103,1,0,0,0
9,2022-03-19,6,4500,122,1,0,0,0
9,2022-03-20,7,4107,94,1,0,0,0
9,2022-03-21,1,3157,71,1,0,0,0
9,2022-03-22,2,3148,69,1,0,0,0
9,2022-03-23,3,3297,78,1,0,0,0
9,2022-03-24,4,3353,87,1,0,0,0
9,2022-03-25,5,3712,77,1,0,0,0
9,2022-03-26,6,4850,111,1,0,0,0
9,2022-03-27,7,4002,90,1,0,0,0
9,2022-03-28,1,3857,94,1,1,0,0
9,2022-03-29,2,3529,93,1,0,0,0
9,2022-03-30,3,3216,72,1,0,0,0
9,2022-03-31,4,3509,92,1,0,0,0
9,2022-04-01,5,4004,111,1,0,0,0
9,2022-04-02,6,5500,143,1,1,0,0
9,2022-04-03,7,3585,83,1,0,0,0
9,2022-04-04,1,2991,62,1,0,0,0
9,2022-04-05,2,2875,73,1,0,0,0
9,2022-04-06,3,3643,95,1,0,0,0
9,2022-04-07,4,4141,101,1,1,0,0
9,2022-04-08,5,4008,111,1,0,0,0
9,2022-04-09,6,5211,101,1,0,0,0
9,2022-04-10,7,3932,97,1,0,0,0
9,2022-04-11,1,3695,97,1,0,0,0
9,2022-04-12,2,3789,100,1,1,0,0
9,2022-04-13,3,3376,78,1,0,0,0
9,2022-04-14,4,3694,87,1,0,0,0
9,2022-04-15,5,3999,107,1,0,0,0
9,2022-04-16,6,5309,128,1,0,0,0
9,2022-04-17,7,0,0,0,0,0,0
9,2022-04-18,1,3261,76,1,0,0,0
9,2022-04-19,2,3277,73,1,0,0,0
9,2022-04-20,3,3241,83,1,0,0,0
9,2022-04-21,4,3221,76,1,0,0,0
9,2022-04-22,5,4645,112,1,1,0,0
9,2022-04-23,6,5224,127,1,0,0,0
9,2022-04-24,7,3661,85,1,0,0,0
9,2022-04-25,1,5772,124,1,0,0,0
9,2022-04-26,2,5871,142,1,0,0,0
9,2022-04-27,3,6169,148,1,0,0,0
9,2022-04-28,4,8016,186,1,1,0,0
9,2022-04-29,5,6772,164,1,0,0,0
9,2022-04-30,6,8914,241,1,0,0,0
9,2022-05-01,7,0,0,0,0,0,0
9,2022-05-02,1,0,0,0,0,b,0
9,2022-05-03,2,0,0,0,0,b,0
9,2022-05-04,3,3804,89,1,1,0,0
9,2022-05-05,4,3561,81,1,0,0,0
9,2022-05-06,5,3857,102,1,0,0,0
9,2022-05-07,6,5175,132,1,0,0,0
9,2022-05-08,7,0,0,0,0,0,0
9,2022-05-09,1,2851,71,1,0,0,0
9,2022-05-10,2,2979,66,1,0,0,0
9,2022-05-11,3,3329,73,1,0,0,0
9,2022-05-12,4,3699,90,1,0,0,0
9,2022-05-13,5,3771,90,1,0,0,0
9,2022-05-14,6,5108,125,1,0,0,0
9,2022-05-15,7,4209,94,1,0,0,0
9,2022-05-16,1,3435,84,1,0,0,0
9,2022-05-17,2,3181,78,1,0,0,0
9,2022-05-18,3,3224,78,1,0,0,0
9,2022-05-19,4,3301,71,1,0,0,0
9,2022-05-20,5,5159,113,1,1,0,0
9,2022-05-21,6,5137,142,1,0,0,0
9,2022-05-22,7,4471,91,1,0,0,0
9,2022-05-23,1,3211,83,1,0,0,0
9,2022-05-24,2,3481,82,1,0,0,0
9,2022-05-25,3,3345,80,1,0,0,0
9,2022-05-26,4,3534,79,1,0,0,0
9,2022-05-27,5,3857,79,1,0,0,0
9,2022-05-28,6,4811,119,1,0,0,0
9,2022-05-29,7,3924,91,1,0,0,0
9,2022-05-30,1,3853,96,1,1,0,0
9,2022-05-31,2,3187,81,1,0,0,0
9,2022-06-01,3,3455,92,1,0,0,1
9,2022-06-02,4,3397,85,1,0,0,1
9,2022-06-03,5,4059,103,1,0,0,1
9,2022-06-04,6,4926,118,1,0,0,1
9,2022-06-05,7,0,0,0,0,0,1
9,2022-06-06,1,3354,88,1,0,0,1
9,2022-06-07,2,3272,76,1,0,0,1
9,2022-06-08,3,4272,86,1,1,0,1
9,2022-06-09,4,3984,94,1,1,0,1
9,2022-06-10,5,3848,81,1,0,0,1
9,2022-06-11,6,4874,118,1,0,0,1
9,2022-06-12,7,4159,105,1,0,0,1
9,2022-06-13,1,3245,77,1,0,0,1
9,2022-06-14,2,3423,85,1,0,0,1
9,2022-06-15,3,3438,84,1,0,0,1
9,2022-06-16,4,4264,117,1,1,0,1
9,2022-06-17,5,4078,100,1,0,0,1
9,2022-06-18,6,4930,113,1,0,0,1
9,2022-06-19,7,3972,93,1,0,0,1
9,2022-06-20,1,3818,91,1,1,0,1
9,2022-06-21,2,3303,76,1,0,0,1
9,2022-06-22,3,3510,75,1,0,0,1
9,2022-06-23,4,3645,82,1,0,0,1
9,2022-06-24,5,4526,105,1,1,0,1
9,2022-06-25,6,4897,114,1,0,0,1
9,2022-06-26,7,4612,120,1,1,0,1
9,2022-06-27,1,3469,93,1,0,0,1
9,2022-06-28,2,3200,81,1,0,0,1
9,2022-06-29,3,3555,89,1,0,0,1
9,2022-06-30,4,3678,89,1,0,0,1
9,2022-07-01,5,4252,111,1,0,0,1
9,2022-07-02,6,5700,145,1,1,0,1
9,2022-07-03,7,4072,106,1,0,0,1
9,2022-07-04,1,2996,62,1,0,0,1
9,2022-07-05,2,3157,91,1,0,0,1
9,2022-07-06,3,3299,73,1,0,0,1
9,2022-07-07,4,3669,92,1,0,0,1
9,2022-07-08,5,4314,103,1,0,0,1
9,2022-07-09,6,5236,116,1,0,0,1
9,2022-07-10,7,4352,101,1,0,0,1
9,2022-07-11,1,3764,93,1,1,0,1
9,2022-07-12,2,3120,71,1,0,0,1
9,2022-07-13,3,3943,94,1,1,0,1
9,2022-07-14,4,3473,83,1,0,0,1
9,2022-07-15,5,3793,85,1,0,0,1
9,2022-07-16,6,5153,121,1,0,0,1
9,2022-07-17,7,3908,103,1,0,0,1
9,2022-07-18,1,4072,92,1,1,0,1
9,2022-07-19,2,3259,86,1,0,0,1
9,2022-07-20,3,3469,74,1,0,0,1
9,2022-07-21,4,4151,98,1,1,0,1
9,2022-07-22,5,3878,101,1,0,0,1
9,2022-07-23,6,5430,140,1,0,0,1
9,2022-07-24,7,3828,107,1,0,0,1
9,2022-07-25,1,4168,99,1,1,0,1
9,2022-07-26,2,3274,77,1,0,0,1
9,2022-07-27,3,3644,75,1,0,0,1
9,2022-07-28,4,3634,84,1,0,0,1
9,2022-07-29,5,4769,116,1,1,0,1
9,2022-07-30,6,5086,132,1,0,0,1
9,2022-07-31,7,0,0,0,0,0,1
9,2022-08-01,1,3600,82,1,0,0,0
9,2022-08-02,2,3856,102,1,1,0,0
9,2022-08-03,3,4280,109,1,1,0,0
9,2022-08-04,4,4218,92,1,1,0,0
9,2022-08-05,5,3839,99,1,0,0,0
9,2022-08-06,6,5034,128,1,0,0,0
9,2022-08-07,7,4363,121,1,0,0,0
9,2022-08-08,1,3688,91,1,1,0,0
9,2022-08-09,2,3476,88,1,0,0,0
9,2022-08-10,3,3432,91,1,0,0,0
9,2022-08-11,4,3885,94,1,1,0,0
9,2022-08-12,5,4034,104,1,0,0,0
9,2022-08-13,6,4955,114,1,0,0,0
9,2022-08-14,7,4065,92,1,0,0,0
9,2022-08-15,1,3318,90,1,0,0,0
9,2022-08-16,2,3874,89,1,1,0,0
9,2022-08-17,3,3434,89,1,0,a,0
9,2022-08-18,4,3689,91,1,0,0,0
9,2022-08-19,5,4202,102,1,0,0,0
9,2022-08-20,6,5283,138,1,0,0,0
9,2022-08-21,7,0,0,0,0,0,0
9,2022-08-22,1,3783,92,1,0,0,0
9,2022-08-23,2,3307,82,1,0,0,0
9,2022-08-24,3,3307,81,1,0,0,0
9,2022-08-25,4,3572,90,1,0,0,0
9,2022-08-26,5,4031,96,1,0,0,0
9,2022-08-27,6,6586,171,1,1,0,0
9,2022-08-28,7,0,0,0,1,0,0
9,2022-08-29,1,4008,94,1,1,0,0
9,2022-08-30,2,3247,84,1,0,0,0
9,2022-08-31,3,3454,76,1,0,0,0
9,2022-09-01,4,3410,100,1,0,0,0
9,2022-09-02,5,3721,87,1,0,0,0
9,2022-09-03,6,5514,133,1,0,0,0
9,2022-09-04,7,4432,102,1,0,0,0
9,2022-09-05,1,3887,96,1,1,0,0
9,2022-09-06,2,3547,83,1,0,0,0
9,2022-09-07,3,3292,90,1,0,0,0
9,2022-09-08,4,4147,96,1,1,0,0
9,2022-09-09,5,4056,102,1,0,0,0
9,2022-09-10,6,6324,151,1,1,0,0
9,2022-09-11,7,0,0,0,1,0,0
9,2022-09-12,1,4075,101,1,1,0,0
9,2022-09-13,2,3294,73,1,0,0,0
9,2022-09-14,3,3575,81,1,0,0,0
9,2022-09-15,4,3874,97,1,0,0,0
9,2022-09-16,5,3703,90,1,0,0,0
9,2022-09-17,6,5475,133,1,0,0,0
9,2022-09-18,7,4178,114,1,0,0,0
9,2022-09-19,1,3213,83,1,0,0,0
9,2022-09-20,2,3335,76,1,0,0,0
9,2022-09-21,3,4327,100,1,1,0,0
9,2022-09-22,4,4097,91,1,1,0,0
9,2022-09-23,5,4096,94,1,0,0,0
9,2022-09-24,6,4772,125,1,0,0,0
9,2022-09-25,7,0,0,0,1,0,0
9,2022-09-26,1,3276,75,1,0,0,0
9,2022-09-27,2,4091,101,1,1,0,0
9,2022-09-28,3,4061,98,1,1,0,0
9,2022-09-29,4,3858,97,1,0,0,0
9,2022-09-30,5,4919,125,1,1,0,0
9,2022-10-01,6,5002,127,1,0,0,0
9,2022-10-02,7,4570,102,1,0,0,0
9,2022-10-03,1,3374,77,1,0,0,0
9,2022-10-04,2,3562,72,1,0,0,0
9,2022-10-05,3,4275,109,1,1,0,0
9,2022-10-06,4,3676,93,1,0,0,0
9,2022-10-07,5,4064,107,1,0,0,0
9,2022-10-08,6,5292,104,1,0,0,0
9,2022-10-09,7,4910,125,1,1,0,0
9,2022-10-10,1,3918,85,1,1,0,0
9,2022-10-11,2,3815,98,1,1,0,0
9,2022-10-12,3,3485,98,1,0,0,0
9,2022-10-13,4,3894,102,1,0,0,0
9,2022-10-14,5,3735,85,1,0,0,0
9,2022-10-15,6,5088,142,1,0,0,0
9,2022-10-16,7,4184,101,1,0,0,0
9,2022-10-17,1,3441,79,1,0,0,0
9,2022-10-18,2,3455,85,1,0,0,0
9,2022-10-19,3,3818,100,1,1,0,0
9,2022-10-20,4,3865,93,1,0,0,0
9,2022-10-21,5,4245,100,1,0,0,0
9,2022-10-22,6,5404,116,1,0,0,0
9,2022-10-23,7,0,0,0,1,0,0
9,2022-10-24,1,3862,97,1,1,0,0
9,2022-10-25,2,3858,84,1,1,0,0
9,2022-10-26,3,3577,81,1,0,0,0
9,2022-10-27,4,4377,126,1,1,0,0
9,2022-10-28,5,4055,101,1,0,0,0
9,2022-10-29,6,5331,126,1,0,0,0
9,2022-10-30,7,0,0,0,1,0,0
9,2022-10-31,1,3543,96,1,0,0,0
9,2022-11-01,2,3374,82,1,0,0,0
9,2022-11-02,3,3620,91,1,0,0,0
9,2022-11-03,4,3364,84,1,0,0,0
9,2022-11-04,5,4805,135,1,1,0,0
9,2022-11-05,6,5388,124,1,0,0,0
9,2022-11-06,7,4389,97,1,0,0,0
9,2022-11-07,1,3326,82,1,0,0,0
9,2022-11-08,2,3301,84,1,0,0,0
9,2022-11-09,3,3423,83,1,0,0,0
9,2022-11-10,4,3757,87,1,0,0,0
9,2022-11-11,5,4221,93,1,0,0,0
9,2022-11-12,6,5072,108,1,0,0,0
9,2022-11-13,7,5250,133,1,1,0,0
9,2022-11-14,1,3734,76,1,0,0,0
9,2022-11-15,2,3452,86,1,0,0,0
9,2022-11-16,3,3651,87,1,0,0,0
9,2022-11-17,4,3392,93,1,0,0,0
9,2022-11-18,5,4583,117,1,1,0,0
9,2022-11-19,6,5675,162,1,1,0,0
9,2022-11-20,7,4096,102,1,0,0,0
9,2022-11-21,1,4142,89,1,1,0,0
9,2022-11-22,2,3564,82,1,0,0,0
9,2022-11-23,3,3735,66,1,0,0,0
9,2022-11-24,4,3754,95,1,0,0,0
9,2022-11-25,5,4208,113,1,0,0,0
9,2022-11-26,6,4855,114,1,0,0,0
9,2022-11-27,7,0,0,0,1,0,0
9,2022-11-28,1,3481,92,1,0,0,0
9,2022-11-29,2,4075,111,1,1,0,0
9,2022-11-30,3,4045,104,1,1,0,0
9,2022-12-01,4,3463,89,1,0,0,0
9,2022-12-02,5,3966,88,1,0,0,0
9,2022-12-03,6,5037,112,1,0,0,0
9,2022-12-04,7,0,0,0,1,0,0
9,2022-12-05,1,3916,94,1,0,0,0
9,2022-12-06,2,3659,80,1,0,0,0
9,2022-12-07,3,3248,83,1,0,0,0
9,2022-12-08,4,3365,83,1,0,0,0
9,2022-12-09,5,3949,98,1,0,0,0
9,2022-12-10,6,4898,137,1,0,0,0
9,2022-12-11,7,4827,140,1,0,0,0
9,2022-12-12,1,3388,91,1,0,0,0
9,2022-12-13,2,3515,93,1,0,0,0
9,2022-12-14,3,3519,80,1,0,0,0
9,2022-12-15,4,3511,85,1,0,0,0
9,2022-12-16,5,4338,124,1,0,0,0
9,2022-12-17,6,5475,139,1,0,0,0
9,2022-12-18,7,4308,102,1,0,0,0
9,2022-12-19,1,3957,92,1,0,0,0
9,2022-12-20,2,3499,82,1,0,0,0
9,2022-12-21,3,3534,90,1,0,0,0
9,2022-12-22,4,4093,96,1,0,0,0
9,2022-12-23,5,4213,103,1,0,0,0
9,2022-12-24,6,6605,157,1,1,0,0
9,2022-12-25,7,0,0,0,1,a,0
9,2022-12-26,1,3460,83,1,1,0,0
9,2022-12-27,2,3674,85,1,1,0,0
9,2022-12-28,3,3819,90,1,0,0,0
9,2022-12-29,4,3632,94,1,0,0,0
9,2022-12-30,5,4189,94,1,0,0,0
9,2022-12-31,6,5622,135,1,0,0,0
9,2023-01-01,7,4375,117,1,0,a,0
9,2023-01-02,1,3906,87,1,1,0,0
9,2023-01-03,2,3469,69,1,0,0,0
9,2023-01-04,3,3649,78,1,0,0,0
9,2023-01-05,4,3672,88,1,0,0,0
9,2023-01-06,5,3857,92,1,0,0,0
9,2023-01-07,6,5235,143,1,0,0,0
9,2023-01-08,7,4972,129,1,1,0,0
9,2023-01-09,1,3298,88,1,0,0,0
9,2023-01-10,2,3815,94,1,1,0,0
9,2023-01-11,3,3505,82,1,0,0,0
9,2023-01-12,4,3917,105,1,1,0,0
9,2023-01-13,5,4178,98,1,0,0,0
9,2023-01-14,6,5402,126,1,0,0,0
9,2023-01-15,7,0,0,0,0,0,0
9,2023-01-16,1,3815,100,1,1,0,0
9,2023-01-17,2,4087,98,1,1,0,0
9,2023-01-18,3,3741,94,1,0,0,0
9,2023-01-19,4,3780,89,1,0,0,0
9,2023-01-20,5,4792,136,1,1,0,0
9,2023-01-21,6,5507,154,1,0,0,0
9,2023-01-22,7,4338,104,1,0,0,0
9,2023-01-23,1,3404,75,1,0,0,0
9,2023-01-24,2,3477,84,1,0,0,0
9,2023-01-25,3,4113,127,1,1,0,0
9,2023-01-26,4,4318,107,1,1,0,0
9,2023-01-27,5,4350,92,1,0,0,0
9,2023-01-28,6,5035,118,1,0,0,0
9,2023-01-29,7,0,0,0,1,0,0
9,2023-01-30,1,3350,90,1,0,0,0
9,2023-01-31,2,3835,85,1,1,0,0
9,2023-02-01,3,3942,106,1,0,0,0
9,2023-02-02,4,3861,86,1,0,0,0
9,2023-02-03,5,4838,114,1,1,0,0
9,2023-02-04,6,4922,113,1,0,0,0
9,2023-02-05,7,0,0,0,0,0,0
9,2023-02-06,1,3209,75,1,0,0,0
9,2023-02-07,2,3507,89,1,0,0,0
9,2023-02-08,3,3433,77,1,0,0,0
9,2023-02-09,4,4470,110,1,1,0,0
9,2023-02-10,5,4846,97,1,1,0,0
9,2023-02-11,6,5049,121,1,0,0,0
9,2023-02-12,7,4465,111,1,0,0,0
9,2023-02-13,1,3961,95,1,0,0,0
9,2023-02-14,2,3471,100,1,0,0,0
9,2023-02-15,3,3829,88,1,0,0,0
9,2023-02-16,4,3898,87,1,1,0,0
9,2023-02-17,5,4286,108,1,0,0,0
9,2023-02-18,6,6017,140,1,1,0,0
9,2023-02-19,7,4330,95,1,0,0,0
9,2023-02-20,1,3699,72,1,0,0,0
9,2023-02-21,2,3470,90,1,0,0,0
9,2023-02-22,3,3377,84,1,0,0,0
9,2023-02-23,4,4084,110,1,0,0,0
9,2023-02-24,5,4474,112,1,1,0,0
9,2023-02-25,6,5168,130,1,0,0,0
9,2023-02-26,7,0,0,0,1,0,0
9,2023-02-27,1,3623,95,1,0,0,0
9,2023-02-28,2,4134,104,1,1,0,0
9,2023-03-01,3,3705,91,1,0,0,0
9,2023-03-02,4,4622,108,1,1,0,0
9,2023-03-03,5,4305,90,1,0,0,0
9,2023-03-04,6,641,16,1,1,0,0
9,2023-03-05,7,0,0,0,1,0,0
9,2023-03-06,1,3632,96,1,0,0,0
9,2023-03-07,2,3784,93,1,0,0,0
9,2023-03-08,3,3455,85,1,0,0,0
9,2023-03-09,4,4149,112,1,1,0,0
9,2023-03-10,5,4284,107,1,0,0,0
9,2023-03-11,6,5544,128,1,0,0,0
9,2023-03-12,7,0,0,0,0,0,0
9,2023-03-13,1,3907,81,1,0,0,0
9,2023-03-14,2,4109,114,1,1,0,0
9,2023-03-15,3,3522,79,1,0,0,0
9,2023-03-16,4,3643,87,1,0,0,0
9,2023-03-17,5,4717,113,1,1,0,0
9,2023-03-18,6,5702,119,1,0,0,0
9,2023-03-19,7,0,0,0,0,0,0
9,2023-03-20,1,3791,103,1,0,0,0
9,2023-03-21,2,3268,78,1,0,0,0
9,2023-03-22,3,3752,92,1,0,0,0
9,2023-03-23,4,4229,92,1,1,0,0
9,2023-03-24,5,4334,108,1,0,0,0
9,2023-03-25,6,5362,126,1,0,0,0
9,2023-03-26,7,4604,108,1,0,0,0
9,2023-03-27,1,3544,85,1,0,0,0
9,2023-03-28,2,4070,111,1,1,0,0
9,2023-03-29,3,3855,104,1,0,0,0
9,2023-03-30,4,3808,74,1,0,0,0
9,2023-03-31,5,4243,97,1,0,0,0
9,2023-04-01,6,5648,140,1,0,0,0
9,2023-04-02,7,4418,95,1,0,0,0
9,2023-04-03,1,3342,74,1,0,0,0
9,2023-04-04,2,3448,89,1,0,0,0
9,2023-04-05,3,3858,92,1,1,0,0
9,2023-04-06,4,3786,102,1,0,0,0
9,2023-04-07,5,4989,108,1,1,0,0
9,2023-04-08,6,6307,164,1,1,0,0
9,2023-04-09,7,0,0,0,0,0,0
9,2023-04-10,1,3869,94,1,0,0,0
9,2023-04-11,2,3601,94,1,0,0,0
9,2023-04-12,3,3273,80,1,0,0,0
9,2023-04-13,4,4564,117,1,1,0,0
9,2023-04-14,5,4082,100,1,0,0,0
9,2023-04-15,6,10260,231,1,0,0,0
9,2023-04-16,7,8135,202,1,0,0,0
9,2023-04-17,1,6770,152,1,0,0,0
9,2023-04-18,2,6572,151,1,0,0,0
9,2023-04-19,3,8631,212,1,1,0,0
9,2023-04-20,4,7104,180,1,0,0,0
9,2023-04-21,5,8240,189,1,1,0,0
9,2023-04-22,6,0,0,0,0,b,0
9,2023-04-23,7,0,0,0,0,b,0
9,2023-04-24,1,3893,99,1,0,0,0
9,2023-04-25,2,3843,86,1,0,0,0
9,2023-04-26,3,3847,82,1,0,0,0
9,2023-04-27,4,4148,103,1,1,0,0
9,2023-04-28,5,4786,116,1,1,0,0
9,2023-04-29,6,5846,145,1,0,0,0
9,2023-04-30,7,0,0,0,0,0,0
9,2023-05-01,1,3665,92,1,0,0,0
9,2023-05-02,2,4053,88,1,1,0,0
9,2023-05-03,3,3516,89,1,0,0,0
9,2023-05-04,4,4180,101,1,1,0,0
9,2023-05-05,5,4317,114,1,0,0,0
9,2023-05-06,6,5680,135,1,0,0,0
9,2023-05-07,7,4761,98,1,1,0,0
9,2023-05-08,1,3812,90,1,0,0,0
9,2023-05-09,2,3825,88,1,0,0,0
9,2023-05-10,3,3861,95,1,0,0,0
9,2023-05-11,4,4186,108,1,0,0,0
9,2023-05-12,5,4350,99,1,0,0,0
9,2023-05-13,6,5597,154,1,0,0,0
9,2023-05-14,7,0,0,0,1,0,0
9,2023-05-15,1,3916,83,1,0,0,0
9,2023-05-16,2,4234,105,1,1,0,0
9,2023-05-17,3,3650,75,1,0,0,0
9,2023-05-18,4,3955,103,1,0,0,0
9,2023-05-19,5,4374,95,1,0,0,0
9,2023-05-20,6,5448,119,1,0,0,0
9,2023-05-21,7,4717,122,1,0,0,0
9,2023-05-22,1,4243,103,1,1,0,0
9,2023-05-23,2,3718,92,1,0,0,0
9,2023-05-24,3,3852,91,1,0,0,0
9,2023-05-25,4,3739,89,1,0,0,0
9,2023-05-26,5,4691,126,1,1,0,0
9,2023-05-27,6,6116,140,1,1,0,0
9,2023-05-28,7,4477,107,1,0,0,0
9,2023-05-29,1,3971,89,1,0,0,0
9,2023-05-30,2,3589,83,1,0,0,0
9,2023-05-31,3,3833,88,1,0,0,0
9,2023-06-01,4,4056,99,1,0,0,1
9,2023-06-02,5,4219,98,1,0,0,1
9,2023-06-03,6,5410,127,1,0,0,1
9,2023-06-04,7,4739,107,1,0,0,1
9,2023-06-05,1,3790,83,1,0,0,1
9,2023-06-06,2,4028,93,1,1,0,1
9,2023-06-07,3,4245,96,1,1,0,1
9,2023-06-08,4,3909,95,1,0,0,1
9,2023-06-09,5,4374,98,1,0,0,1
9,2023-06-10,6,5878,155,1,0,0,1
9,2023-06-11,7,0,0,0,0,0,1
9,2023-06-12,1,4036,99,1,1,0,1
9,2023-06-13,2,3468,84,1,0,0,1
9,2023-06-14,3,4408,106,1,1,0,1
9,2023-06-15,4,4516,105,1,1,0,1
9,2023-06-16,5,4129,116,1,0,0,1
9,2023-06-17,6,5835,153,1,0,0,1
9,2023-06-18,7,4010,108,1,0,0,1
9,2023-06-19,1,3759,97,1,0,0,1
9,2023-06-20,2,3336,84,1,0,0,1
9,2023-06-21,3,3948,94,1,0,0,1
9,2023-06-22,4,4432,103,1,1,0,1
9,2023-06-23,5,4479,121,1,0,0,1
9,2023-06-24,6,5444,138,1,0,0,1
9,2023-06-25,7,4825,120,1,0,0,1
9,2023-06-26,1,3358,74,1,0,0,1
9,2023-06-27,2,3781,94,1,0,0,1
9,2023-06-28,3,4223,107,1,1,0,1
9,2023-06-29,4,3985,100,1,0,0,1
9,2023-06-30,5,4415,99,1,0,0,1
9,2023-07-01,6,5175,109,1,0,0,1
9,2023-07-02,7,4759,115,1,0,0,1
9,2023-07-03,1,4350,96,1,1,0,1
9,2023-07-04,2,3649,90,1,0,0,1
9,2023-07-05,3,4447,99,1,1,0,1
9,2023-07-06,4,3943,85,1,0,0,1
9,2023-07-07,5,4513,104,1,0,0,1
9,2023-07-08,6,5440,130,1,0,0,1
9,2023-07-09,7,0,0,0,0,0,1
9,2023-07-10,1,3822,91,1,0,0,1
9,2023-07-11,2,4143,99,1,1,0,1
9,2023-07-12,3,4151,111,1,0,0,1
9,2023-07-13,4,4014,98,1,0,0,1
9,2023-07-14,5,4382,105,1,0,0,1
9,2023-07-15,6,5741,152,1,0,0,1
9,2023-07-16,7,4524,113,1,0,0,1
9,2023-07-17,1,3946,100,1,0,0,1
9,2023-07-18,2,3636,93,1,0,0,1
9,2023-07-19,3,3963,93,1,0,0,1
9,2023-07-20,4,3722,95,1,0,0,1
9,2023-07-21,5,3956,102,1,0,0,1
9,2023-07-22,6,5702,140,1,0,0,1
9,2023-07-23,7,4468,118,1,0,0,1
9,2023-07-24,1,4246,104,1,1,0,1
9,2023-07-25,2,3219,88,1,0,0,1
9,2023-07-26,3,4137,96,1,0,0,1
9,2023-07-27,4,3959,95,1,0,0,1
9,2023-07-28,5,4644,107,1,0,0,1
9,2023-07-29,6,5991,155,1,1,0,1
9,2023-07-30,7,0,0,0,0,0,1
9,2023-07-31,1,4382,110,1,1,0,1
9,2023-08-01,2,4228,107,1,1,0,0
9,2023-08-02,3,3864,103,1,0,0,0
9,2023-08-03,4,3671,91,1,0,0,0
9,2023-08-04,5,4430,108,1,0,0,0
9,2023-08-05,6,5372,143,1,0,0,0
9,2023-08-06,7,0,0,0,0,0,0
9,2023-08-07,1,3744,89,1,0,0,0
9,2023-08-08,2,3594,77,1,0,0,0
9,2023-08-09,3,3769,94,1,0,0,0
9,2023-08-10,4,4173,104,1,0,0,0
9,2023-08-11,5,4984,125,1,1,0,0
9,2023-08-12,6,5506,148,1,0,0,0
9,2023-08-13,7,0,0,0,1,0,0
9,2023-08-14,1,3539,83,1,0,0,0
9,2023-08-15,2,3694,97,1,0,0,0
9,2023-08-16,3,3970,98,1,0,0,0
9,2023-08-17,4,4020,93,1,0,a,0
9,2023-08-18,5,4384,106,1,0,0,0
9,2023-08-19,6,5796,136,1,0,0,0
9,2023-08-20,7,0,0,0,1,0,0
9,2023-08-21,1,3760,106,1,0,0,0
9,2023-08-22,2,3927,99,1,0,0,0
9,2023-08-23,3,4349,94,1,1,0,0
9,2023-08-24,4,4698,120,1,1,0,0
9,2023-08-25,5,4521,105,1,0,0,0
9,2023-08-26,6,5423,144,1,0,0,0
9,2023-08-27,7,0,0,0,1,0,0
9,2023-08-28,1,3645,80,1,0,0,0
9,2023-08-29,2,3755,87,1,0,0,0
9,2023-08-30,3,3725,89,1,0,0,0
9,2023-08-31,4,4631,126,1,1,0,0
9,2023-09-01,5,4418,114,1,0,0,0
9,2023-09-02,6,6529,164,1,1,0,0
9,2023-09-03,7,4664,125,1,0,0,0
9,2023-09-04,1,4215,97,1,1,0,0
9,2023-09-05,2,3468,99,1,0,0,0
9,2023-09-06,3,3867,88,1,0,0,0
9,2023-09-07,4,4826,113,1,1,0,0
9,2023-09-08,5,4525,118,1,0,0,0
9,2023-09-09,6,5781,136,1,0,0,0
9,2023-09-10,7,4491,114,1,0,0,0
9,2023-09-11,1,3807,81,1,0,0,0
9,2023-09-12,2,3536,82,1,0,0,0
9,2023-09-13,3,3776,96,1,0,0,0
9,2023-09-14,4,4055,90,1,0,0,0
9,2023-09-15,5,4004,82,1,0,0,0
9,2023-09-16,6,6154,153,1,0,0,0
9,2023-09-17,7,0,0,0,0,0,0
9,2023-09-18,1,4755,110,1,1,0,0
9,2023-09-19,2,3540,84,1,0,0,0
9,2023-09-20,3,3700,94,1,0,0,0
9,2023-09-21,4,4498,108,1,1,0,0
9,2023-09-22,5,4315,113,1,0,0,0
9,2023-09-23,6,6327,164,1,1,0,0
9,2023-09-24,7,0,0,0,1,0,0
9,2023-09-25,1,4372,95,1,1,0,0
9,2023-09-26,2,3535,80,1,0,0,0
9,2023-09-27,3,4638,111,1,1,0,0
9,2023-09-28,4,4921,128,1,1,0,0
9,2023-09-29,5,3989,96,1,0,0,0
9,2023-09-30,6,6210,138,1,0,0,0
9,2023-10-01,7,4810,118,1,0,0,0
9,2023-10-02,1,3839,80,1,0,0,0
9,2023-10-03,2,3600,87,1,0,0,0
9,2023-10-04,3,3909,107,1,0,0,0
9,2023-10-05,4,4183,93,1,0,0,0
9,2023-10-06,5,5004,123,1,0,0,0
9,2023-10-07,6,6316,150,1,0,0,0
9,2023-10-08,7,4284,81,1,0,0,0
9,2023-10-09,1,4321,96,1,1,0,0
9,2023-10-10,2,3727,88,1,0,0,0
9,2023-10-11,3,4143,107,1,0,0,0
9,2023-10-12,4,3993,95,1,0,0,0
9,2023-10-13,5,4266,111,1,0,0,0
9,2023-10-14,6,6574,188,1,1,0,0
9,2023-10-15,7,0,0,0,1,0,0
9,2023-10-16,1,3990,102,1,0,0,0
9,2023-10-17,2,4787,122,1,1,0,0
9,2023-10-18,3,4066,99,1,0,0,0
9,2023-10-19,4,4208,95,1,0,0,0
9,2023-10-20,5,4715,111,1,0,0,0
9,2023-10-21,6,6716,145,1,1,0,0
9,2023-10-22,7,0,0,0,0,0,0
9,2023-10-23,1,3752,93,1,0,0,0
9,2023-10-24,2,4519,112,1,1,0,0
9,2023-10-25,3,3952,99,1,0,0,0
9,2023-10-26,4,3826,105,1,0,0,0
9,2023-10-27,5,5450,118,1,1,0,0
9,2023-10-28,6,5498,127,1,0,0,0
9,2023-10-29,7,4399,119,1,0,0,0
9,2023-10-30,1,3648,88,1,0,0,0
9,2023-10-31,2,3788,97,1,0,0,0
9,2023-11-01,3,4091,97,1,0,0,0
9,2023-11-02,4,4081,106,1,0,0,0
9,2023-11-03,5,4331,106,1,0,0,0
9,2023-11-04,6,5498,132,1,0,0,0
9,2023-11-05,7,5577,138,1,1,0,0
9,2023-11-06,1,4374,101,1,1,0,0
9,2023-11-07,2,3801,101,1,0,0,0
9,2023-11-08,3,3881,99,1,0,0,0
9,2023-11-09,4,4711,113,1,1,0,0
9,2023-11-10,5,4549,116,1,0,0,0
9,2023-11-11,6,6434,159,1,0,0,0
9,2023-11-12,7,5487,142,1,1,0,0
9,2023-11-13,1,4316,98,1,1,0,0
9,2023-11-14,2,4343,108,1,1,0,0
9,2023-11-15,3,4288,99,1,1,0,0
9,2023-11-16,4,3849,90,1,0,0,0
9,2023-11-17,5,4749,115,1,0,0,0
9,2023-11-18,6,5835,149,1,0,0,0
9,2023-11-19,7,0,0,0,0,0,0
9,2023-11-20,1,3522,69,1,0,0,0
9,2023-11-21,2,4101,100,1,1,0,0
9,2023-11-22,3,4576,113,1,1,0,0
9,2023-11-23,4,3882,92,1,0,0,0
9,2023-11-24,5,4782,110,1,1,0,0
9,2023-11-25,6,6263,164,1,1,0,0
9,2023-11-26,7,4617,106,1,0,0,0
9,2023-11-27,1,3919,94,1,0,0,0
9,2023-11-28,2,4077,88,1,0,0,0
9,2023-11-29,3,3720,81,1,0,0,0
9,2023-11-30,4,3853,96,1,0,0,0
9,2023-12-01,5,4159,106,1,0,0,0
9,2023-12-02,6,5932,145,1,0,0,0
9,2023-12-03,7,4729,112,1,0,0,0
9,2023-12-04,1,4210,104,1,1,0,0
9,2023-12-05,2,3605,90,1,0,0,0
9,2023-12-06,3,4495,115,1,1,0,0
9,2023-12-07,4,4049,110,1,0,0,0
9,2023-12-08,5,4258,101,1,0,0,0
9,2023-12-09,6,6701,160,1,1,0,0
9,2023-12-10,7,4383,115,1,0,0,0
9,2023-12-11,1,3862,92,1,0,0,0
9,2023-12-12,2,4294,89,1,1,0,0
9,2023-12-13,3,4019,101,1,0,0,0
9,2023-12-14,4,4315,118,1,0,0,0
9,2023-12-15,5,4415,104,1,0,0,0
9,2023-12-16,6,6653,124,1,1,0,0
9,2023-12-17,7,4248,91,1,0,0,0
9,2023-12-18,1,4239,96,1,0,0,0
9,2023-12-19,2,3422,78,1,0,0,0
9,2023-12-20,3,3930,105,1,0,0,0
9,2023-12-21,4,4090,108,1,1,0,0
9,2023-12-22,5,4320,120,1,0,0,0
9,2023-12-23,6,6297,170,1,0,0,0
9,2023-12-24,7,4993,125,1,0,0,0
9,2023-12-25,1,4663,113,1,1,a,0
9,2023-12-26,2,3743,82,1,0,0,0
9,2023-12-27,3,4920,104,1,1,0,0
9,2023-12-28,4,4755,112,1,1,0,0
9,2023-12-29,5,4668,99,1,0,0,0
9,2023-12-30,6,6572,179,1,0,0,0
9,2023-12-31,7,4988,119,1,0,0,0
9,2024-01-01,1,4437,109,1,1,a,0
9,2024-01-02,2,3882,101,1,0,0,0
9,2024-01-03,3,4237,105,1,0,0,0
9,2024-01-04,4,4848,102,1,1,0,0
9,2024-01-05,5,4697,110,1,0,0,0
9,2024-01-06,6,6187,138,1,0,0,0
9,2024-01-07,7,5337,137,1,0,0,0
9,2024-01-08,1,3696,90,1,0,0,0
9,2024-01-09,2,4514,108,1,1,0,0
9,2024-01-10,3,4056,99,1,0,0,0
9,2024-01-11,4,4016,96,1,0,0,0
9,2024-01-12,5,5038,114,1,1,0,0
9,2024-01-13,6,6303,148,1,0,0,0
9,2024-01-14,7,5178,117,1,1,0,0
9,2024-01-15,1,4151,104,1,1,0,0
9,2024-01-16,2,3691,96,1,0,0,0
9,2024-01-17,3,3617,79,1,0,0,0
9,2024-01-18,4,4517,124,1,1,0,0
9,2024-01-19,5,4296,115,1,0,0,0
9,2024-01-20,6,5856,129,1,0,0,0
9,2024-01-21,7,5860,142,1,1,0,0
9,2024-01-22,1,3775,85,1,0,0,0
9,2024-01-23,2,4564,105,1,1,0,0
9,2024-01-24,3,4127,81,1,0,0,0
9,2024-01-25,4,3652,71,1,0,0,0
9,2024-01-26,5,4416,106,1,0,0,0
9,2024-01-27,6,6591,167,1,1,0,0
9,2024-01-28,7,4851,111,1,0,0,0
9,2024-01-29,1,4608,110,1,1,0,0
9,2024-01-30,2,3873,95,1,0,0,0
9,2024-01-31,3,3806,104,1,0,0,0
9,2024-02-01,4,3984,102,1,0,0,0
9,2024-02-02,5,4207,105,1,0,0,0
9,2024-02-03,6,5869,138,1,0,0,0
9,2024-02-04,7,4680,122,1,0,0,0
9,2024-02-05,1,4006,89,1,0,0,0
9,2024-02-06,2,4541,117,1,1,0,0
9,2024-02-07,3,3924,110,1,0,0,0
9,2024-02-08,4,4806,110,1,1,0,0
9,2024-02-09,5,4507,102,1,0,0,0
9,2024-02-10,6,5533,130,1,0,0,0
9,2024-02-11,7,0,0,0,0,0,0
9,2024-02-12,1,3465,96,1,0,0,0
9,2024-02-13,2,3746,86,1,0,0,0
9,2024-02-14,3,3878,91,1,0,0,0
9,2024-02-15,4,3902,74,1,0,0,0
9,2024-02-16,5,5463,129,1,1,0,0
9,2024-02-17,6,6023,130,1,0,0,0
9,2024-02-18,7,5653,142,1,1,0,0
9,2024-02-19,1,4049,99,1,0,0,0
9,2024-02-20,2,3828,105,1,0,0,0
9,2024-02-21,3,4001,108,1,0,0,0
9,2024-02-22,4,4306,108,1,0,0,0
9,2024-02-23,5,4723,119,1,0,0,0
9,2024-02-24,6,6180,150,1,0,0,0
9,2024-02-25,7,4780,111,1,0,0,0
9,2024-02-26,1,3727,87,1,0,0,0
9,2024-02-27,2,3880,95,1,0,0,0
9,2024-02-28,3,3893,103,1,0,0,0
9,2024-02-29,4,4276,103,1,0,0,0
9,2024-03-01,5,5340,133,1,1,0,0
9,2024-03-02,6,6788,172,1,1,0,0
9,2024-03-03,7,4704,116,1,0,0,0
9,2024-03-04,1,4741,100,1,1,0,0
9,2024-03-05,2,4620,129,1,1,0,0
9,2024-03-06,3,3903,94,1,0,0,0
9,2024-03-07,4,3893,99,1,0,0,0
9,2024-03-08,5,5320,131,1,1,0,0
9,2024-03-09,6,6246,124,1,0,0,0
9,2024-03-10,7,0,0,0,1,0,0
9,2024-03-11,1,4025,84,1,0,0,0
9,2024-03-12,2,3688,82,1,0,0,0
9,2024-03-13,3,3817,98,1,0,0,0
9,2024-03-14,4,4347,109,1,0,0,0
9,2024-03-15,5,5453,128,1,1,0,0
9,2024-03-16,6,6740,150,1,1,0,0
9,2024-03-17,7,5003,121,1,0,0,0
9,2024-03-18,1,4074,97,1,0,0,0
9,2024-03-19,2,4101,102,1,1,0,0
9,2024-03-20,3,4045,104,1,0,0,0
9,2024-03-21,4,4454,110,1,0,0,0
9,2024-03-22,5,4709,123,1,0,0,0
9,2024-03-23,6,5913,152,1,1,0,0
9,2024-03-24,7,5247,132,1,1,0,0
9,2024-03-25,1,4142,90,1,0,0,0
9,2024-03-26,2,3751,84,1,0,0,0
9,2024-03-27,3,4900,125,1,1,0,0
9,2024-03-28,4,4593,104,1,0,0,0
9,2024-03-29,5,4552,107,1,0,0,0
9,2024-03-30,6,5741,153,1,0,0,0
9,2024-03-31,7,0,0,0,1,0,0
9,2024-04-01,1,4101,103,1,0,0,0
9,2024-04-02,2,3748,91,1,0,0,0
9,2024-04-03,3,7127,189,1,0,0,0
9,2024-04-04,4,7096,182,1,0,0,0
9,2024-04-05,5,8126,205,1,0,0,0
9,2024-04-06,6,10303,206,1,0,0,0
9,2024-04-07,7,7842,191,1,0,0,0
9,2024-04-08,1,6825,160,1,0,0,0
9,2024-04-09,2,7227,168,1,0,0,0
9,2024-04-10,3,0,0,0,0,b,0
9,2024-04-11,4,0,0,0,1,b,0
9,2024-04-12,5,5323,139,1,1,0,0
9,2024-04-13,6,6028,147,1,0,0,0
9,2024-04-14,7,6117,141,1,1,0,0
9,2024-04-15,1,3764,86,1,0,0,0
9,2024-04-16,2,4177,121,1,1,0,0
9,2024-04-17,3,4043,110,1,0,0,0
9,2024-04-18,4,4269,105,1,0,0,0
9,2024-04-19,5,4621,100,1,0,0,0
9,2024-04-20,6,5546,137,1,0,0,0
9,2024-04-21,7,5825,151,1,1,0,0
9,2024-04-22,1,3942,101,1,0,0,0
9,2024-04-23,2,3990,103,1,0,0,0
9,2024-04-24,3,4375,118,1,0,0,0
9,2024-04-25,4,4469,105,1,1,0,0
9,2024-04-26,5,4237,101,1,0,0,0
9,2024-04-27,6,6130,164,1,0,0,0
9,2024-04-28,7,0,0,0,1,0,0
9,2024-04-29,1,3897,100,1,0,0,0
9,2024-04-30,2,3778,99,1,0,0,0
9,2024-05-01,3,4760,116,1,1,0,0
9,2024-05-02,4,4060,101,1,0,0,0
9,2024-05-03,5,4757,117,1,0,0,0
9,2024-05-04,6,5652,145,1,0,0,0
9,2024-05-05,7,5249,104,1,1,0,0
9,2024-05-06,1,3986,108,1,0,0,0
9,2024-05-07,2,585,13,1,1,0,0
9,2024-05-08,3,4753,106,1,1,0,0
9,2024-05-09,4,4518,102,1,0,0,0
9,2024-05-10,5,5690,140,1,1,0,0
9,2024-05-11,6,6115,148,1,0,0,0
9,2024-05-12,7,5071,117,1,0,0,0
9,2024-05-13,1,4647,112,1,1,0,0
9,2024-05-14,2,4750,117,1,1,0,0
9,2024-05-15,3,4153,98,1,0,0,0
9,2024-05-16,4,4097,95,1,0,0,0
9,2024-05-17,5,4482,118,1,0,0,0
9,2024-05-18,6,6334,135,1,0,0,0
9,2024-05-19,7,4837,115,1,0,0,0
9,2024-05-20,1,4378,111,1,0,0,0
9,2024-05-21,2,3691,94,1,0,0,0
9,2024-05-22,3,4341,112,1,0,0,0
9,2024-05-23,4,4129,105,1,0,0,0
9,2024-05-24,5,5474,132,1,1,0,0
9,2024-05-25,6,6449,142,1,1,0,0
9,2024-05-26,7,4439,109,1,0,0,0
9,2024-05-27,1,4297,105,1,0,0,0
9,2024-05-28,2,3827,96,1,0,0,0
9,2024-05-29,3,4293,99,1,0,0,0
9,2024-05-30,4,4087,98,1,0,0,0
9,2024-05-31,5,5638,133,1,1,0,0
9,2024-06-01,6,5879,132,1,0,0,1
9,2024-06-02,7,0,0,0,0,0,1
9,2024-06-03,1,4137,103,1,0,0,1
9,2024-06-04,2,4104,110,1,0,0,1
9,2024-06-05,3,4229,121,1,0,0,1
9,2024-06-06,4,4832,115,1,1,0,1
9,2024-06-07,5,4270,110,1,0,0,1
9,2024-06-08,6,5696,142,1,0,0,1
9,2024-06-09,7,4732,113,1,0,0,1
9,2024-06-10,1,4556,111,1,1,0,1
9,2024-06-11,2,4147,98,1,0,0,1
9,2024-06-12,3,4080,98,1,0,0,1
9,2024-06-13,4,4361,104,1,1,0,1
9,2024-06-14,5,4079,101,1,0,0,1
9,2024-06-15,6,5817,131,1,0,0,1
9,2024-06-16,7,4786,113,1,0,0,1
9,2024-06-17,1,4091,89,1,0,0,1
9,2024-06-18,2,3646,89,1,0,0,1
9,2024-06-19,3,3826,93,1,0,0,1
9,2024-06-20,4,4342,119,1,0,0,1
9,2024-06-21,5,5007,128,1,0,0,1
9,2024-06-22,6,5443,133,1,0,0,1
9,2024-06-23,7,0,0,0,0,0,1
9,2024-06-24,1,4249,91,1,0,0,1
9,2024-06-25,2,4739,100,1,1,0,1
9,2024-06-26,3,3926,103,1,0,0,1
9,2024-06-27,4,4499,111,1,0,0,1
9,2024-06-28,5,4711,127,1,0,0,1
9,2024-06-29,6,6245,171,1,0,0,1
9,2024-06-30,7,4753,116,1,0,0,1
10,2022-01-01,6,6221,162,1,0,a,0
10,2022-01-02,7,4706,126,1,0,0,0
10,2022-01-03,1,3978,93,1,0,0,0
10,2022-01-04,2,4532,115,1,1,0,0
10,2022-01-05,3,4212,120,1,0,0,0
10,2022-01-06,4,4841,99,1,0,0,0
10,2022-01-07,5,5388,119,1,0,0,0
10,2022-01-08,6,6024,147,1,0,0,0
10,2022-01-09,7,5377,130,1,0,0,0
10,2022-01-10,1,3871,71,1,0,0,0
10,2022-01-11,2,4088,97,1,0,0,0
10,2022-01-12,3,4655,104,1,1,0,0
10,2022-01-13,4,4866,130,1,1,0,0
10,2022-01-14,5,5423,143,1,0,0,0
10,2022-01-15,6,6036,152,1,0,0,0
10,2022-01-16,7,5582,152,1,1,0,0
10,2022-01-17,1,3900,104,1,0,0,0
10,2022-01-18,2,3861,109,1,0,0,0
10,2022-01-19,3,3901,100,1,0,0,0
10,2022-01-20,4,4386,109,1,0,0,0
10,2022-01-21,5,4844,126,1,0,0,0
10,2022-01-22,6,6271,141,1,0,0,0
10,2022-01-23,7,0,0,0,0,0,0
10,2022-01-24,1,3997,93,1,0,0,0
10,2022-01-25,2,4475,115,1,1,0,0
10,2022-01-26,3,4241,100,1,0,0,0
10,2022-01-27,4,4334,87,1,0,0,0
10,2022-01-28,5,4652,125,1,0,0,0
10,2022-01-29,6,7004,160,1,1,0,0
10,2022-01-30,7,6237,138,1,1,0,0
10,2022-01-31,1,4527,117,1,0,0,0
10,2022-02-01,2,3986,101,1,0,0,0
10,2022-02-02,3,4670,125,1,1,0,0
10,2022-02-03,4,4344,107,1,0,0,0
10,2022-02-04,5,5087,125,1,0,0,0
10,2022-02-05,6,6177,146,1,0,0,0
10,2022-02-06,7,0,0,0,0,0,0
10,2022-02-07,1,3993,98,1,0,0,0
10,2022-02-08,2,3803,87,1,0,0,0
10,2022-02-09,3,4384,105,1,0,0,0
10,2022-02-10,4,5065,123,1,1,0,0
10,2022-02-11,5,5728,133,1,1,0,0
10,2022-02-12,6,6522,166,1,1,0,0
10,2022-02-13,7,0,0,0,1,0,0
10,2022-02-14,1,4189,93,1,0,0,0
10,2022-02-15,2,3681,84,1,0,0,0
10,2022-02-16,3,4440,113,1,0,0,0
10,2022-02-17,4,4932,122,1,1,0,0
10,2022-02-18,5,4839,116,1,0,0,0
10,2022-02-19,6,6975,168,1,1,0,0
10,2022-02-20,7,5040,137,1,0,0,0
10,2022-02-21,1,4755,113,1,1,0,0
10,2022-02-22,2,3715,101,1,0,0,0
10,2022-02-23,3,4423,97,1,0,0,0
10,2022-02-24,4,5064,125,1,1,0,0
10,2022-02-25,5,4949,135,1,0,0,0
10,2022-02-26,6,7452,173,1,1,0,0
10,2022-02-27,7,5105,118,1,0,0,0
10,2022-02-28,1,4221,95,1,0,0,0
10,2022-03-01,2,3763,88,1,0,0,0
10,2022-03-02,3,4071,106,1,0,0,0
10,2022-03-03,4,4406,103,1,0,0,0
10,2022-03-04,5,4895,135,1,0,0,0
10,2022-03-05,6,6362,165,1,0,0,0
10,2022-03-06,7,5441,143,1,0,0,0
10,2022-03-07,1,4141,104,1,0,0,0
10,2022-03-08,2,4143,94,1,0,0,0
10,2022-03-09,3,4908,122,1,1,0,0
10,2022-03-10,4,4340,116,1,0,0,0
10,2022-03-11,5,4808,125,1,0,0,0
10,2022-03-12,6,6004,138,1,0,0,0
10,2022-03-13,7,5064,121,1,0,0,0
10,2022-03-14,1,4123,88,1,0,0,0
10,2022-03-15,2,4653,110,1,1,0,0
10,2022-03-16,3,4476,105,1,1,0,0
10,2022-03-17,4,4382,108,1,0,0,0
10,2022-03-18,5,4655,114,1,0,0,0
10,2022-03-19,6,7178,167,1,1,0,0
10,2022-03-20,7,0,0,0,0,0,0
10,2022-03-21,1,4187,94,1,0,0,0
10,2022-03-22,2,4024,86,1,0,0,0
10,2022-03-23,3,4138,90,1,0,0,0
10,2022-03-24,4,5147,105,1,1,0,0
10,2022-03-25,5,4969,139,1,0,0,0
10,2022-03-26,6,6257,144,1,0,0,0
10,2022-03-27,7,5258,138,1,0,0,0
10,2022-03-28,1,4712,117,1,1,0,0
10,2022-03-29,2,4800,106,1,1,0,0
10,2022-03-30,3,4270,86,1,0,0,0
10,2022-03-31,4,4199,99,1,0,0,0
10,2022-04-01,5,4691,121,1,0,0,0
10,2022-04-02,6,7648,183,1,1,0,0
10,2022-04-03,7,6355,148,1,1,0,0
10,2022-04-04,1,4341,111,1,0,0,0
10,2022-04-05,2,4577,126,1,1,0,0
10,2022-04-06,3,4594,109,1,0,0,0
10,2022-04-07,4,4564,118,1,0,0,0
10,2022-04-08,5,4978,122,1,0,0,0
10,2022-04-09,6,6876,158,1,0,0,0
10,2022-04-10,7,0,0,0,0,0,0
10,2022-04-11,1,4362,115,1,0,0,0
10,2022-04-12,2,3940,94,1,0,0,0
10,2022-04-13,3,4165,104,1,0,0,0
10,2022-04-14,4,5014,98,1,0,0,0
10,2022-04-15,5,5028,121,1,0,0,0
10,2022-04-16,6,6891,164,1,0,0,0
10,2022-04-17,7,0,0,0,0,0,0
10,2022-04-18,1,4292,112,1,0,0,0
10,2022-04-19,2,4584,96,1,1,0,0
10,2022-04-20,3,5191,117,1,1,0,0
10,2022-04-21,4,5118,129,1,1,0,0
10,2022-04-22,5,4934,133,1,0,0,0
10,2022-04-23,6,6237,156,1,0,0,0
10,2022-04-24,7,5125,122,1,0,0,0
10,2022-04-25,1,7597,185,1,0,0,0
10,2022-04-26,2,7467,180,1,0,0,0
10,2022-04-27,3,7741,186,1,0,0,0
10,2022-04-28,4,8501,231,1,1,0,0
10,2022-04-29,5,9102,230,1,0,0,0
10,2022-04-30,6,13026,312,1,1,0,0
10,2022-05-01,7,8911,226,1,1,0,0
10,2022-05-02,1,0,0,0,0,b,0
10,2022-05-03,2,0,0,0,1,b,0
10,2022-05-04,3,4596,100,1,0,0,0
10,2022-05-05,4,5287,118,1,1,0,0
10,2022-05-06,5,4763,107,1,0,0,0
10,2022-05-07,6,7225,182,1,1,0,0
10,2022-05-08,7,0,0,0,0,0,0
10,2022-05-09,1,4716,111,1,1,0,0
10,2022-05-10,2,3914,82,1,0,0,0
10,2022-05-11,3,4518,128,1,0,0,0
10,2022-05-12,4,5427,129,1,1,0,0
10,2022-05-13,5,5511,147,1,1,0,0
10,2022-05-14,6,6510,156,1,0,0,0
10,2022-05-15,7,5169,134,1,0,0,0
10,2022-05-16,1,4114,101,1,0,0,0
10,2022-05-17,2,5047,131,1,1,0,0
10,2022-05-18,3,4820,128,1,1,0,0
10,2022-05-19,4,5345,113,1,1,0,0
10,2022-05-20,5,4968,114,1,0,0,0
10,2022-05-21,6,6312,158,1,0,0,0
10,2022-05-22,7,0,0,0,0,0,0
10,2022-05-23,1,4643,112,1,1,0,0
10,2022-05-24,2,4102,94,1,0,0,0
10,2022-05-25,3,4867,119,1,1,0,0
10,2022-05-26,4,4507,112,1,0,0,0
10,2022-05-27,5,4663,112,1,0,0,0
10,2022-05-28,6,6330,171,1,0,0,0
10,2022-05-29,7,5304,119,1,0,0,0
10,2022-05-30,1,4112,104,1,0,0,0
10,2022-05-31,2,4316,96,1,0,0,0
10,2022-06-01,3,4537,104,1,0,0,1
10,2022-06-02,4,4857,111,1,1,0,1
10,2022-06-03,5,4781,112,1,0,0,1
10,2022-06-04,6,5962,153,1,0,0,1
10,2022-06-05,7,0,0,0,0,0,1
10,2022-06-06,1,4290,112,1,0,0,1
10,2022-06-07,2,4411,105,1,1,0,1
10,2022-06-08,3,4218,108,1,0,0,1
10,2022-06-09,4,5258,126,1,1,0,1
10,2022-06-10,5,5006,129,1,0,0,1
10,2022-06-11,6,6790,175,1,0,0,1
10,2022-06-12,7,0,0,0,0,0,1
10,2022-06-13,1,4269,118,1,0,0,1
10,2022-06-14,2,3968,92,1,0,0,1
10,2022-06-15,3,5051,116,1,1,0,1
10,2022-06-16,4,4470,108,1,0,0,1
10,2022-06-17,5,5055,128,1,0,0,1
10,2022-06-18,6,6283,137,1,0,0,1
10,2022-06-19,7,5427,143,1,0,0,1
10,2022-06-20,1,4125,103,1,0,0,1
10,2022-06-21,2,3972,105,1,0,0,1
10,2022-06-22,3,4425,112,1,0,0,1
10,2022-06-23,4,4939,126,1,0,0,1
10,2022-06-24,5,4617,112,1,0,0,1
10,2022-06-25,6,6967,175,1,1,0,1
10,2022-06-26,7,0,0,0,0,0,1
10,2022-06-27,1,4528,105,1,0,0,1
10,2022-06-28,2,4895,120,1,1,0,1
10,2022-06-29,3,4251,93,1,0,0,1
10,2022-06-30,4,4623,104,1,0,0,1
10,2022-07-01,5,5135,123,1,0,0,1
10,2022-07-02,6,6219,161,1,0,0,1
10,2022-07-03,7,5463,137,1,0,0,1
10,2022-07-04,1,4930,121,1,1,0,1
10,2022-07-05,2,4407,114,1,1,0,1
10,2022-07-06,3,5017,122,1,1,0,1
10,2022-07-07,4,5068,122,1,1,0,1
10,2022-07-08,5,5342,135,1,0,0,1
10,2022-07-09,6,6021,147,1,0,0,1
10,2022-07-10,7,5899,121,1,1,0,1
10,2022-07-11,1,5011,115,1,1,0,1
10,2022-07-12,2,4716,114,1,0,0,1
10,2022-07-13,3,5554,144,1,1,0,1
10,2022-07-14,4,4534,110,1,0,0,1
10,2022-07-15,5,5112,127,1,0,0,1
10,2022-07-16,6,6656,171,1,0,0,1
10,2022-07-17,7,5000,127,1,0,0,1
10,2022-07-18,1,4312,102,1,0,0,1
10,2022-07-19,2,4501,115,1,0,0,1
10,2022-07-20,3,4439,112,1,0,0,1
10,2022-07-21,4,4997,116,1,0,0,1
10,2022-07-22,5,4921,116,1,0,0,1
10,2022-07-23,6,7411,187,1,1,0,1
10,2022-07-24,7,0,0,0,0,0,1
10,2022-07-25,1,4037,97,1,0,0,1
10,2022-07-26,2,4456,125,1,0,0,1
10,2022-07-27,3,4342,106,1,0,0,1
10,2022-07-28,4,5313,124,1,1,0,1
10,2022-07-29,5,4892,118,1,0,0,1
10,2022-07-30,6,8101,219,1,1,0,1
10,2022-07-31,7,0,0,0,0,0,1
10,2022-08-01,1,4338,107,1,0,0,0
10,2022-08-02,2,3972,90,1,0,0,0
10,2022-08-03,3,4588,127,1,0,0,0
10,2022-08-04,4,4817,128,1,0,0,0
10,2022-08-05,5,4817,123,1,0,0,0
10,2022-08-06,6,6450,155,1,0,0,0
10,2022-08-07,7,5315,126,1,0,0,0
10,2022-08-08,1,5254,123,1,1,0,0
10,2022-08-09,2,4206,91,1,0,0,0
10,2022-08-10,3,4645,100,1,0,0,0
10,2022-08-11,4,4401,105,1,0,0,0
10,2022-08-12,5,4794,131,1,0,0,0
10,2022-08-13,6,7104,154,1,0,0,0
10,2022-08-14,7,5700,131,1,1,0,0
10,2022-08-15,1,4805,108,1,1,0,0
10,2022-08-16,2,4412,108,1,0,0,0
10,2022-08-17,3,4322,115,1,0,a,0
10,2022-08-18,4,4458,112,1,0,0,0
10,2022-08-19,5,5020,124,1,0,0,0
10,2022-08-20,6,5817,149,1,0,0,0
10,2022-08-21,7,5612,131,1,0,0,0
10,2022-08-22,1,4387,112,1,0,0,0
10,2022-08-23,2,4081,85,1,0,0,0
10,2022-08-24,3,4066,100,1,0,0,0
10,2022-08-25,4,4281,110,1,0,0,0
10,2022-08-26,5,4674,107,1,0,0,0
10,2022-08-27,6,6606,147,1,0,0,0
10,2022-08-28,7,6195,150,1,1,0,0
10,2022-08-29,1,4490,109,1,0,0,0
10,2022-08-30,2,5080,139,1,1,0,0
10,2022-08-31,3,4596,118,1,0,0,0
10,2022-09-01,4,4956,128,1,0,0,0
10,2022-09-02,5,5392,149,1,0,0,0
10,2022-09-03,6,6857,174,1,0,0,0
10,2022-09-04,7,6206,149,1,1,0,0
10,2022-09-05,1,4522,120,1,0,0,0
10,2022-09-06,2,4181,75,1,0,0,0
10,2022-09-07,3,4415,114,1,0,0,0
10,2022-09-08,4,5759,134,1,1,0,0
10,2022-09-09,5,4955,128,1,0,0,0
10,2022-09-10,6,7301,179,1,1,0,0
10,2022-09-11,7,0,0,0,1,0,0
10,2022-09-12,1,4253,96,1,0,0,0
10,2022-09-13,2,4804,119,1,1,0,0
10,2022-09-14,3,5205,132,1,1,0,0
10,2022-09-15,4,4683,115,1,0,0,0
10,2022-09-16,5,5339,121,1,0,0,0
10,2022-09-17,6,7286,176,1,0,0,0
10,2022-09-18,7,0,0,0,0,0,0
10,2022-09-19,1,4366,92,1,0,0,0
10,2022-09-20,2,3891,80,1,0,0,0
10,2022-09-21,3,4191,97,1,0,0,0
10,2022-09-22,4,4594,117,1,0,0,0
10,2022-09-23,5,5234,119,1,0,0,0
10,2022-09-24,6,7752,188,1,1,0,0
10,2022-09-25,7,0,0,0,1,0,0
10,2022-09-26,1,4664,102,1,0,0,0
10,2022-09-27,2,4658,114,1,0,0,0
10,2022-09-28,3,4433,110,1,0,0,0
10,2022-09-29,4,5117,117,1,1,0,0
10,2022-09-30,5,5293,129,1,0,0,0
10,2022-10-01,6,6899,171,1,0,0,0
10,2022-10-02,7,6219,151,1,1,0,0
10,2022-10-03,1,5010,107,1,1,0,0
10,2022-10-04,2,4820,120,1,1,0,0
10,2022-10-05,3,5160,133,1,1,0,0
10,2022-10-06,4,4804,131,1,0,0,0
10,2022-10-07,5,4963,130,1,0,0,0
10,2022-10-08,6,6338,150,1,0,0,0
10,2022-10-09,7,0,0,0,0,0,0
10,2022-10-10,1,4850,113,1,1,0,0
10,2022-10-11,2,4340,102,1,0,0,0
10,2022-10-12,3,4526,106,1,0,0,0
10,2022-10-13,4,5350,118,1,1,0,0
10,2022-10-14,5,4978,128,1,0,0,0
10,2022-10-15,6,8266,195,1,1,0,0
10,2022-10-16,7,6323,150,1,1,0,0
10,2022-10-17,1,4298,99,1,0,0,0
10,2022-10-18,2,4386,114,1,0,0,0
10,2022-10-19,3,4926,128,1,0,0,0
10,2022-10-20,4,4681,126,1,0,0,0
10,2022-10-21,5,5547,137,1,0,0,0
10,2022-10-22,6,6246,123,1,0,0,0
10,2022-10-23,7,5946,144,1,1,0,0
10,2022-10-24,1,3947,92,1,0,0,0
10,2022-10-25,2,5462,129,1,1,0,0
10,2022-10-26,3,4136,116,1,0,0,0
10,2022-10-27,4,4709,124,1,0,0,0
10,2022-10-28,5,6452,151,1,1,0,0
10,2022-10-29,6,6960,192,1,0,0,0
10,2022-10-30,7,5512,133,1,0,0,0
10,2022-10-31,1,4712,97,1,0,0,0
10,2022-11-01,2,4813,105,1,1,0,0
10,2022-11-02,3,4645,103,1,0,0,0
10,2022-11-03,4,4651,114,1,0,0,0
10,2022-11-04,5,5136,100,1,0,0,0
10,2022-11-05,6,7720,183,1,1,0,0
10,2022-11-06,7,6599,146,1,1,0,0
10,2022-11-07,1,4783,117,1,0,0,0
10,2022-11-08,2,4922,119,1,1,0,0
10,2022-11-09,3,4289,97,1,0,0,0
10,2022-11-10,4,4493,93,1,0,0,0
10,2022-11-11,5,5684,131,1,0,0,0
10,2022-11-12,6,7155,182,1,0,0,0
10,2022-11-13,7,5133,139,1,0,0,0
10,2022-11-14,1,4812,117,1,0,0,0
10,2022-11-15,2,4191,109,1,0,0,0
10,2022-11-16,3,5400,146,1,1,0,0
10,2022-11-17,4,4526,111,1,0,0,0
10,2022-11-18,5,5750,156,1,0,0,0
10,2022-11-19,6,7456,196,1,1,0,0
10,2022-11-20,7,5153,130,1,0,0,0
10,2022-11-21,1,4350,124,1,0,0,0
10,2022-11-22,2,5664,150,1,1,0,0
10,2022-11-23,3,4612,118,1,0,0,0
10,2022-11-24,4,4460,110,1,0,0,0
10,2022-11-25,5,4993,113,1,0,0,0
10,2022-11-26,6,7016,170,1,1,0,0
10,2022-11-27,7,0,0,0,0,0,0
10,2022-11-28,1,4807,110,1,1,0,0
10,2022-11-29,2,4602,109,1,0,0,0
10,2022-11-30,3,4741,120,1,0,0,0
10,2022-12-01,4,5390,139,1,1,0,0
10,2022-12-02,5,5529,130,1,0,0,0
10,2022-12-03,6,7007,158,1,0,0,0
10,2022-12-04,7,0,0,0,0,0,0
10,2022-12-05,1,4940,129,1,1,0,0
10,2022-12-06,2,4459,96,1,0,0,0
10,2022-12-07,3,4662,115,1,0,0,0
10,2022-12-08,4,4834,114,1,0,0,0
10,2022-12-09,5,6023,160,1,1,0,0
10,2022-12-10,6,6818,229,1,0,0,0
10,2022-12-11,7,5550,116,1,0,0,0
10,2022-12-12,1,4779,131,1,0,0,0
10,2022-12-13,2,4098,92,1,0,0,0
10,2022-12-14,3,4347,116,1,0,0,0
10,2022-12-15,4,4745,118,1,0,0,0
10,2022-12-16,5,5027,124,1,0,0,0
10,2022-12-17,6,7810,188,1,1,0,0
10,2022-12-18,7,0,0,0,1,0,0
10,2022-12-19,1,4268,104,1,0,0,0
10,2022-12-20,2,5561,132,1,1,0,0
10,2022-12-21,3,4532,125,1,0,0,0
10,2022-12-22,4,5126,120,1,1,0,0
10,2022-12-23,5,5205,135,1,0,0,0
10,2022-12-24,6,7081,168,1,0,0,0
10,2022-12-25,7,0,0,0,1,a,0
10,2022-12-26,1,4787,97,1,1,0,0
10,2022-12-27,2,4223,97,1,0,0,0
10,2022-12-28,3,4644,109,1,0,0,0
10,2022-12-29,4,4735,107,1,0,0,0
10,2022-12-30,5,4824,135,1,0,0,0
10,2022-12-31,6,6259,170,1,0,0,0
10,2023-01-01,7,5203,143,1,0,a,0
10,2023-01-02,1,4715,97,1,1,0,0
10,2023-01-03,2,4299,104,1,0,0,0
10,2023-01-04,3,4875,114,1,0,0,0
10,2023-01-05,4,4594,108,1,0,0,0
10,2023-01-06,5,5537,115,1,0,0,0
10,2023-01-07,6,6766,169,1,0,0,0
10,2023-01-08,7,5456,148,1,0,0,0
10,2023-01-09,1,4750,118,1,1,0,0
10,2023-01-10,2,5365,95,1,1,0,0
10,2023-01-11,3,4635,113,1,0,0,0
10,2023-01-12,4,4379,106,1,0,0,0
10,2023-01-13,5,5363,136,1,0,0,0
10,2023-01-14,6,7554,191,1,1,0,0
10,2023-01-15,7,0,0,0,1,0,0
10,2023-01-16,1,4568,109,1,0,0,0
10,2023-01-17,2,4683,125,1,0,0,0
10,2023-01-18,3,5010,115,1,1,0,0
10,2023-01-19,4,4905,119,1,0,0,0
10,2023-01-20,5,5622,150,1,0,0,0
10,2023-01-21,6,8779,228,1,1,0,0
10,2023-01-22,7,6688,178,1,1,0,0
10,2023-01-23,1,4604,113,1,0,0,0
10,2023-01-24,2,4483,115,1,0,0,0
10,2023-01-25,3,4983,131,1,0,0,0
10,2023-01-26,4,4708,119,1,0,0,0
10,2023-01-27,5,5491,127,1,0,0,0
10,2023-01-28,6,7536,178,1,0,0,0
10,2023-01-29,7,0,0,0,1,0,0
10,2023-01-30,1,4685,126,1,1,0,0
10,2023-01-31,2,4239,99,1,0,0,0
10,2023-02-01,3,4701,122,1,0,0,0
10,2023-02-02,4,4585,115,1,0,0,0
10,2023-02-03,5,5198,114,1,0,0,0
10,2023-02-04,6,6703,174,1,0,0,0
10,2023-02-05,7,5700,123,1,0,0,0
10,2023-02-06,1,4971,107,1,1,0,0
10,2023-02-07,2,4308,99,1,0,0,0
10,2023-02-08,3,5712,133,1,1,0,0
10,2023-02-09,4,5379,123,1,1,0,0
10,2023-02-10,5,5491,134,1,0,0,0
10,2023-02-11,6,6819,136,1,0,0,0
10,2023-02-12,7,6380,141,1,1,0,0
10,2023-02-13,1,5420,127,1,1,0,0
10,2023-02-14,2,4031,96,1,0,0,0
10,2023-02-15,3,4752,126,1,0,0,0
10,2023-02-16,4,4934,136,1,0,0,0
10,2023-02-17,5,6363,158,1,1,0,0
10,2023-02-18,6,6698,185,1,0,0,0
10,2023-02-19,7,5564,118,1,0,0,0
10,2023-02-20,1,4594,113,1,1,0,0
10,2023-02-21,2,4304,112,1,0,0,0
10,2023-02-22,3,4698,93,1,0,0,0
10,2023-02-23,4,5163,128,1,0,0,0
10,2023-02-24,5,6679,157,1,1,0,0
10,2023-02-25,6,6721,171,1,0,0,0
10,2023-02-26,7,5817,148,1,0,0,0
10,2023-02-27,1,4527,106,1,0,0,0
10,2023-02-28,2,4100,92,1,0,0,0
10,2023-03-01,3,4806,119,1,0,0,0
10,2023-03-02,4,5259,121,1,0,0,0
10,2023-03-03,5,5225,146,1,0,0,0
10,2023-03-04,6,7520,174,1,1,0,0
10,2023-03-05,7,0,0,0,1,0,0
10,2023-03-06,1,4541,109,1,0,0,0
10,2023-03-07,2,5052,128,1,0,0,0
10,2023-03-08,3,4908,125,1,0,0,0
10,2023-03-09,4,5586,147,1,1,0,0
10,2023-03-10,5,4563,110,1,0,0,0
10,2023-03-11,6,6813,158,1,0,0,0
10,2023-03-12,7,0,0,0,0,0,0
10,2023-03-13,1,4595,110,1,0,0,0
10,2023-03-14,2,4660,112,1,0,0,0
10,2023-03-15,3,4772,126,1,0,0,0
10,2023-03-16,4,4717,131,1,0,0,0
10,2023-03-17,5,6666,177,1,1,0,0
10,2023-03-18,6,6938,167,1,0,0,0
10,2023-03-19,7,5404,100,1,0,0,0
10,2023-03-20,1,4590,109,1,0,0,0
10,2023-03-21,2,4804,116,1,0,0,0
10,2023-03-22,3,4342,106,1,0,0,0
10,2023-03-23,4,4908,127,1,0,0,0
10,2023-03-24,5,5374,126,1,0,0,0
10,2023-03-25,6,6355,157,1,0,0,0
10,2023-03-26,7,5827,140,1,0,0,0
10,2023-03-27,1,4651,124,1,0,0,0
10,2023-03-28,2,5392,137,1,1,0,0
10,2023-03-29,3,4964,123,1,0,0,0
10,2023-03-30,4,4838,114,1,0,0,0
10,2023-03-31,5,5214,126,1,0,0,0
10,2023-04-01,6,6406,178,1,0,0,0
10,2023-04-02,7,5440,133,1,0,0,0
10,2023-04-03,1,4603,102,1,0,0,0
10,2023-04-04,2,4925,134,1,1,0,0
10,2023-04-05,3,4842,131,1,0,0,0
10,2023-04-06,4,4640,106,1,0,0,0
10,2023-04-07,5,5634,143,1,1,0,0
10,2023-04-08,6,7716,194,1,1,0,0
10,2023-04-09,7,5683,118,1,0,0,0
10,2023-04-10,1,4318,108,1,0,0,0
10,2023-04-11,2,4307,102,1,0,0,0
10,2023-04-12,3,4564,117,1,0,0,0
10,2023-04-13,4,4746,126,1,0,0,0
10,2023-04-14,5,5462,142,1,0,0,0
10,2023-04-15,6,14783,309,1,1,0,0
10,2023-04-16,7,0,0,0,0,0,0
10,2023-04-17,1,7877,171,1,0,0,0
10,2023-04-18,2,8182,191,1,0,0,0
10,2023-04-19,3,10025,237,1,1,0,0
10,2023-04-20,4,9485,262,1,0,0,0
10,2023-04-21,5,10259,250,1,0,0,0
10,2023-04-22,6,0,0,0,0,b,0
10,2023-04-23,7,0,0,0,0,b,0
10,2023-04-24,1,4729,116,1,0,0,0
10,2023-04-25,2,4330,108,1,0,0,0
10,2023-04-26,3,4646,115,1,0,0,0
10,2023-04-27,4,5049,136,1,0,0,0
10,2023-04-28,5,5467,128,1,0,0,0
10,2023-04-29,6,6945,170,1,0,0,0
10,2023-04-30,7,5475,156,1,0,0,0
10,2023-05-01,1,4297,125,1,0,0,0
10,2023-05-02,2,4459,96,1,0,0,0
10,2023-05-03,3,4715,118,1,0,0,0
10,2023-05-04,4,5213,133,1,1,0,0
10,2023-05-05,5,5422,131,1,0,0,0
10,2023-05-06,6,7092,171,1,0,0,0
10,2023-05-07,7,5473,146,1,0,0,0
10,2023-05-08,1,5443,148,1,1,0,0
10,2023-05-09,2,5290,125,1,1,0,0
10,2023-05-10,3,4673,128,1,0,0,0
10,2023-05-11,4,4799,102,1,0,0,0
10,2023-05-12,5,5328,127,1,0,0,0
10,2023-05-13,6,6669,167,1,0,0,0
10,2023-05-14,7,0,0,0,1,0,0
10,2023-05-15,1,4451,124,1,0,0,0
10,2023-05-16,2,4368,107,1,0,0,0
10,2023-05-17,3,5602,122,1,1,0,0
10,2023-05-18,4,5577,137,1,1,0,0
10,2023-05-19,5,5444,143,1,0,0,0
10,2023-05-20,6,6382,157,1,0,0,0
10,2023-05-21,7,5540,142,1,0,0,0
10,2023-05-22,1,5803,146,1,1,0,0
10,2023-05-23,2,4770,113,1,1,0,0
10,2023-05-24,3,5178,140,1,0,0,0
10,2023-05-25,4,4982,106,1,0,0,0
10,2023-05-26,5,6085,133,1,1,0,0
10,2023-05-27,6,6920,143,1,0,0,0
10,2023-05-28,7,6049,153,1,0,0,0
10,2023-05-29,1,4752,106,1,1,0,0
10,2023-05-30,2,4883,109,1,0,0,0
10,2023-05-31,3,4832,105,1,0,0,0
10,2023-06-01,4,5951,139,1,1,0,1
10,2023-06-02,5,5715,127,1,1,0,1
10,2023-06-03,6,6923,190,1,0,0,1
10,2023-06-04,7,0,0,0,0,0,1
10,2023-06-05,1,4951,119,1,0,0,1
10,2023-06-06,2,4344,109,1,0,0,1
10,2023-06-07,3,4539,107,1,0,0,1
10,2023-06-08,4,5125,120,1,1,0,1
10,2023-06-09,5,5576,132,1,0,0,1
10,2023-06-10,6,7040,181,1,0,0,1
10,2023-06-11,7,0,0,0,0,0,1
10,2023-06-12,1,5451,133,1,1,0,1
10,2023-06-13,2,4398,88,1,0,0,1
10,2023-06-14,3,4364,103,1,0,0,1
10,2023-06-15,4,4852,113,1,0,0,1
10,2023-06-16,5,5913,164,1,0,0,1
10,2023-06-17,6,7368,178,1,0,0,1
10,2023-06-18,7,5857,160,1,0,0,1
10,2023-06-19,1,4744,113,1,0,0,1
10,2023-06-20,2,4500,121,1,0,0,1
10,2023-06-21,3,4970,118,1,0,0,1
10,2023-06-22,4,5091,113,1,0,0,1
10,2023-06-23,5,5450,128,1,0,0,1
10,2023-06-24,6,7109,153,1,0,0,1
10,2023-06-25,7,0,0,0,0,0,1
10,2023-06-26,1,4582,105,1,0,0,1
10,2023-06-27,2,4317,115,1,0,0,1
10,2023-06-28,3,4510,115,1,0,0,1
10,2023-06-29,4,5076,117,1,0,0,1
10,2023-06-30,5,5136,112,1,0,0,1
10,2023-07-01,6,8419,189,1,1,0,1
10,2023-07-02,7,6949,193,1,1,0,1
10,2023-07-03,1,4688,100,1,0,0,1
10,2023-07-04,2,4460,99,1,0,0,1
10,2023-07-05,3,5057,98,1,0,0,1
10,2023-07-06,4,5104,124,1,0,0,1
10,2023-07-07,5,5820,145,1,0,0,1
10,2023-07-08,6,6680,163,1,0,0,1
10,2023-07-09,7,5681,156,1,0,0,1
10,2023-07-10,1,5358,130,1,1,0,1
10,2023-07-11,2,4655,119,1,0,0,1
10,2023-07-12,3,5713,161,1,1,0,1
10,2023-07-13,4,5761,149,1,1,0,1
10,2023-07-14,5,5868,158,1,0,0,1
10,2023-07-15,6,6941,170,1,0,0,1
10,2023-07-16,7,0,0,0,0,0,1
10,2023-07-17,1,4561,118,1,0,0,1
10,2023-07-18,2,4432,106,1,0,0,1
10,2023-07-19,3,4715,113,1,0,0,1
10,2023-07-20,4,4917,112,1,0,0,1
10,2023-07-21,5,6264,157,1,1,0,1
10,2023-07-22,6,7168,151,1,0,0,1
10,2023-07-23,7,6488,137,1,1,0,1
10,2023-07-24,1,4974,129,1,0,0,1
10,2023-07-25,2,4800,120,1,1,0,1
10,2023-07-26,3,4295,91,1,0,0,1
10,2023-07-27,4,5242,122,1,0,0,1
10,2023-07-28,5,6639,156,1,1,0,1
10,2023-07-29,6,7537,172,1,0,0,1
10,2023-07-30,7,0,0,0,0,0,1
10,2023-07-31,1,4734,123,1,0,0,1
10,2023-08-01,2,4570,110,1,0,0,0
10,2023-08-02,3,4453,126,1,0,0,0
10,2023-08-03,4,5793,128,1,1,0,0
10,2023-08-04,5,5131,123,1,0,0,0
10,2023-08-05,6,7986,195,1,0,0,0
10,2023-08-06,7,6319,148,1,1,0,0
10,2023-08-07,1,4724,92,1,0,0,0
10,2023-08-08,2,4987,113,1,0,0,0
10,2023-08-09,3,5475,151,1,1,0,0
10,2023-08-10,4,4919,123,1,0,0,0
10,2023-08-11,5,4821,125,1,0,0,0
10,2023-08-12,6,6655,183,1,0,0,0
10,2023-08-13,7,5967,131,1,0,0,0
10,2023-08-14,1,5147,143,1,0,0,0
10,2023-08-15,2,4438,105,1,0,0,0
10,2023-08-16,3,5641,145,1,1,0,0
10,2023-08-17,4,5696,150,1,0,a,0
10,2023-08-18,5,5704,135,1,0,0,0
10,2023-08-19,6,8603,208,1,1,0,0
10,2023-08-20,7,0,0,0,0,0,0
10,2023-08-21,1,5896,131,1,1,0,0
10,2023-08-22,2,4492,102,1,0,0,0
10,2023-08-23,3,5352,132,1,1,0,0
10,2023-08-24,4,5397,113,1,0,0,0
10,2023-08-25,5,5379,128,1,0,0,0
10,2023-08-26,6,7143,172,1,0,0,0
10,2023-08-27,7,0,0,0,0,0,0
10,2023-08-28,1,5230,140,1,1,0,0
10,2023-08-29,2,4605,118,1,0,0,0
10,2023-08-30,3,4725,116,1,0,0,0
10,2023-08-31,4,5693,157,1,1,0,0
10,2023-09-01,5,5576,138,1,0,0,0
10,2023-09-02,6,7636,174,1,0,0,0
10,2023-09-03,7,6311,153,1,0,0,0
10,2023-09-04,1,4810,112,1,0,0,0
10,2023-09-05,2,4499,102,1,0,0,0
10,2023-09-06,3,5804,146,1,1,0,0
10,2023-09-07,4,5043,138,1,0,0,0
10,2023-09-08,5,5584,148,1,0,0,0
10,2023-09-09,6,7818,187,1,1,0,0
10,2023-09-10,7,5370,134,1,0,0,0
10,2023-09-11,1,4776,112,1,0,0,0
10,2023-09-12,2,4426,117,1,0,0,0
10,2023-09-13,3,4760,120,1,0,0,0
10,2023-09-14,4,5424,131,1,0,0,0
10,2023-09-15,5,5563,148,1,0,0,0
10,2023-09-16,6,7577,185,1,0,0,0
10,2023-09-17,7,6829,157,1,1,0,0
10,2023-09-18,1,4929,137,1,0,0,0
10,2023-09-19,2,5238,128,1,1,0,0
10,2023-09-20,3,5180,120,1,0,0,0
10,2023-09-21,4,5137,130,1,0,0,0
10,2023-09-22,5,5518,110,1,0,0,0
10,2023-09-23,6,8399,209,1,1,0,0
10,2023-09-24,7,0,0,0,0,0,0
10,2023-09-25,1,4726,126,1,0,0,0
10,2023-09-26,2,5380,142,1,1,0,0
10,2023-09-27,3,4777,122,1,0,0,0
10,2023-09-28,4,6281,168,1,1,0,0
10,2023-09-29,5,5485,130,1,0,0,0
10,2023-09-30,6,9146,235,1,1,0,0
10,2023-10-01,7,0,0,0,1,0,0
10,2023-10-02,1,4748,126,1,0,0,0
10,2023-10-03,2,4580,101,1,0,0,0
10,2023-10-04,3,5017,127,1,0,0,0
10,2023-10-05,4,6097,153,1,1,0,0
10,2023-10-06,5,4899,130,1,0,0,0
10,2023-10-07,6,7217,150,1,0,0,0
10,2023-10-08,7,5296,128,1,0,0,0
10,2023-10-09,1,5049,119,1,0,0,0
10,2023-10-10,2,4942,118,1,0,0,0
10,2023-10-11,3,4932,134,1,0,0,0
10,2023-10-12,4,5136,150,1,0,0,0
10,2023-10-13,5,5218,143,1,0,0,0
10,2023-10-14,6,7029,172,1,0,0,0
10,2023-10-15,7,5710,128,1,0,0,0
10,2023-10-16,1,5419,138,1,1,0,0
10,2023-10-17,2,5658,159,1,1,0,0
10,2023-10-18,3,5246,128,1,0,0,0
10,2023-10-19,4,5247,147,1,0,0,0
10,2023-10-20,5,1615,33,1,0,0,0
10,2023-10-21,6,6969,180,1,0,0,0
10,2023-10-22,7,5926,153,1,0,0,0
10,2023-10-23,1,4900,132,1,0,0,0
10,2023-10-24,2,4670,114,1,0,0,0
10,2023-10-25,3,5491,127,1,1,0,0
10,2023-10-26,4,5257,141,1,0,0,0
10,2023-10-27,5,5839,106,1,0,0,0
10,2023-10-28,6,6775,150,1,0,0,0
10,2023-10-29,7,6665,162,1,1,0,0
10,2023-10-30,1,5024,123,1,0,0,0
10,2023-10-31,2,4963,136,1,0,0,0
10,2023-11-01,3,4962,134,1,0,0,0
10,2023-11-02,4,5201,126,1,0,0,0
10,2023-11-03,5,5718,120,1,0,0,0
10,2023-11-04,6,7609,185,1,0,0,0
10,2023-11-05,7,5590,133,1,0,0,0
10,2023-11-06,1,4909,111,1,0,0,0
10,2023-11-07,2,4527,104,1,0,0,0
10,2023-11-08,3,6007,154,1,1,0,0
10,2023-11-09,4,4846,115,1,0,0,0
10,2023-11-10,5,6638,164,1,1,0,0
10,2023-11-11,6,6953,154,1,0,0,0
10,2023-11-12,7,0,0,0,0,0,0
10,2023-11-13,1,4958,129,1,0,0,0
10,2023-11-14,2,4802,127,1,0,0,0
10,2023-11-15,3,6265,168,1,1,0,0
10,2023-11-16,4,5686,129,1,1,0,0
10,2023-11-17,5,5928,158,1,0,0,0
10,2023-11-18,6,7713,167,1,0,0,0
10,2023-11-19,7,6213,118,1,0,0,0
10,2023-11-20,1,4695,114,1,0,0,0
10,2023-11-21,2,4697,125,1,0,0,0
10,2023-11-22,3,4819,107,1,0,0,0
10,2023-11-23,4,5815,134,1,1,0,0
10,2023-11-24,5,5436,124,1,0,0,0
10,2023-11-25,6,8240,229,1,1,0,0
10,2023-11-26,7,7342,194,1,1,0,0
10,2023-11-27,1,5508,137,1,1,0,0
10,2023-11-28,2,4785,106,1,0,0,0
10,2023-11-29,3,4797,111,1,0,0,0
10,2023-11-30,4,5137,142,1,0,0,0
10,2023-12-01,5,5919,145,1,0,0,0
10,2023-12-02,6,7488,182,1,0,0,0
10,2023-12-03,7,7337,182,1,1,0,0
10,2023-12-04,1,931,22,1,1,0,0
10,2023-12-05,2,5276,140,1,1,0,0
10,2023-12-06,3,5615,137,1,1,0,0
10,2023-12-07,4,5542,125,1,0,0,0
10,2023-12-08,5,5778,136,1,0,0,0
10,2023-12-09,6,6802,159,1,0,0,0
10,2023-12-10,7,0,0,0,0,0,0
10,2023-12-11,1,5646,139,1,1,0,0
10,2023-12-12,2,4988,113,1,0,0,0
10,2023-12-13,3,5389,117,1,0,0,0
10,2023-12-14,4,4906,122,1,0,0,0
10,2023-12-15,5,6153,160,1,0,0,0
10,2023-12-16,6,7306,177,1,0,0,0
10,2023-12-17,7,0,0,0,1,0,0
10,2023-12-18,1,4929,121,1,0,0,0
10,2023-12-19,2,4498,108,1,0,0,0
10,2023-12-20,3,4997,116,1,0,0,0
10,2023-12-21,4,5103,118,1,0,0,0
10,2023-12-22,5,5443,137,1,0,0,0
10,2023-12-23,6,8173,188,1,1,0,0
10,2023-12-24,7,0,0,0,0,0,0
10,2023-12-25,1,4855,120,1,0,a,0
10,2023-12-26,2,4556,115,1,0,0,0
10,2023-12-27,3,5122,139,1,0,0,0
10,2023-12-28,4,5373,128,1,0,0,0
10,2023-12-29,5,5720,132,1,0,0,0
10,2023-12-30,6,6903,167,1,0,0,0
10,2023-12-31,7,6017,144,1,1,0,0
10,2024-01-01,1,4686,116,1,0,a,0
10,2024-01-02,2,5052,104,1,0,0,0
10,2024-01-03,3,5259,121,1,0,0,0
10,2024-01-04,4,4976,119,1,0,0,0
10,2024-01-05,5,6511,172,1,1,0,0
10,2024-01-06,6,8769,235,1,1,0,0
10,2024-01-07,7,5964,149,1,0,0,0
10,2024-01-08,1,5916,139,1,1,0,0
10,2024-01-09,2,5500,138,1,1,0,0
10,2024-01-10,3,5919,158,1,1,0,0
10,2024-01-11,4,5107,113,1,0,0,0
10,2024-01-12,5,5514,129,1,0,0,0
10,2024-01-13,6,7810,177,1,0,0,0
10,2024-01-14,7,6397,178,1,1,0,0
10,2024-01-15,1,4775,112,1,0,0,0
10,2024-01-16,2,4791,96,1,0,0,0
10,2024-01-17,3,5250,133,1,0,0,0
10,2024-01-18,4,4971,131,1,0,0,0
10,2024-01-19,5,5784,120,1,0,0,0
10,2024-01-20,6,7911,202,1,1,0,0
10,2024-01-21,7,0,0,0,0,0,0
10,2024-01-22,1,6187,149,1,1,0,0
10,2024-01-23,2,4349,114,1,0,0,0
10,2024-01-24,3,4859,126,1,0,0,0
10,2024-01-25,4,5425,146,1,0,0,0
10,2024-01-26,5,6604,154,1,0,0,0
10,2024-01-27,6,7621,188,1,0,0,0
10,2024-01-28,7,0,0,0,0,0,0
10,2024-01-29,1,4901,111,1,0,0,0
10,2024-01-30,2,5213,125,1,1,0,0
10,2024-01-31,3,5253,128,1,0,0,0
10,2024-02-01,4,5489,144,1,0,0,0
10,2024-02-02,5,6172,154,1,0,0,0
10,2024-02-03,6,7293,192,1,0,0,0
10,2024-02-04,7,0,0,0,0,0,0
10,2024-02-05,1,5316,111,1,0,0,0
10,2024-02-06,2,5171,127,1,0,0,0
10,2024-02-07,3,4808,121,1,0,0,0
10,2024-02-08,4,5126,128,1,0,0,0
10,2024-02-09,5,2019,50,1,1,0,0
10,2024-02-10,6,7333,163,1,0,0,0
10,2024-02-11,7,6063,144,1,0,0,0
10,2024-02-12,1,5278,135,1,1,0,0
10,2024-02-13,2,4573,113,1,0,0,0
10,2024-02-14,3,5043,138,1,0,0,0
10,2024-02-15,4,5050,137,1,0,0,0
10,2024-02-16,5,5452,145,1,0,0,0
10,2024-02-17,6,7322,185,1,0,0,0
10,2024-02-18,7,5797,129,1,0,0,0
10,2024-02-19,1,5714,127,1,1,0,0
10,2024-02-20,2,5857,133,1,1,0,0
10,2024-02-21,3,4998,115,1,0,0,0
10,2024-02-22,4,5129,137,1,0,0,0
10,2024-02-23,5,6105,148,1,0,0,0
10,2024-02-24,6,7724,205,1,0,0,0
10,2024-02-25,7,6315,158,1,0,0,0
10,2024-02-26,1,4343,98,1,0,0,0
10,2024-02-27,2,4751,125,1,0,0,0
10,2024-02-28,3,4937,123,1,0,0,0
10,2024-02-29,4,5787,163,1,1,0,0
10,2024-03-01,5,6109,153,1,0,0,0
10,2024-03-02,6,8349,184,1,1,0,0
10,2024-03-03,7,6508,158,1,1,0,0
10,2024-03-04,1,5038,113,1,0,0,0
10,2024-03-05,2,5596,121,1,1,0,0
10,2024-03-06,3,4855,105,1,0,0,0
10,2024-03-07,4,5525,141,1,0,0,0
10,2024-03-08,5,5966,146,1,0,0,0
10,2024-03-09,6,7671,157,1,0,0,0
10,2024-03-10,7,6239,144,1,0,0,0
10,2024-03-11,1,5257,142,1,0,0,0
10,2024-03-12,2,4838,121,1,0,0,0
10,2024-03-13,3,4782,101,1,0,0,0
10,2024-03-14,4,5211,120,1,0,0,0
10,2024-03-15,5,5339,138,1,0,0,0
10,2024-03-16,6,7089,164,1,0,0,0
10,2024-03-17,7,6595,160,1,0,0,0
10,2024-03-18,1,4718,107,1,0,0,0
10,2024-03-19,2,4596,125,1,0,0,0
10,2024-03-20,3,6069,132,1,1,0,0
10,2024-03-21,4,5501,112,1,0,0,0
10,2024-03-22,5,5345,136,1,0,0,0
10,2024-03-23,6,7591,184,1,0,0,0
10,2024-03-24,7,6835,194,1,1,0,0
10,2024-03-25,1,5083,130,1,0,0,0
10,2024-03-26,2,4817,120,1,0,0,0
10,2024-03-27,3,4765,117,1,0,0,0
10,2024-03-28,4,5155,121,1,0,0,0
10,2024-03-29,5,6022,137,1,0,0,0
10,2024-03-30,6,8239,191,1,0,0,0
10,2024-03-31,7,7176,187,1,1,0,0
10,2024-04-01,1,4911,114,1,0,0,0
10,2024-04-02,2,4610,124,1,0,0,0
10,2024-04-03,3,10519,269,1,1,0,0
10,2024-04-04,4,9343,196,1,0,0,0
10,2024-04-05,5,12292,300,1,1,0,0
10,2024-04-06,6,13498,290,1,0,0,0
10,2024-04-07,7,12993,313,1,1,0,0
10,2024-04-08,1,8867,224,1,0,0,0
10,2024-04-09,2,11024,249,1,1,0,0
10,2024-04-10,3,0,0,0,1,b,0
10,2024-04-11,4,0,0,0,0,b,0
10,2024-04-12,5,6151,138,1,0,0,0
10,2024-04-13,6,7098,188,1,0,0,0
10,2024-04-14,7,0,0,0,1,0,0
10,2024-04-15,1,4823,111,1,0,0,0
10,2024-04-16,2,5240,124,1,0,0,0
10,2024-04-17,3,5092,132,1,0,0,0
10,2024-04-18,4,5140,119,1,0,0,0
10,2024-04-19,5,5915,141,1,0,0,0
10,2024-04-20,6,8912,222,1,1,0,0
10,2024-04-21,7,6638,175,1,0,0,0
10,2024-04-22,1,5354,129,1,1,0,0
10,2024-04-23,2,5232,122,1,0,0,0
10,2024-04-24,3,4614,114,1,0,0,0
10,2024-04-25,4,5556,142,1,0,0,0
10,2024-04-26,5,6218,171,1,0,0,0
10,2024-04-27,6,9218,243,1,1,0,0
10,2024-04-28,7,0,0,0,1,0,0
10,2024-04-29,1,4772,112,1,0,0,0
10,2024-04-30,2,5113,118,1,0,0,0
10,2024-05-01,3,4879,119,1,0,0,0
10,2024-05-02,4,5835,149,1,1,0,0
10,2024-05-03,5,6614,166,1,1,0,0
10,2024-05-04,6,8544,185,1,1,0,0
10,2024-05-05,7,0,0,0,0,0,0
10,2024-05-06,1,4872,105,1,0,0,0
10,2024-05-07,2,5018,122,1,0,0,0
10,2024-05-08,3,4808,129,1,0,0,0
10,2024-05-09,4,5342,125,1,0,0,0
10,2024-05-10,5,5814,126,1,0,0,0
10,2024-05-11,6,7965,194,1,0,0,0
10,2024-05-12,7,7500,188,1,1,0,0
10,2024-05-13,1,5765,151,1,1,0,0
10,2024-05-14,2,4460,112,1,0,0,0
10,2024-05-15,3,4789,118,1,0,0,0
10,2024-05-16,4,5640,142,1,0,0,0
10,2024-05-17,5,6740,168,1,1,0,0
10,2024-05-18,6,9494,218,1,1,0,0
10,2024-05-19,7,0,0,0,1,0,0
10,2024-05-20,1,5897,125,1,1,0,0
10,2024-05-21,2,4984,118,1,0,0,0
10,2024-05-22,3,4881,114,1,0,0,0
10,2024-05-23,4,5180,114,1,0,0,0
10,2024-05-24,5,6036,140,1,0,0,0
10,2024-05-25,6,8594,191,1,1,0,0
10,2024-05-26,7,6342,145,1,0,0,0
10,2024-05-27,1,5332,130,1,0,0,0
10,2024-05-28,2,4915,118,1,0,0,0
10,2024-05-29,3,5836,144,1,1,0,0
10,2024-05-30,4,5117,124,1,0,0,0
10,2024-05-31,5,6169,153,1,0,0,0
10,2024-06-01,6,7903,176,1,0,0,1
10,2024-06-02,7,6885,153,1,0,0,1
10,2024-06-03,1,5124,118,1,0,0,1
10,2024-06-04,2,5685,133,1,1,0,1
10,2024-06-05,3,5316,128,1,0,0,1
10,2024-06-06,4,6081,163,1,1,0,1
10,2024-06-07,5,5669,138,1,0,0,1
10,2024-06-08,6,7661,178,1,0,0,1
10,2024-06-09,7,7312,194,1,1,0,1
10,2024-06-10,1,5220,131,1,0,0,1
10,2024-06-11,2,5086,116,1,0,0,1
10,2024-06-12,3,6301,181,1,1,0,1
10,2024-06-13,4,5513,132,1,0,0,1
10,2024-06-14,5,6924,190,1,1,0,1
10,2024-06-15,6,7156,183,1,0,0,1
10,2024-06-16,7,0,0,0,0,0,1
10,2024-06-17,1,5051,96,1,0,0,1
10,2024-06-18,2,5409,158,1,1,0,1
10,2024-06-19,3,5341,135,1,0,0,1
10,2024-06-20,4,6349,150,1,1,0,1
10,2024-06-21,5,6987,174,1,1,0,1
10,2024-06-22,6,7863,197,1,0,0,1
10,2024-06-23,7,6274,141,1,0,0,1
10,2024-06-24,1,5040,114,1,0,0,1
10,2024-06-25,2,5432,138,1,0,0,1
10,2024-06-26,3,5257,103,1,0,0,1
10,2024-06-27,4,4705,121,1,0,0,1
10,2024-06-28,5,6021,144,1,1,0,1
10,2024-06-29,6,9343,240,1,1,0,1
10,2024-06-30,7,0,0,0,1,0,1
11,2022-01-01,6,7421,154,1,1,a,0
11,2022-01-02,7,0,0,0,0,0,0
11,2022-01-03,1,4009,97,1,0,0,0
11,2022-01-04,2,5073,113,1,1,0,0
11,2022-01-05,3,4025,78,1,0,0,0
11,2022-01-06,4,5156,109,1,1,0,0
11,2022-01-07,5,4928,111,1,0,0,0
11,2022-01-08,6,6919,162,1,0,0,0
11,2022-01-09,7,6398,134,1,1,0,0
11,2022-01-10,1,4865,114,1,1,0,0
11,2022-01-11,2,4163,107,1,0,0,0
11,2022-01-12,3,5669,116,1,1,0,0
11,2022-01-13,4,4538,108,1,0,0,0
11,2022-01-14,5,4396,107,1,0,0,0
11,2022-01-15,6,7860,186,1,1,0,0
11,2022-01-16,7,0,0,0,0,0,0
11,2022-01-17,1,4097,93,1,0,0,0
11,2022-01-18,2,3922,78,1,0,0,0
11,2022-01-19,3,4335,94,1,0,0,0
11,2022-01-20,4,4241,83,1,0,0,0
11,2022-01-21,5,5111,112,1,0,0,0
11,2022-01-22,6,6137,129,1,0,0,0
11,2022-01-23,7,6183,151,1,1,0,0
11,2022-01-24,1,4211,91,1,0,0,0
11,2022-01-25,2,5095,115,1,1,0,0
11,2022-01-26,3,4313,105,1,0,0,0
11,2022-01-27,4,4296,82,1,0,0,0
11,2022-01-28,5,5101,130,1,0,0,0
11,2022-01-29,6,6454,143,1,0,0,0
11,2022-01-30,7,5009,109,1,0,0,0
11,2022-01-31,1,4271,91,1,0,0,0
11,2022-02-01,2,3959,85,1,0,0,0
11,2022-02-02,3,4315,106,1,0,0,0
11,2022-02-03,4,4512,99,1,0,0,0
11,2022-02-04,5,4851,107,1,0,0,0
11,2022-02-05,6,5909,126,1,0,0,0
11,2022-02-06,7,5902,134,1,1,0,0
11,2022-02-07,1,4170,88,1,0,0,0
11,2022-02-08,2,3874,82,1,0,0,0
11,2022-02-09,3,4425,100,1,0,0,0
11,2022-02-10,4,5018,117,1,1,0,0
11,2022-02-11,5,5116,96,1,0,0,0
11,2022-02-12,6,7736,173,1,1,0,0
11,2022-02-13,7,4816,105,1,0,0,0
11,2022-02-14,1,5031,113,1,1,0,0
11,2022-02-15,2,4983,120,1,1,0,0
11,2022-02-16,3,5391,130,1,1,0,0
11,2022-02-17,4,4083,101,1,0,0,0
11,2022-02-18,5,4578,100,1,0,0,0
11,2022-02-19,6,6084,131,1,0,0,0
11,2022-02-20,7,5033,116,1,0,0,0
11,2022-02-21,1,5341,124,1,1,0,0
11,2022-02-22,2,4089,93,1,0,0,0
11,2022-02-23,3,4137,76,1,0,0,0
11,2022-02-24,4,4410,93,1,0,0,0
11,2022-02-25,5,4858,115,1,0,0,0
11,2022-02-26,6,6118,147,1,0,0,0
11,2022-02-27,7,6349,146,1,1,0,0
11,2022-02-28,1,3688,83,1,0,0,0
11,2022-03-01,2,4231,88,1,0,0,0
11,2022-03-02,3,4343,98,1,0,0,0
11,2022-03-03,4,4693,109,1,0,0,0
11,2022-03-04,5,4631,115,1,0,0,0
11,2022-03-05,6,6385,130,1,0,0,0
11,2022-03-06,7,0,0,0,1,0,0
11,2022-03-07,1,4719,117,1,1,0,0
11,2022-03-08,2,5003,105,1,1,0,0
11,2022-03-09,3,4113,94,1,0,0,0
11,2022-03-10,4,5755,108,1,1,0,0
11,2022-03-11,5,6402,147,1,1,0,0
11,2022-03-12,6,8274,190,1,1,0,0
11,2022-03-13,7,0,0,0,0,0,0
11,2022-03-14,1,5352,116,1,1,0,0
11,2022-03-15,2,4747,115,1,1,0,0
11,2022-03-16,3,5675,120,1,1,0,0
11,2022-03-17,4,4657,108,1,0,0,0
11,2022-03-18,5,5639,101,1,1,0,0
11,2022-03-19,6,7972,167,1,1,0,0
11,2022-03-20,7,0,0,0,0,0,0
11,2022-03-21,1,4541,105,1,0,0,0
11,2022-03-22,2,4834,117,1,1,0,0
11,2022-03-23,3,4271,94,1,0,0,0
11,2022-03-24,4,4432,92,1,0,0,0
11,2022-03-25,5,4842,115,1,0,0,0
11,2022-03-26,6,8642,210,1,1,0,0
11,2022-03-27,7,5519,124,1,0,0,0
11,2022-03-28,1,3823,90,1,0,0,0
11,2022-03-29,2,4172,97,1,0,0,0
11,2022-03-30,3,5321,126,1,1,0,0
11,2022-03-31,4,4583,96,1,0,0,0
11,2022-04-01,5,6144,142,1,1,0,0
11,2022-04-02,6,7501,165,1,1,0,0
11,2022-04-03,7,4834,116,1,0,0,0
11,2022-04-04,1,4088,90,1,0,0,0
11,2022-04-05,2,4056,94,1,0,0,0
11,2022-04-06,3,4309,97,1,0,0,0
11,2022-04-07,4,4282,84,1,0,0,0
11,2022-04-08,5,6611,151,1,1,0,0
11,2022-04-09,6,8043,161,1,1,0,0
11,2022-04-10,7,5331,126,1,0,0,0
11,2022-04-11,1,4151,98,1,0,0,0
11,2022-04-12,2,3876,81,1,0,0,0
11,2022-04-13,3,4464,90,1,0,0,0
11,2022-04-14,4,4196,91,1,0,0,0
11,2022-04-15,5,5485,122,1,1,0,0
11,2022-04-16,6,8070,182,1,1,0,0
11,2022-04-17,7,4924,90,1,0,0,0
11,2022-04-18,1,5147,111,1,1,0,0
11,2022-04-19,2,4238,98,1,0,0,0
11,2022-04-20,3,5105,98,1,1,0,0
11,2022-04-21,4,4070,90,1,0,0,0
11,2022-04-22,5,5189,119,1,0,0,0
11,2022-04-23,6,7840,168,1,1,0,0
11,2022-04-24,7,0,0,0,0,0,0
11,2022-04-25,1,9736,206,1,1,0,0
11,2022-04-26,2,7628,175,1,0,0,0
11,2022-04-27,3,7787,180,1,0,0,0
11,2022-04-28,4,8043,177,1,0,0,0
11,2022-04-29,5,9321,177,1,0,0,0
11,2022-04-30,6,11805,242,1,0,0,0
11,2022-05-01,7,8973,222,1,0,0,0
11,2022-05-02,1,0,0,0,0,b,0
11,2022-05-03,2,0,0,0,0,b,0
11,2022-05-04,3,5290,115,1,1,0,0
11,2022-05-05,4,4567,105,1,0,0,0
11,2022-05-06,5,5942,132,1,1,0,0
11,2022-05-07,6,6360,143,1,0,0,0
11,2022-05-08,7,0,0,0,0,0,0
11,2022-05-09,1,4140,93,1,0,0,0
11,2022-05-10,2,4267,94,1,0,0,0
11,2022-05-11,3,4212,112,1,0,0,0
11,2022-05-12,4,4658,102,1,0,0,0
11,2022-05-13,5,4950,113,1,0,0,0
11,2022-05-14,6,6380,146,1,0,0,0
11,2022-05-15,7,6155,135,1,1,0,0
11,2022-05-16,1,4170,89,1,0,0,0
11,2022-05-17,2,4167,92,1,0,0,0
11,2022-05-18,3,4536,103,1,0,0,0
11,2022-05-19,4,5482,128,1,1,0,0
11,2022-05-20,5,5179,123,1,0,0,0
11,2022-05-21,6,6098,119,1,0,0,0
11,2022-05-22,7,5251,114,1,0,0,0
11,2022-05-23,1,4120,84,1,0,0,0
11,2022-05-24,2,4453,91,1,0,0,0
11,2022-05-25,3,5772,114,1,1,0,0
11,2022-05-26,4,4529,112,1,0,0,0
11,2022-05-27,5,4805,103,1,0,0,0
11,2022-05-28,6,5867,138,1,0,0,0
11,2022-05-29,7,5272,127,1,0,0,0
11,2022-05-30,1,4279,81,1,0,0,0
11,2022-05-31,2,4319,98,1,0,0,0
11,2022-06-01,3,4014,73,1,0,0,1
11,2022-06-02,4,4505,113,1,0,0,1
11,2022-06-03,5,5052,114,1,0,0,1
11,2022-06-04,6,7592,177,1,1,0,1
11,2022-06-05,7,0,0,0,0,0,1
11,2022-06-06,1,4088,89,1,0,0,1
11,2022-06-07,2,3978,84,1,0,0,1
11,2022-06-08,3,4224,98,1,0,0,1
11,2022-06-09,4,4422,110,1,0,0,1
11,2022-06-10,5,5262,119,1,0,0,1
11,2022-06-11,6,7837,171,1,1,0,1
11,2022-06-12,7,6217,148,1,1,0,1
11,2022-06-13,1,4423,112,1,0,0,1
11,2022-06-14,2,5463,126,1,1,0,1
11,2022-06-15,3,5656,106,1,1,0,1
11,2022-06-16,4,4797,98,1,0,0,1
11,2022-06-17,5,6265,122,1,1,0,1
11,2022-06-18,6,6434,144,1,0,0,1
11,2022-06-19,7,0,0,0,0,0,1
11,2022-06-20,1,4556,100,1,0,0,1
11,2022-06-21,2,4145,103,1,0,0,1
11,2022-06-22,3,4289,93,1,0,0,1
11,2022-06-23,4,4410,87,1,0,0,1
11,2022-06-24,5,6414,142,1,1,0,1
11,2022-06-25,6,8028,173,1,1,0,1
11,2022-06-26,7,0,0,0,1,0,1
11,2022-06-27,1,5246,109,1,1,0,1
11,2022-06-28,2,5164,116,1,1,0,1
11,2022-06-29,3,4331,100,1,0,0,1
11,2022-06-30,4,4827,107,1,0,0,1
11,2022-07-01,5,4533,108,1,0,0,1
11,2022-07-02,6,8189,192,1,1,0,1
11,2022-07-03,7,5506,123,1,0,0,1
11,2022-07-04,1,4851,104,1,1,0,1
11,2022-07-05,2,4165,92,1,0,0,1
11,2022-07-06,3,4586,93,1,0,0,1
11,2022-07-07,4,5431,126,1,1,0,1
11,2022-07-08,5,5058,106,1,0,0,1
11,2022-07-09,6,6120,131,1,0,0,1
11,2022-07-10,7,0,0,0,0,0,1
11,2022-07-11,1,4555,99,1,0,0,1
11,2022-07-12,2,5678,111,1,1,0,1
11,2022-07-13,3,4435,91,1,0,0,1
11,2022-07-14,4,4234,99,1,0,0,1
11,2022-07-15,5,4923,122,1,0,0,1
11,2022-07-16,6,7310,161,1,1,0,1
11,2022-07-17,7,5164,133,1,0,0,1
11,2022-07-18,1,4496,97,1,0,0,1
11,2022-07-19,2,4887,117,1,1,0,1
11,2022-07-20,3,4342,90,1,0,0,1
11,2022-07-21,4,5433,119,1,1,0,1
11,2022-07-22,5,5459,121,1,0,0,1
11,2022-07-23,6,6571,126,1,0,0,1
11,2022-07-24,7,0,0,0,0,0,1
11,2022-07-25,1,5450,124,1,1,0,1
11,2022-07-26,2,5453,120,1,1,0,1
11,2022-07-27,3,4632,95,1,0,0,1
11,2022-07-28,4,4548,98,1,0,0,1
11,2022-07-29,5,6107,141,1,1,0,1
11,2022-07-30,6,6152,139,1,0,0,1
11,2022-07-31,7,0,0,0,1,0,1
11,2022-08-01,1,4482,102,1,0,0,0
11,2022-08-02,2,4678,109,1,1,0,0
11,2022-08-03,3,4349,92,1,0,0,0
11,2022-08-04,4,4642,109,1,0,0,0
11,2022-08-05,5,5448,126,1,0,0,0
11,2022-08-06,6,7637,138,1,1,0,0
11,2022-08-07,7,0,0,0,0,0,0
11,2022-08-08,1,4227,89,1,0,0,0
11,2022-08-09,2,3966,95,1,0,0,0
11,2022-08-10,3,4708,92,1,0,0,0
11,2022-08-11,4,5420,126,1,1,0,0
11,2022-08-12,5,6602,162,1,1,0,0
11,2022-08-13,6,5961,115,1,0,0,0
11,2022-08-14,7,0,0,0,1,0,0
11,2022-08-15,1,5555,103,1,1,0,0
11,2022-08-16,2,5472,125,1,1,0,0
11,2022-08-17,3,4516,96,1,0,a,0
11,2022-08-18,4,5986,119,1,1,0,0
11,2022-08-19,5,4973,101,1,0,0,0
11,2022-08-20,6,6941,151,1,0,0,0
11,2022-08-21,7,6729,177,1,1,0,0
11,2022-08-22,1,4488,98,1,0,0,0
11,2022-08-23,2,4310,96,1,0,0,0
11,2022-08-24,3,5670,116,1,1,0,0
11,2022-08-25,4,5430,106,1,1,0,0
11,2022-08-26,5,4817,103,1,0,0,0
11,2022-08-27,6,7907,197,1,1,0,0
11,2022-08-28,7,0,0,0,0,0,0
11,2022-08-29,1,4209,112,1,0,0,0
11,2022-08-30,2,5223,111,1,1,0,0
11,2022-08-31,3,4419,111,1,0,0,0
11,2022-09-01,4,4906,116,1,0,0,0
11,2022-09-02,5,5217,118,1,0,0,0
11,2022-09-03,6,6037,140,1,0,0,0
11,2022-09-04,7,5351,117,1,0,0,0
11,2022-09-05,1,5348,107,1,1,0,0
11,2022-09-06,2,5250,114,1,1,0,0
11,2022-09-07,3,4443,97,1,0,0,0
11,2022-09-08,4,6059,127,1,1,0,0
11,2022-09-09,5,4867,112,1,0,0,0
11,2022-09-10,6,6591,148,1,0,0,0
11,2022-09-11,7,6744,168,1,1,0,0
11,2022-09-12,1,4304,103,1,0,0,0
11,2022-09-13,2,4120,90,1,0,0,0
11,2022-09-14,3,4283,94,1,0,0,0
11,2022-09-15,4,4501,102,1,0,0,0
11,2022-09-16,5,6587,152,1,1,0,0
11,2022-09-17,6,6419,157,1,0,0,0
11,2022-09-18,7,0,0,0,0,0,0
11,2022-09-19,1,4108,91,1,0,0,0
11,2022-09-20,2,4163,94,1,0,0,0
11,2022-09-21,3,4510,102,1,0,0,0
11,2022-09-22,4,4222,87,1,0,0,0
11,2022-09-23,5,6697,160,1,1,0,0
11,2022-09-24,6,7942,176,1,1,0,0
11,2022-09-25,7,5807,121,1,0,0,0
11,2022-09-26,1,4459,92,1,0,0,0
11,2022-09-27,2,3880,78,1,0,0,0
11,2022-09-28,3,5661,115,1,1,0,0
11,2022-09-29,4,5675,120,1,1,0,0
11,2022-09-30,5,5175,114,1,0,0,0
11,2022-10-01,6,8863,175,1,1,0,0
11,2022-10-02,7,0,0,0,0,0,0
11,2022-10-03,1,4326,83,1,0,0,0
11,2022-10-04,2,3980,85,1,0,0,0
11,2022-10-05,3,4670,103,1,0,0,0
11,2022-10-06,4,4740,104,1,0,0,0
11,2022-10-07,5,5406,136,1,0,0,0
11,2022-10-08,6,6525,150,1,0,0,0
11,2022-10-09,7,0,0,0,0,0,0
11,2022-10-10,1,4329,98,1,0,0,0
11,2022-10-11,2,4306,86,1,0,0,0
11,2022-10-12,3,4143,101,1,0,0,0
11,2022-10-13,4,4704,84,1,0,0,0
11,2022-10-14,5,5217,111,1,0,0,0
11,2022-10-15,6,6417,144,1,0,0,0
11,2022-10-16,7,5528,109,1,0,0,0
11,2022-10-17,1,4583,110,1,0,0,0
11,2022-10-18,2,4595,112,1,0,0,0
11,2022-10-19,3,4262,90,1,0,0,0
11,2022-10-20,4,5992,128,1,1,0,0
11,2022-10-21,5,5471,112,1,0,0,0
11,2022-10-22,6,6479,149,1,0,0,0
11,2022-10-23,7,5750,125,1,0,0,0
11,2022-10-24,1,4239,84,1,0,0,0
11,2022-10-25,2,4317,111,1,0,0,0
11,2022-10-26,3,4110,103,1,0,0,0
11,2022-10-27,4,4213,108,1,0,0,0
11,2022-10-28,5,5923,114,1,1,0,0
11,2022-10-29,6,7075,170,1,0,0,0
11,2022-10-30,7,5176,117,1,0,0,0
11,2022-10-31,1,4236,97,1,0,0,0
11,2022-11-01,2,5497,108,1,1,0,0
11,2022-11-02,3,5424,110,1,1,0,0
11,2022-11-03,4,4935,103,1,0,0,0
11,2022-11-04,5,7032,156,1,1,0,0
11,2022-11-05,6,5883,127,1,0,0,0
11,2022-11-06,7,6918,153,1,1,0,0
11,2022-11-07,1,4950,105,1,1,0,0
11,2022-11-08,2,4024,83,1,0,0,0
11,2022-11-09,3,5778,130,1,1,0,0
11,2022-11-10,4,4443,99,1,0,0,0
11,2022-11-11,5,5223,116,1,0,0,0
11,2022-11-12,6,6640,157,1,0,0,0
11,2022-11-13,7,6198,135,1,1,0,0
11,2022-11-14,1,4568,102,1,0,0,0
11,2022-11-15,2,4390,98,1,0,0,0
11,2022-11-16,3,5665,105,1,1,0,0
11,2022-11-17,4,4520,107,1,0,0,0
11,2022-11-18,5,5265,111,1,0,0,0
11,2022-11-19,6,6212,144,1,0,0,0
11,2022-11-20,7,0,0,0,0,0,0
11,2022-11-21,1,4501,93,1,0,0,0
11,2022-11-22,2,4556,105,1,0,0,0
11,2022-11-23,3,5528,111,1,1,0,0
11,2022-11-24,4,5983,134,1,1,0,0
11,2022-11-25,5,5227,112,1,0,0,0
11,2022-11-26,6,6791,161,1,0,0,0
11,2022-11-27,7,5235,126,1,0,0,0
11,2022-11-28,1,4405,96,1,0,0,0
11,2022-11-29,2,4332,94,1,0,0,0
11,2022-11-30,3,4879,94,1,0,0,0
11,2022-12-01,4,5536,117,1,1,0,0
11,2022-12-02,5,4819,104,1,0,0,0
11,2022-12-03,6,7665,162,1,0,0,0
11,2022-12-04,7,0,0,0,1,0,0
11,2022-12-05,1,4568,101,1,0,0,0
11,2022-12-06,2,4488,103,1,0,0,0
11,2022-12-07,3,4722,92,1,0,0,0
11,2022-12-08,4,4907,110,1,0,0,0
11,2022-12-09,5,6742,144,1,1,0,0
11,2022-12-10,6,7053,164,1,0,0,0
11,2022-12-11,7,0,0,0,1,0,0
11,2022-12-12,1,5865,130,1,1,0,0
11,2022-12-13,2,5960,137,1,1,0,0
11,2022-12-14,3,5749,93,1,1,0,0
11,2022-12-15,4,4818,115,1,0,0,0
11,2022-12-16,5,5050,120,1,0,0,0
11,2022-12-17,6,1099,27,1,0,0,0
11,2022-12-18,7,0,0,0,0,0,0
11,2022-12-19,1,5468,113,1,1,0,0
11,2022-12-20,2,4383,88,1,0,0,0
11,2022-12-21,3,5801,138,1,1,0,0
11,2022-12-22,4,6339,137,1,1,0,0
11,2022-12-23,5,6231,140,1,1,0,0
11,2022-12-24,6,8551,195,1,1,0,0
11,2022-12-25,7,5296,123,1,0,a,0
11,2022-12-26,1,4640,96,1,0,0,0
11,2022-12-27,2,4556,96,1,0,0,0
11,2022-12-28,3,4954,106,1,0,0,0
11,2022-12-29,4,4621,110,1,0,0,0
11,2022-12-30,5,6572,146,1,1,0,0
11,2022-12-31,6,8727,216,1,1,0,0
11,2023-01-01,7,5651,112,1,0,a,0
11,2023-01-02,1,3920,92,1,0,0,0
11,2023-01-03,2,4228,97,1,0,0,0
11,2023-01-04,3,4709,105,1,0,0,0
11,2023-01-05,4,4680,99,1,0,0,0
11,2023-01-06,5,5440,118,1,0,0,0
11,2023-01-07,6,7074,165,1,0,0,0
11,2023-01-08,7,0,0,0,0,0,0
11,2023-01-09,1,4620,97,1,0,0,0
11,2023-01-10,2,4706,111,1,0,0,0
11,2023-01-11,3,4820,108,1,0,0,0
11,2023-01-12,4,4555,115,1,0,0,0
11,2023-01-13,5,5189,112,1,0,0,0
11,2023-01-14,6,8431,202,1,1,0,0
11,2023-01-15,7,0,0,0,0,0,0
11,2023-01-16,1,4733,112,1,0,0,0
11,2023-01-17,2,5315,113,1,1,0,0
11,2023-01-18,3,4571,97,1,0,0,0
11,2023-01-19,4,6250,154,1,1,0,0
11,2023-01-20,5,5128,117,1,0,0,0
11,2023-01-21,6,6634,148,1,0,0,0
11,2023-01-22,7,5592,111,1,0,0,0
11,2023-01-23,1,4408,94,1,0,0,0
11,2023-01-24,2,4739,97,1,0,0,0
11,2023-01-25,3,4392,102,1,0,0,0
11,2023-01-26,4,4209,96,1,0,0,0
11,2023-01-27,5,5477,126,1,0,0,0
11,2023-01-28,6,6638,154,1,0,0,0
11,2023-01-29,7,5286,123,1,0,0,0
11,2023-01-30,1,4595,112,1,0,0,0
11,2023-01-31,2,4502,100,1,0,0,0
11,2023-02-01,3,4435,101,1,0,0,0
11,2023-02-02,4,6306,144,1,1,0,0
11,2023-02-03,5,5492,129,1,0,0,0
11,2023-02-04,6,7439,172,1,0,0,0
11,2023-02-05,7,0,0,0,0,0,0
11,2023-02-06,1,4551,93,1,0,0,0
11,2023-02-07,2,5585,118,1,1,0,0
11,2023-02-08,3,4543,100,1,0,0,0
11,2023-02-09,4,4867,108,1,0,0,0
11,2023-02-10,5,5400,123,1,0,0,0
11,2023-02-11,6,8681,189,1,1,0,0
11,2023-02-12,7,0,0,0,0,0,0
11,2023-02-13,1,5596,126,1,1,0,0
11,2023-02-14,2,5374,100,1,1,0,0
11,2023-02-15,3,4453,97,1,0,0,0
11,2023-02-16,4,5954,129,1,1,0,0
11,2023-02-17,5,5684,129,1,0,0,0
11,2023-02-18,6,9359,208,1,1,0,0
11,2023-02-19,7,5901,133,1,0,0,0
11,2023-02-20,1,4427,108,1,0,0,0
11,2023-02-21,2,4522,103,1,0,0,0
11,2023-02-22,3,5200,147,1,1,0,0
11,2023-02-23,4,4750,114,1,0,0,0
11,2023-02-24,5,5189,115,1,0,0,0
11,2023-02-25,6,7444,171,1,0,0,0
11,2023-02-26,7,5619,146,1,0,0,0
11,2023-02-27,1,4551,89,1,0,0,0
11,2023-02-28,2,4425,106,1,0,0,0
11,2023-03-01,3,4575,112,1,0,0,0
11,2023-03-02,4,4923,102,1,0,0,0
11,2023-03-03,5,5126,109,1,0,0,0
11,2023-03-04,6,7005,150,1,0,0,0
11,2023-03-05,7,0,0,0,0,0,0
11,2023-03-06,1,5716,128,1,1,0,0
11,2023-03-07,2,4377,91,1,0,0,0
11,2023-03-08,3,5791,111,1,1,0,0
11,2023-03-09,4,6365,153,1,1,0,0
11,2023-03-10,5,5347,120,1,0,0,0
11,2023-03-11,6,6621,159,1,0,0,0
11,2023-03-12,7,0,0,0,1,0,0
11,2023-03-13,1,4393,108,1,0,0,0
11,2023-03-14,2,4403,84,1,0,0,0
11,2023-03-15,3,4712,110,1,0,0,0
11,2023-03-16,4,4618,105,1,0,0,0
11,2023-03-17,5,6055,130,1,1,0,0
11,2023-03-18,6,6995,160,1,0,0,0
11,2023-03-19,7,0,0,0,0,0,0
11,2023-03-20,1,4352,98,1,0,0,0
11,2023-03-21,2,4636,95,1,0,0,0
11,2023-03-22,3,4764,111,1,0,0,0
11,2023-03-23,4,4782,112,1,0,0,0
11,2023-03-24,5,6363,153,1,1,0,0
11,2023-03-25,6,6705,134,1,0,0,0
11,2023-03-26,7,0,0,0,1,0,0
11,2023-03-27,1,4541,92,1,0,0,0
11,2023-03-28,2,4194,104,1,0,0,0
11,2023-03-29,3,4469,98,1,0,0,0
11,2023-03-30,4,4723,108,1,0,0,0
11,2023-03-31,5,5436,129,1,0,0,0
11,2023-04-01,6,6900,144,1,0,0,0
11,2023-04-02,7,6558,147,1,1,0,0
11,2023-04-03,1,6109,126,1,1,0,0
11,2023-04-04,2,4312,84,1,0,0,0
11,2023-04-05,3,4786,115,1,0,0,0
11,2023-04-06,4,4607,101,1,0,0,0
11,2023-04-07,5,6010,140,1,0,0,0
11,2023-04-08,6,7332,175,1,0,0,0
11,2023-04-09,7,0,0,0,0,0,0
11,2023-04-10,1,5758,122,1,1,0,0
11,2023-04-11,2,5318,134,1,1,0,0
11,2023-04-12,3,4607,106,1,0,0,0
11,2023-04-13,4,4947,100,1,0,0,0
11,2023-04-14,5,5582,116,1,0,0,0
11,2023-04-15,6,14538,304,1,1,0,0
11,2023-04-16,7,9727,220,1,0,0,0
11,2023-04-17,1,8659,193,1,0,0,0
11,2023-04-18,2,10779,258,1,1,0,0
11,2023-04-19,3,8131,189,1,0,0,0
11,2023-04-20,4,9153,189,1,0,0,0
11,2023-04-21,5,9061,224,1,0,0,0
11,2023-04-22,6,0,0,0,0,b,0
11,2023-04-23,7,0,0,0,0,b,0
11,2023-04-24,1,4509,94,1,0,0,0
11,2023-04-25,2,4931,91,1,0,0,0
11,2023-04-26,3,4694,109,1,0,0,0
11,2023-04-27,4,5991,131,1,1,0,0
11,2023-04-28,5,5222,120,1,0,0,0
11,2023-04-29,6,6808,149,1,0,0,0
11,2023-04-30,7,5405,132,1,0,0,0
11,2023-05-01,1,5802,127,1,1,0,0
11,2023-05-02,2,5626,128,1,1,0,0
11,2023-05-03,3,4607,107,1,0,0,0
11,2023-05-04,4,4737,107,1,0,0,0
11,2023-05-05,5,6791,159,1,1,0,0
11,2023-05-06,6,6671,153,1,0,0,0
11,2023-05-07,7,5575,124,1,0,0,0
11,2023-05-08,1,5642,129,1,1,0,0
11,2023-05-09,2,4018,89,1,0,0,0
11,2023-05-10,3,6157,133,1,1,0,0
11,2023-05-11,4,5538,128,1,1,0,0
11,2023-05-12,5,4916,130,1,0,0,0
11,2023-05-13,6,9057,206,1,1,0,0
11,2023-05-14,7,0,0,0,1,0,0
11,2023-05-15,1,4145,88,1,0,0,0
11,2023-05-16,2,4826,106,1,0,0,0
11,2023-05-17,3,4580,99,1,0,0,0
11,2023-05-18,4,5183,121,1,0,0,0
11,2023-05-19,5,6443,145,1,1,0,0
11,2023-05-20,6,6376,159,1,0,0,0
11,2023-05-21,7,0,0,0,0,0,0
11,2023-05-22,1,4353,95,1,0,0,0
11,2023-05-23,2,5779,123,1,1,0,0
11,2023-05-24,3,4899,88,1,0,0,0
11,2023-05-25,4,5122,102,1,0,0,0
11,2023-05-26,5,5326,116,1,0,0,0
11,2023-05-27,6,7439,168,1,0,0,0
11,2023-05-28,7,5408,122,1,0,0,0
11,2023-05-29,1,4672,108,1,0,0,0
11,2023-05-30,2,4508,91,1,0,0,0
11,2023-05-31,3,5215,110,1,0,0,0
11,2023-06-01,4,6498,155,1,1,0,1
11,2023-06-02,5,5429,131,1,0,0,1
11,2023-06-03,6,7039,169,1,0,0,1
11,2023-06-04,7,0,0,0,0,0,1
11,2023-06-05,1,4474,87,1,0,0,1
11,2023-06-06,2,4085,100,1,0,0,1
11,2023-06-07,3,4524,93,1,0,0,1
11,2023-06-08,4,4809,114,1,0,0,1
11,2023-06-09,5,5798,124,1,0,0,1
11,2023-06-10,6,7343,165,1,0,0,1
11,2023-06-11,7,7097,148,1,1,0,1
11,2023-06-12,1,4765,105,1,0,0,1
11,2023-06-13,2,4393,89,1,0,0,1
11,2023-06-14,3,5260,109,1,0,0,1
11,2023-06-15,4,5217,111,1,0,0,1
11,2023-06-16,5,5453,103,1,0,0,1
11,2023-06-17,6,6968,146,1,0,0,1
11,2023-06-18,7,0,0,0,0,0,1
11,2023-06-19,1,4651,95,1,0,0,1
11,2023-06-20,2,4147,84,1,0,0,1
11,2023-06-21,3,6420,159,1,1,0,1
11,2023-06-22,4,5215,103,1,0,0,1
11,2023-06-23,5,5549,124,1,0,0,1
11,2023-06-24,6,8573,197,1,1,0,1
11,2023-06-25,7,5712,125,1,0,0,1
11,2023-06-26,1,4055,95,1,0,0,1
11,2023-06-27,2,4317,92,1,0,0,1
11,2023-06-28,3,5201,117,1,0,0,1
11,2023-06-29,4,5063,112,1,0,0,1
11,2023-06-30,5,6156,131,1,1,0,1
11,2023-07-01,6,6727,157,1,0,0,1
11,2023-07-02,7,0,0,0,0,0,1
11,2023-07-03,1,5622,123,1,1,0,1
11,2023-07-04,2,5674,113,1,1,0,1
11,2023-07-05,3,5170,112,1,0,0,1
11,2023-07-06,4,5138,113,1,0,0,1
11,2023-07-07,5,5383,133,1,0,0,1
11,2023-07-08,6,6940,148,1,0,0,1
11,2023-07-09,7,5499,131,1,0,0,1
11,2023-07-10,1,4944,109,1,0,0,1
11,2023-07-11,2,6078,124,1,1,0,1
11,2023-07-12,3,4474,110,1,0,0,1
11,2023-07-13,4,4526,101,1,0,0,1
11,2023-07-14,5,5387,112,1,0,0,1
11,2023-07-15,6,6971,163,1,0,0,1
11,2023-07-16,7,5812,145,1,0,0,1
11,2023-07-17,1,4303,86,1,0,0,1
11,2023-07-18,2,5535,131,1,1,0,1
11,2023-07-19,3,4783,94,1,0,0,1
11,2023-07-20,4,4767,91,1,0,0,1
11,2023-07-21,5,5719,113,1,0,0,1
11,2023-07-22,6,7711,168,1,0,0,1
11,2023-07-23,7,5593,128,1,0,0,1
11,2023-07-24,1,6141,131,1,1,0,1
11,2023-07-25,2,5648,115,1,1,0,1
11,2023-07-26,3,4587,105,1,0,0,1
11,2023-07-27,4,4792,108,1,0,0,1
11,2023-07-28,5,7130,158,1,1,0,1
11,2023-07-29,6,6837,163,1,0,0,1
11,2023-07-30,7,5629,126,1,0,0,1
11,2023-07-31,1,4442,109,1,0,0,1
11,2023-08-01,2,5942,110,1,1,0,0
11,2023-08-02,3,4929,98,1,0,0,0
11,2023-08-03,4,6673,160,1,1,0,0
11,2023-08-04,5,7082,133,1,1,0,0
11,2023-08-05,6,7222,172,1,0,0,0
11,2023-08-06,7,7418,179,1,1,0,0
11,2023-08-07,1,5824,125,1,1,0,0
11,2023-08-08,2,4641,107,1,0,0,0
11,2023-08-09,3,5051,112,1,0,0,0
11,2023-08-10,4,4781,109,1,0,0,0
11,2023-08-11,5,5980,116,1,0,0,0
11,2023-08-12,6,7313,172,1,0,0,0
11,2023-08-13,7,0,0,0,0,0,0
11,2023-08-14,1,4449,90,1,0,0,0
11,2023-08-15,2,5439,104,1,1,0,0
11,2023-08-16,3,4924,107,1,0,0,0
11,2023-08-17,4,5024,108,1,0,a,0
11,2023-08-18,5,5394,117,1,0,0,0
11,2023-08-19,6,6648,142,1,0,0,0
11,2023-08-20,7,0,0,0,0,0,0
11,2023-08-21,1,4786,119,1,0,0,0
11,2023-08-22,2,4328,94,1,0,0,0
11,2023-08-23,3,5929,142,1,1,0,0
11,2023-08-24,4,6371,131,1,1,0,0
11,2023-08-25,5,5747,155,1,0,0,0
11,2023-08-26,6,8761,206,1,1,0,0
11,2023-08-27,7,6954,174,1,1,0,0
11,2023-08-28,1,4770,116,1,0,0,0
11,2023-08-29,2,5738,132,1,1,0,0
11,2023-08-30,3,5619,128,1,1,0,0
11,2023-08-31,4,4897,106,1,0,0,0
11,2023-09-01,5,5375,122,1,0,0,0
11,2023-09-02,6,7131,149,1,0,0,0
11,2023-09-03,7,0,0,0,0,0,0
11,2023-09-04,1,5775,116,1,1,0,0
11,2023-09-05,2,4604,105,1,0,0,0
11,2023-09-06,3,6267,132,1,1,0,0
11,2023-09-07,4,6302,153,1,1,0,0
11,2023-09-08,5,6287,126,1,0,0,0
11,2023-09-09,6,6683,131,1,0,0,0
11,2023-09-10,7,0,0,0,0,0,0
11,2023-09-11,1,4740,95,1,0,0,0
11,2023-09-12,2,4329,97,1,0,0,0
11,2023-09-13,3,4774,113,1,0,0,0
11,2023-09-14,4,4646,103,1,0,0,0
11,2023-09-15,5,6974,142,1,1,0,0
11,2023-09-16,6,7037,147,1,0,0,0
11,2023-09-17,7,0,0,0,0,0,0
11,2023-09-18,1,4514,102,1,0,0,0
11,2023-09-19,2,6123,131,1,1,0,0
11,2023-09-20,3,4835,114,1,0,0,0
11,2023-09-21,4,5087,101,1,0,0,0
11,2023-09-22,5,7019,167,1,1,0,0
11,2023-09-23,6,7196,169,1,0,0,0
11,2023-09-24,7,0,0,0,0,0,0
11,2023-09-25,1,5136,116,1,0,0,0
11,2023-09-26,2,6489,139,1,1,0,0
11,2023-09-27,3,5236,127,1,0,0,0
11,2023-09-28,4,5048,129,1,0,0,0
11,2023-09-29,5,5562,107,1,0,0,0
11,2023-09-30,6,9451,213,1,1,0,0
11,2023-10-01,7,0,0,0,0,0,0
11,2023-10-02,1,5191,107,1,0,0,0
11,2023-10-03,2,6077,125,1,1,0,0
11,2023-10-04,3,4822,105,1,0,0,0
11,2023-10-05,4,6403,134,1,1,0,0
11,2023-10-06,5,7199,173,1,1,0,0
11,2023-10-07,6,8784,207,1,1,0,0
11,2023-10-08,7,0,0,0,0,0,0
11,2023-10-09,1,5094,114,1,0,0,0
11,2023-10-10,2,5778,124,1,1,0,0
11,2023-10-11,3,5977,129,1,1,0,0
11,2023-10-12,4,5033,106,1,0,0,0
11,2023-10-13,5,6587,129,1,1,0,0
11,2023-10-14,6,6593,153,1,0,0,0
11,2023-10-15,7,5735,113,1,0,0,0
11,2023-10-16,1,4567,102,1,0,0,0
11,2023-10-17,2,6384,136,1,1,0,0
11,2023-10-18,3,4794,119,1,0,0,0
11,2023-10-19,4,5183,121,1,0,0,0
11,2023-10-20,5,6783,144,1,1,0,0
11,2023-10-21,6,7846,176,1,0,0,0
11,2023-10-22,7,5815,113,1,0,0,0
11,2023-10-23,1,4506,96,1,0,0,0
11,2023-10-24,2,4857,102,1,0,0,0
11,2023-10-25,3,4978,120,1,0,0,0
11,2023-10-26,4,6726,139,1,1,0,0
11,2023-10-27,5,5568,121,1,0,0,0
11,2023-10-28,6,9069,215,1,1,0,0
11,2023-10-29,7,0,0,0,0,0,0
11,2023-10-30,1,5014,113,1,0,0,0
11,2023-10-31,2,4722,112,1,0,0,0
11,2023-11-01,3,4892,107,1,0,0,0
11,2023-11-02,4,5026,106,1,0,0,0
11,2023-11-03,5,5541,130,1,0,0,0
11,2023-11-04,6,7535,168,1,0,0,0
11,2023-11-05,7,5618,123,1,0,0,0
11,2023-11-06,1,5000,112,1,0,0,0
11,2023-11-07,2,4336,95,1,0,0,0
11,2023-11-08,3,5572,101,1,1,0,0
11,2023-11-09,4,5451,114,1,0,0,0
11,2023-11-10,5,5342,122,1,0,0,0
11,2023-11-11,6,9097,176,1,1,0,0
11,2023-11-12,7,0,0,0,1,0,0
11,2023-11-13,1,4912,121,1,0,0,0
11,2023-11-14,2,4735,106,1,0,0,0
11,2023-11-15,3,5196,107,1,0,0,0
11,2023-11-16,4,4736,107,1,0,0,0
11,2023-11-17,5,7285,135,1,1,0,0
11,2023-11-18,6,9041,200,1,1,0,0
11,2023-11-19,7,0,0,0,0,0,0
11,2023-11-20,1,5885,136,1,1,0,0
11,2023-11-21,2,4351,96,1,0,0,0
11,2023-11-22,3,4532,102,1,0,0,0
11,2023-11-23,4,6246,153,1,1,0,0
11,2023-11-24,5,5983,122,1,0,0,0
11,2023-11-25,6,9221,203,1,1,0,0
11,2023-11-26,7,7880,185,1,1,0,0
11,2023-11-27,1,4863,89,1,0,0,0
11,2023-11-28,2,5105,119,1,0,0,0
11,2023-11-29,3,5313,116,1,0,0,0
11,2023-11-30,4,4874,108,1,0,0,0
11,2023-12-01,5,5677,125,1,0,0,0
11,2023-12-02,6,7012,176,1,0,0,0
11,2023-12-03,7,7358,161,1,1,0,0
11,2023-12-04,1,5254,127,1,0,0,0
11,2023-12-05,2,4593,98,1,0,0,0
11,2023-12-06,3,4668,92,1,0,0,0
11,2023-12-07,4,6048,145,1,1,0,0
11,2023-12-08,5,5554,124,1,0,0,0
11,2023-12-09,6,8651,181,1,0,0,0
11,2023-12-10,7,0,0,0,1,0,0
11,2023-12-11,1,4162,108,1,0,0,0
11,2023-12-12,2,4745,104,1,0,0,0
11,2023-12-13,3,6017,138,1,1,0,0
11,2023-12-14,4,5387,113,1,0,0,0
11,2023-12-15,5,6676,150,1,1,0,0
11,2023-12-16,6,6920,172,1,0,0,0
11,2023-12-17,7,0,0,0,0,0,0
11,2023-12-18,1,5874,129,1,1,0,0
11,2023-12-19,2,4916,124,1,0,0,0
11,2023-12-20,3,6119,115,1,1,0,0
11,2023-12-21,4,6750,140,1,1,0,0
11,2023-12-22,5,6817,150,1,1,0,0
11,2023-12-23,6,9533,205,1,1,0,0
11,2023-12-24,7,5613,129,1,0,0,0
11,2023-12-25,1,6282,140,1,1,a,0
11,2023-12-26,2,4649,99,1,0,0,0
11,2023-12-27,3,5208,124,1,0,0,0
11,2023-12-28,4,5652,119,1,1,0,0
11,2023-12-29,5,5470,128,1,0,0,0
11,2023-12-30,6,7749,165,1,0,0,0
11,2023-12-31,7,0,0,0,0,0,0
11,2024-01-01,1,4468,111,1,0,a,0
11,2024-01-02,2,5759,124,1,1,0,0
11,2024-01-03,3,5090,122,1,0,0,0
11,2024-01-04,4,4949,102,1,0,0,0
11,2024-01-05,5,7542,161,1,1,0,0
11,2024-01-06,6,7731,169,1,0,0,0
11,2024-01-07,7,0,0,0,0,0,0
11,2024-01-08,1,5143,122,1,0,0,0
11,2024-01-09,2,4660,108,1,0,0,0
11,2024-01-10,3,5374,134,1,0,0,0
11,2024-01-11,4,6805,156,1,1,0,0
11,2024-01-12,5,5675,146,1,0,0,0
11,2024-01-13,6,8435,204,1,1,0,0
11,2024-01-14,7,6597,148,1,1,0,0
11,2024-01-15,1,5141,126,1,0,0,0
11,2024-01-16,2,4405,100,1,0,0,0
11,2024-01-17,3,4779,110,1,0,0,0
11,2024-01-18,4,5298,117,1,0,0,0
11,2024-01-19,5,6686,147,1,1,0,0
11,2024-01-20,6,8252,175,1,0,0,0
11,2024-01-21,7,6067,129,1,0,0,0
11,2024-01-22,1,5269,109,1,0,0,0
11,2024-01-23,2,5049,112,1,0,0,0
11,2024-01-24,3,4381,89,1,0,0,0
11,2024-01-25,4,5376,120,1,0,0,0
11,2024-01-26,5,5725,125,1,0,0,0
11,2024-01-27,6,7346,147,1,0,0,0
11,2024-01-28,7,5998,142,1,0,0,0
11,2024-01-29,1,6467,146,1,1,0,0
11,2024-01-30,2,5202,114,1,0,0,0
11,2024-01-31,3,4727,99,1,0,0,0
11,2024-02-01,4,5211,115,1,0,0,0
11,2024-02-02,5,6141,141,1,0,0,0
11,2024-02-03,6,9130,203,1,1,0,0
11,2024-02-04,7,0,0,0,0,0,0
11,2024-02-05,1,4976,123,1,0,0,0
11,2024-02-06,2,6654,131,1,1,0,0
11,2024-02-07,3,6528,116,1,1,0,0
11,2024-02-08,4,5738,121,1,0,0,0
11,2024-02-09,5,6249,118,1,0,0,0
11,2024-02-10,6,9135,194,1,1,0,0
11,2024-02-11,7,6115,131,1,0,0,0
11,2024-02-12,1,6795,183,1,1,0,0
11,2024-02-13,2,5683,127,1,1,0,0
11,2024-02-14,3,6542,118,1,1,0,0
11,2024-02-15,4,5409,110,1,0,0,0
11,2024-02-16,5,7097,171,1,1,0,0
11,2024-02-17,6,7263,173,1,0,0,0
11,2024-02-18,7,7451,167,1,1,0,0
11,2024-02-19,1,5112,112,1,0,0,0
11,2024-02-20,2,5185,122,1,0,0,0
11,2024-02-21,3,5237,131,1,0,0,0
11,2024-02-22,4,4888,89,1,0,0,0
11,2024-02-23,5,6200,129,1,0,0,0
11,2024-02-24,6,9822,206,1,1,0,0
11,2024-02-25,7,0,0,0,0,0,0
11,2024-02-26,1,5980,142,1,1,0,0
11,2024-02-27,2,4617,91,1,0,0,0
11,2024-02-28,3,5330,103,1,0,0,0
11,2024-02-29,4,4733,98,1,0,0,0
11,2024-03-01,5,6093,133,1,0,0,0
11,2024-03-02,6,9075,211,1,1,0,0
11,2024-03-03,7,6139,137,1,0,0,0
11,2024-03-04,1,4106,101,1,0,0,0
11,2024-03-05,2,4415,118,1,0,0,0
11,2024-03-06,3,6117,139,1,1,0,0
11,2024-03-07,4,4994,120,1,0,0,0
11,2024-03-08,5,6004,139,1,0,0,0
11,2024-03-09,6,7552,166,1,0,0,0
11,2024-03-10,7,6649,144,1,0,0,0
11,2024-03-11,1,5089,118,1,0,0,0
11,2024-03-12,2,5868,130,1,1,0,0
11,2024-03-13,3,5384,118,1,0,0,0
11,2024-03-14,4,5119,108,1,0,0,0
11,2024-03-15,5,5643,143,1,0,0,0
11,2024-03-16,6,7451,168,1,0,0,0
11,2024-03-17,7,6564,143,1,0,0,0
11,2024-03-18,1,6538,157,1,1,0,0
11,2024-03-19,2,6385,152,1,1,0,0
11,2024-03-20,3,6975,149,1,1,0,0
11,2024-03-21,4,6888,138,1,1,0,0
11,2024-03-22,5,5446,117,1,0,0,0
11,2024-03-23,6,7663,152,1,0,0,0
11,2024-03-24,7,6575,159,1,0,0,0
11,2024-03-25,1,4599,84,1,0,0,0
11,2024-03-26,2,4864,108,1,0,0,0
11,2024-03-27,3,4818,104,1,0,0,0
11,2024-03-28,4,5291,115,1,0,0,0
11,2024-03-29,5,7677,183,1,1,0,0
11,2024-03-30,6,9970,227,1,1,0,0
11,2024-03-31,7,7544,145,1,1,0,0
11,2024-04-01,1,5150,127,1,0,0,0
11,2024-04-02,2,4509,92,1,0,0,0
11,2024-04-03,3,8374,165,1,0,0,0
11,2024-04-04,4,10008,226,1,0,0,0
11,2024-04-05,5,8892,161,1,0,0,0
11,2024-04-06,6,13011,316,1,0,0,0
11,2024-04-07,7,0,0,0,0,0,0
11,2024-04-08,1,2639,57,1,0,0,0
11,2024-04-09,2,7543,160,1,0,0,0
11,2024-04-10,3,0,0,0,0,b,0
11,2024-04-11,4,0,0,0,0,b,0
11,2024-04-12,5,5865,118,1,0,0,0
11,2024-04-13,6,7264,178,1,0,0,0
11,2024-04-14,7,5899,117,1,0,0,0
11,2024-04-15,1,4551,99,1,0,0,0
11,2024-04-16,2,6003,135,1,1,0,0
11,2024-04-17,3,6788,159,1,1,0,0
11,2024-04-18,4,5170,125,1,0,0,0
11,2024-04-19,5,5729,126,1,0,0,0
11,2024-04-20,6,7245,141,1,0,0,0
11,2024-04-21,7,5726,121,1,0,0,0
11,2024-04-22,1,4759,95,1,0,0,0
11,2024-04-23,2,4952,110,1,0,0,0
11,2024-04-24,3,5752,124,1,0,0,0
11,2024-04-25,4,5548,138,1,0,0,0
11,2024-04-26,5,7537,181,1,1,0,0
11,2024-04-27,6,8270,210,1,0,0,0
11,2024-04-28,7,0,0,0,1,0,0
11,2024-04-29,1,5286,119,1,0,0,0
11,2024-04-30,2,4958,111,1,0,0,0
11,2024-05-01,3,6557,139,1,1,0,0
11,2024-05-02,4,6157,130,1,1,0,0
11,2024-05-03,5,5767,124,1,0,0,0
11,2024-05-04,6,7321,184,1,0,0,0
11,2024-05-05,7,0,0,0,0,0,0
11,2024-05-06,1,4855,114,1,0,0,0
11,2024-05-07,2,6581,131,1,1,0,0
11,2024-05-08,3,6304,138,1,1,0,0
11,2024-05-09,4,5268,116,1,0,0,0
11,2024-05-10,5,6531,148,1,0,0,0
11,2024-05-11,6,7837,182,1,0,0,0
11,2024-05-12,7,0,0,0,0,0,0
11,2024-05-13,1,6623,156,1,1,0,0
11,2024-05-14,2,5946,123,1,1,0,0
11,2024-05-15,3,5037,106,1,0,0,0
11,2024-05-16,4,5219,111,1,0,0,0
11,2024-05-17,5,5949,129,1,0,0,0
11,2024-05-18,6,7732,164,1,0,0,0
11,2024-05-19,7,7332,147,1,1,0,0
11,2024-05-20,1,5142,120,1,0,0,0
11,2024-05-21,2,5078,104,1,0,0,0
11,2024-05-22,3,5033,119,1,0,0,0
11,2024-05-23,4,6599,156,1,1,0,0
11,2024-05-24,5,5550,108,1,0,0,0
11,2024-05-25,6,8746,202,1,1,0,0
11,2024-05-26,7,7268,161,1,1,0,0
11,2024-05-27,1,6537,133,1,1,0,0
11,2024-05-28,2,5066,110,1,0,0,0
11,2024-05-29,3,5659,131,1,0,0,0
11,2024-05-30,4,5342,130,1,0,0,0
11,2024-05-31,5,5909,121,1,0,0,0
11,2024-06-01,6,7707,183,1,0,0,1
11,2024-06-02,7,0,0,0,0,0,1
11,2024-06-03,1,5284,99,1,0,0,1
11,2024-06-04,2,6298,168,1,1,0,1
11,2024-06-05,3,4925,128,1,0,0,1
11,2024-06-06,4,5439,116,1,0,0,1
11,2024-06-07,5,7659,174,1,1,0,1
11,2024-06-08,6,8857,222,1,1,0,1
11,2024-06-09,7,8142,169,1,1,0,1
11,2024-06-10,1,6186,146,1,1,0,1
11,2024-06-11,2,5239,128,1,1,0,1
11,2024-06-12,3,5430,136,1,0,0,1
11,2024-06-13,4,5707,127,1,0,0,1
11,2024-06-14,5,5580,103,1,0,0,1
11,2024-06-15,6,6968,177,1,0,0,1
11,2024-06-16,7,6608,141,1,0,0,1
11,2024-06-17,1,4914,96,1,0,0,1
11,2024-06-18,2,5293,108,1,0,0,1
11,2024-06-19,3,4721,80,1,0,0,1
11,2024-06-20,4,5733,129,1,0,0,1
11,2024-06-21,5,7799,167,1,1,0,1
11,2024-06-22,6,7821,171,1,0,0,1
11,2024-06-23,7,6980,160,1,1,0,1
11,2024-06-24,1,4987,102,1,0,0,1
11,2024-06-25,2,6522,145,1,1,0,1
11,2024-06-26,3,5945,126,1,1,0,1
11,2024-06-27,4,5224,131,1,0,0,1
11,2024-06-28,5,6048,127,1,0,0,1
11,2024-06-29,6,7185,123,1,0,0,1
11,2024-06-30,7,8275,216,1,1,0,1
12,2022-01-01,6,3753,120,1,1,a,0
12,2022-01-02,7,0,0,0,1,0,0
12,2022-01-03,1,2309,70,1,0,0,0
12,2022-01-04,2,2150,63,1,0,0,0
12,2022-01-05,3,2498,66,1,1,0,0
12,2022-01-06,4,2316,69,1,0,0,0
12,2022-01-07,5,2613,65,1,0,0,0
12,2022-01-08,6,3311,89,1,0,0,0
12,2022-01-09,7,0,0,0,1,0,0
12,2022-01-10,1,2401,58,1,0,0,0
12,2022-01-11,2,2103,58,1,0,0,0
12,2022-01-12,3,2471,64,1,0,0,0
12,2022-01-13,4,2411,75,1,1,0,0
12,2022-01-14,5,2889,85,1,0,0,0
12,2022-01-15,6,3668,99,1,0,0,0
12,2022-01-16,7,3076,83,1,0,0,0
12,2022-01-17,1,2417,78,1,1,0,0
12,2022-01-18,2,2297,59,1,1,0,0
12,2022-01-19,3,2399,60,1,1,0,0
12,2022-01-20,4,2441,72,1,0,0,0
12,2022-01-21,5,2641,76,1,1,0,0
12,2022-01-22,6,2997,89,1,0,0,0
12,2022-01-23,7,2722,69,1,0,0,0
12,2022-01-24,1,2277,62,1,0,0,0
12,2022-01-25,2,2285,58,1,0,0,0
12,2022-01-26,3,2489,78,1,1,0,0
12,2022-01-27,4,2418,64,1,0,0,0
12,2022-01-28,5,2810,78,1,0,0,0
12,2022-01-29,6,3265,97,1,0,0,0
12,2022-01-30,7,2689,81,1,0,0,0
12,2022-01-31,1,2517,64,1,0,0,0
12,2022-02-01,2,1873,60,1,0,0,0
12,2022-02-02,3,2459,70,1,0,0,0
12,2022-02-03,4,2473,72,1,0,0,0
12,2022-02-04,5,2659,70,1,0,0,0
12,2022-02-05,6,3752,110,1,1,0,0
12,2022-02-06,7,0,0,0,0,0,0
12,2022-02-07,1,2221,64,1,1,0,0
12,2022-02-08,2,2229,57,1,1,0,0
12,2022-02-09,3,2391,60,1,1,0,0
12,2022-02-10,4,2155,55,1,0,0,0
12,2022-02-11,5,2663,79,1,0,0,0
12,2022-02-12,6,3713,109,1,1,0,0
12,2022-02-13,7,2956,97,1,0,0,0
12,2022-02-14,1,2295,72,1,0,0,0
12,2022-02-15,2,2152,58,1,0,0,0
12,2022-02-16,3,2364,72,1,0,0,0
12,2022-02-17,4,2526,73,1,1,0,0
12,2022-02-18,5,2774,67,1,0,0,0
12,2022-02-19,6,3426,100,1,0,0,0
12,2022-02-20,7,0,0,0,0,0,0
12,2022-02-21,1,2260,64,1,0,0,0
12,2022-02-22,2,2384,68,1,0,0,0
12,2022-02-23,3,2363,68,1,0,0,0
12,2022-02-24,4,2464,65,1,1,0,0
12,2022-02-25,5,2630,81,1,0,0,0
12,2022-02-26,6,3743,92,1,1,0,0
12,2022-02-27,7,0,0,0,0,0,0
12,2022-02-28,1,2280,70,1,0,0,0
12,2022-03-01,2,2364,71,1,0,0,0
12,2022-03-02,3,2407,70,1,0,0,0
12,2022-03-03,4,2399,63,1,1,0,0
12,2022-03-04,5,2858,81,1,1,0,0
12,2022-03-05,6,3215,97,1,0,0,0
12,2022-03-06,7,0,0,0,0,0,0
12,2022-03-07,1,2580,71,1,1,0,0
12,2022-03-08,2,2257,65,1,0,0,0
12,2022-03-09,3,2218,60,1,0,0,0
12,2022-03-10,4,2526,76,1,1,0,0
12,2022-03-11,5,2711,75,1,0,0,0
12,2022-03-12,6,3824,113,1,1,0,0
12,2022-03-13,7,0,0,0,0,0,0
12,2022-03-14,1,2287,65,1,1,0,0
12,2022-03-15,2,2216,61,1,0,0,0
12,2022-03-16,3,2402,67,1,0,0,0
12,2022-03-17,4,2360,69,1,0,0,0
12,2022-03-18,5,2757,86,1,0,0,0
12,2022-03-19,6,3226,95,1,0,0,0
12,2022-03-20,7,2856,85,1,0,0,0
12,2022-03-21,1,2426,66,1,0,0,0
12,2022-03-22,2,2376,63,1,1,0,0
12,2022-03-23,3,2381,59,1,0,0,0
12,2022-03-24,4,2541,77,1,0,0,0
12,2022-03-25,5,2635,79,1,0,0,0
12,2022-03-26,6,3574,94,1,0,0,0
12,2022-03-27,7,2821,76,1,0,0,0
12,2022-03-28,1,2207,73,1,0,0,0
12,2022-03-29,2,2481,80,1,1,0,0
12,2022-03-30,3,2530,73,1,0,0,0
12,2022-03-31,4,2584,69,1,0,0,0
12,2022-04-01,5,2963,79,1,1,0,0
12,2022-04-02,6,3739,109,1,1,0,0
12,2022-04-03,7,2881,82,1,0,0,0
12,2022-04-04,1,2421,77,1,1,0,0
12,2022-04-05,2,2190,65,1,0,0,0
12,2022-04-06,3,2230,76,1,1,0,0
12,2022-04-07,4,2255,55,1,0,0,0
12,2022-04-08,5,2707,76,1,0,0,0
12,2022-04-09,6,3420,109,1,1,0,0
12,2022-04-10,7,2894,77,1,0,0,0
12,2022-04-11,1,2523,80,1,0,0,0
12,2022-04-12,2,1904,61,1,0,0,0
12,2022-04-13,3,2258,65,1,0,0,0
12,2022-04-14,4,2719,86,1,0,0,0
12,2022-04-15,5,2823,86,1,0,0,0
12,2022-04-16,6,3466,86,1,0,0,0
12,2022-04-17,7,2765,81,1,0,0,0
12,2022-04-18,1,2393,70,1,0,0,0
12,2022-04-19,2,2385,56,1,0,0,0
12,2022-04-20,3,2227,63,1,0,0,0
12,2022-04-21,4,2771,78,1,1,0,0
12,2022-04-22,5,2769,86,1,0,0,0
12,2022-04-23,6,3656,104,1,0,0,0
12,2022-04-24,7,0,0,0,1,0,0
12,2022-04-25,1,4471,115,1,1,0,0
12,2022-04-26,2,4192,111,1,0,0,0
12,2022-04-27,3,4619,136,1,1,0,0
12,2022-04-28,4,4350,126,1,0,0,0
12,2022-04-29,5,5308,147,1,1,0,0
12,2022-04-30,6,6215,176,1,0,0,0
12,2022-05-01,7,5133,160,1,0,0,0
12,2022-05-02,1,0,0,0,0,b,0
12,2022-05-03,2,0,0,0,1,b,0
12,2022-05-04,3,2436,79,1,0,0,0
12,2022-05-05,4,2444,68,1,0,0,0
12,2022-05-06,5,2676,75,1,0,0,0
12,2022-05-07,6,4035,111,1,1,0,0
12,2022-05-08,7,2780,87,1,1,0,0
12,2022-05-09,1,2344,71,1,0,0,0
12,2022-05-10,2,2149,72,1,0,0,0
12,2022-05-11,3,2541,71,1,0,0,0
12,2022-05-12,4,2462,74,1,0,0,0
12,2022-05-13,5,2800,82,1,1,0,0
12,2022-05-14,6,3189,99,1,0,0,0
12,2022-05-15,7,0,0,0,0,0,0
12,2022-05-16,1,2187,57,1,0,0,0
12,2022-05-17,2,2347,58,1,0,0,0
12,2022-05-18,3,2507,74,1,0,0,0
12,2022-05-19,4,2743,78,1,0,0,0
12,2022-05-20,5,2660,74,1,0,0,0
12,2022-05-21,6,3367,98,1,0,0,0
12,2022-05-22,7,2806,82,1,0,0,0
12,2022-05-23,1,2278,66,1,0,0,0
12,2022-05-24,2,2079,62,1,0,0,0
12,2022-05-25,3,2726,78,1,1,0,0
12,2022-05-26,4,2427,66,1,0,0,0
12,2022-05-27,5,2719,77,1,0,0,0
12,2022-05-28,6,3817,112,1,1,0,0
12,2022-05-29,7,3072,91,1,0,0,0
12,2022-05-30,1,2214,60,1,0,0,0
12,2022-05-31,2,2340,65,1,0,0,0
12,2022-06-01,3,2258,62,1,0,0,1
12,2022-06-02,4,2525,74,1,0,0,1
12,2022-06-03,5,2786,76,1,0,0,1
12,2022-06-04,6,3620,108,1,1,0,1
12,2022-06-05,7,0,0,0,1,0,1
12,2022-06-06,1,2385,60,1,0,0,1
12,2022-06-07,2,2294,74,1,0,0,1
12,2022-06-08,3,2384,65,1,0,0,1
12,2022-06-09,4,2318,69,1,0,0,1
12,2022-06-10,5,2601,72,1,0,0,1
12,2022-06-11,6,3600,100,1,1,0,1
12,2022-06-12,7,0,0,0,0,0,1
12,2022-06-13,1,2407,73,1,1,0,1
12,2022-06-14,2,2414,62,1,1,0,1
12,2022-06-15,3,2545,86,1,1,0,1
12,2022-06-16,4,2563,73,1,0,0,1
12,2022-06-17,5,2777,84,1,0,0,1
12,2022-06-18,6,3565,97,1,0,0,1
12,2022-06-19,7,0,0,0,0,0,1
12,2022-06-20,1,2256,63,1,0,0,1
12,2022-06-21,2,2216,64,1,0,0,1
12,2022-06-22,3,2373,74,1,0,0,1
12,2022-06-23,4,2410,59,1,0,0,1
12,2022-06-24,5,2645,74,1,1,0,1
12,2022-06-25,6,3653,97,1,0,0,1
12,2022-06-26,7,2749,85,1,0,0,1
12,2022-06-27,1,2583,73,1,0,0,1
12,2022-06-28,2,2452,78,1,1,0,1
12,2022-06-29,3,2240,75,1,0,0,1
12,2022-06-30,4,2585,66,1,0,0,1
12,2022-07-01,5,2770,69,1,0,0,1
12,2022-07-02,6,3789,98,1,1,0,1
12,2022-07-03,7,2968,86,1,1,0,1
12,2022-07-04,1,2262,69,1,0,0,1
12,2022-07-05,2,2151,46,1,0,0,1
12,2022-07-06,3,2271,69,1,0,0,1
12,2022-07-07,4,2335,76,1,0,0,1
12,2022-07-08,5,2721,80,1,0,0,1
12,2022-07-09,6,3732,89,1,1,0,1
12,2022-07-10,7,0,0,0,1,0,1
12,2022-07-11,1,2484,68,1,0,0,1
12,2022-07-12,2,2341,63,1,0,0,1
12,2022-07-13,3,2726,81,1,0,0,1
12,2022-07-14,4,2583,81,1,1,0,1
12,2022-07-15,5,3240,86,1,1,0,1
12,2022-07-16,6,3703,109,1,0,0,1
12,2022-07-17,7,0,0,0,0,0,1
12,2022-07-18,1,2240,65,1,0,0,1
12,2022-07-19,2,2366,57,1,0,0,1
12,2022-07-20,3,2334,74,1,1,0,1
12,2022-07-21,4,2403,69,1,0,0,1
12,2022-07-22,5,2688,78,1,1,0,1
12,2022-07-23,6,3959,124,1,0,0,1
12,2022-07-24,7,3229,99,1,1,0,1
12,2022-07-25,1,2345,67,1,0,0,1
12,2022-07-26,2,2635,81,1,1,0,1
12,2022-07-27,3,2593,79,1,0,0,1
12,2022-07-28,4,2685,71,1,0,0,1
12,2022-07-29,5,2708,76,1,0,0,1
12,2022-07-30,6,3528,115,1,0,0,1
12,2022-07-31,7,2760,71,1,0,0,1
12,2022-08-01,1,2376,77,1,0,0,0
12,2022-08-02,2,2355,72,1,1,0,0
12,2022-08-03,3,2313,64,1,0,0,0
12,2022-08-04,4,2801,76,1,1,0,0
12,2022-08-05,5,3029,80,1,1,0,0
12,2022-08-06,6,3431,103,1,0,0,0
12,2022-08-07,7,3064,92,1,0,0,0
12,2022-08-08,1,2431,63,1,0,0,0
12,2022-08-09,2,2305,61,1,0,0,0
12,2022-08-10,3,2644,82,1,0,0,0
12,2022-08-11,4,2696,84,1,1,0,0
12,2022-08-12,5,3045,90,1,0,0,0
12,2022-08-13,6,3698,103,1,0,0,0
12,2022-08-14,7,0,0,0,0,0,0
12,2022-08-15,1,2383,66,1,1,0,0
12,2022-08-16,2,2281,66,1,0,0,0
12,2022-08-17,3,2632,74,1,0,a,0
12,2022-08-18,4,2681,70,1,0,0,0
12,2022-08-19,5,2751,78,1,0,0,0
12,2022-08-20,6,3527,100,1,1,0,0
12,2022-08-21,7,3339,107,1,1,0,0
12,2022-08-22,1,2531,68,1,0,0,0
12,2022-08-23,2,2216,63,1,0,0,0
12,2022-08-24,3,2317,62,1,0,0,0
12,2022-08-25,4,2771,78,1,0,0,0
12,2022-08-26,5,2735,76,1,0,0,0
12,2022-08-27,6,3521,104,1,0,0,0
12,2022-08-28,7,2841,78,1,0,0,0
12,2022-08-29,1,2573,76,1,1,0,0
12,2022-08-30,2,2190,67,1,0,0,0
12,2022-08-31,3,2616,71,1,1,0,0
12,2022-09-01,4,2364,66,1,0,0,0
12,2022-09-02,5,2615,68,1,0,0,0
12,2022-09-03,6,3537,102,1,1,0,0
12,2022-09-04,7,0,0,0,0,0,0
12,2022-09-05,1,2499,64,1,0,0,0
12,2022-09-06,2,2444,73,1,0,0,0
12,2022-09-07,3,2446,67,1,0,0,0
12,2022-09-08,4,2590,67,1,1,0,0
12,2022-09-09,5,3162,92,1,1,0,0
12,2022-09-10,6,3748,107,1,0,0,0
12,2022-09-11,7,2778,82,1,0,0,0
12,2022-09-12,1,2458,66,1,0,0,0
12,2022-09-13,2,2398,64,1,0,0,0
12,2022-09-14,3,2560,74,1,0,0,0
12,2022-09-15,4,2903,76,1,0,0,0
12,2022-09-16,5,2706,85,1,0,0,0
12,2022-09-17,6,3729,122,1,0,0,0
12,2022-09-18,7,0,0,0,0,0,0
12,2022-09-19,1,2628,81,1,0,0,0
12,2022-09-20,2,2389,63,1,0,0,0
12,2022-09-21,3,2429,73,1,1,0,0
12,2022-09-22,4,2444,67,1,1,0,0
12,2022-09-23,5,2943,88,1,0,0,0
12,2022-09-24,6,3697,102,1,0,0,0
12,2022-09-25,7,0,0,0,1,0,0
12,2022-09-26,1,2582,63,1,1,0,0
12,2022-09-27,2,2612,90,1,1,0,0
12,2022-09-28,3,2548,66,1,0,0,0
12,2022-09-29,4,2741,76,1,1,0,0
12,2022-09-30,5,2748,85,1,0,0,0
12,2022-10-01,6,4022,134,1,1,0,0
12,2022-10-02,7,0,0,0,1,0,0
12,2022-10-03,1,2547,61,1,0,0,0
12,2022-10-04,2,2445,75,1,1,0,0
12,2022-10-05,3,2557,75,1,0,0,0
12,2022-10-06,4,2932,89,1,1,0,0
12,2022-10-07,5,2930,79,1,0,0,0
12,2022-10-08,6,910,27,1,1,0,0
12,2022-10-09,7,2918,88,1,0,0,0
12,2022-10-10,1,2567,75,1,1,0,0
12,2022-10-11,2,2338,74,1,0,0,0
12,2022-10-12,3,2282,63,1,0,0,0
12,2022-10-13,4,2708,81,1,0,0,0
12,2022-10-14,5,3069,84,1,1,0,0
12,2022-10-15,6,3746,110,1,0,0,0
12,2022-10-16,7,3162,87,1,0,0,0
12,2022-10-17,1,2299,67,1,0,0,0
12,2022-10-18,2,2331,72,1,1,0,0
12,2022-10-19,3,2648,76,1,0,0,0
12,2022-10-20,4,2566,66,1,0,0,0
12,2022-10-21,5,2877,79,1,0,0,0
12,2022-10-22,6,3393,104,1,0,0,0
12,2022-10-23,7,3204,95,1,0,0,0
12,2022-10-24,1,2524,76,1,0,0,0
12,2022-10-25,2,2436,60,1,1,0,0
12,2022-10-26,3,2896,75,1,1,0,0
12,2022-10-27,4,2404,78,1,0,0,0
12,2022-10-28,5,2805,90,1,0,0,0
12,2022-10-29,6,3849,115,1,0,0,0
12,2022-10-30,7,3162,98,1,0,0,0
12,2022-10-31,1,2377,58,1,1,0,0
12,2022-11-01,2,2359,70,1,0,0,0
12,2022-11-02,3,2595,61,1,0,0,0
12,2022-11-03,4,2775,87,1,0,0,0
12,2022-11-04,5,3208,99,1,1,0,0
12,2022-11-05,6,3803,101,1,0,0,0
12,2022-11-06,7,3008,84,1,0,0,0
12,2022-11-07,1,2429,75,1,0,0,0
12,2022-11-08,2,2579,71,1,1,0,0
12,2022-11-09,3,2820,72,1,1,0,0
12,2022-11-10,4,2561,86,1,0,0,0
12,2022-11-11,5,2823,87,1,0,0,0
12,2022-11-12,6,4086,122,1,1,0,0
12,2022-11-13,7,3159,93,1,0,0,0
12,2022-11-14,1,2394,72,1,0,0,0
12,2022-11-15,2,2243,63,1,0,0,0
12,2022-11-16,3,2296,65,1,0,0,0
12,2022-11-17,4,2610,75,1,0,0,0
12,2022-11-18,5,2844,88,1,1,0,0
12,2022-11-19,6,3852,109,1,0,0,0
12,2022-11-20,7,0,0,0,0,0,0
12,2022-11-21,1,2791,82,1,1,0,0
12,2022-11-22,2,2365,67,1,0,0,0
12,2022-11-23,3,2415,67,1,0,0,0
12,2022-11-24,4,2528,72,1,0,0,0
12,2022-11-25,5,2885,94,1,1,0,0
12,2022-11-26,6,4172,122,1,1,0,0
12,2022-11-27,7,0,0,0,1,0,0
12,2022-11-28,1,2599,78,1,1,0,0
12,2022-11-29,2,2265,57,1,0,0,0
12,2022-11-30,3,2513,72,1,0,0,0
12,2022-12-01,4,2627,69,1,1,0,0
12,2022-12-02,5,2499,80,1,0,0,0
12,2022-12-03,6,3572,94,1,0,0,0
12,2022-12-04,7,3107,89,1,0,0,0
12,2022-12-05,1,2415,60,1,0,0,0
12,2022-12-06,2,2516,74,1,1,0,0
12,2022-12-07,3,2656,78,1,0,0,0
12,2022-12-08,4,2719,85,1,0,0,0
12,2022-12-09,5,3323,100,1,1,0,0
12,2022-12-10,6,3300,90,1,0,0,0
12,2022-12-11,7,0,0,0,0,0,0
12,2022-12-12,1,2585,73,1,0,0,0
12,2022-12-13,2,2594,59,1,1,0,0
12,2022-12-14,3,2668,74,1,1,0,0
12,2022-12-15,4,2659,79,1,1,0,0
12,2022-12-16,5,3066,91,1,1,0,0
12,2022-12-17,6,3745,117,1,0,0,0
12,2022-12-18,7,2883,76,1,1,0,0
12,2022-12-19,1,2628,80,1,1,0,0
12,2022-12-20,2,2360,66,1,0,0,0
12,2022-12-21,3,2640,62,1,0,0,0
12,2022-12-22,4,2794,83,1,1,0,0
12,2022-12-23,5,3334,88,1,1,0,0
12,2022-12-24,6,3906,111,1,1,0,0
12,2022-12-25,7,3010,88,1,1,a,0
12,2022-12-26,1,2172,50,1,0,0,0
12,2022-12-27,2,2313,72,1,0,0,0
12,2022-12-28,3,2585,70,1,0,0,0
12,2022-12-29,4,2704,74,1,0,0,0
12,2022-12-30,5,2950,87,1,1,0,0
12,2022-12-31,6,3646,79,1,0,0,0
12,2023-01-01,7,0,0,0,0,a,0
12,2023-01-02,1,2533,72,1,0,0,0
12,2023-01-03,2,2555,83,1,0,0,0
12,2023-01-04,3,2467,69,1,0,0,0
12,2023-01-05,4,2528,61,1,0,0,0
12,2023-01-06,5,3196,82,1,0,0,0
12,2023-01-07,6,4066,115,1,0,0,0
12,2023-01-08,7,3110,81,1,1,0,0
12,2023-01-09,1,2632,64,1,0,0,0
12,2023-01-10,2,2703,78,1,0,0,0
12,2023-01-11,3,2714,74,1,0,0,0
12,2023-01-12,4,2530,69,1,0,0,0
12,2023-01-13,5,2923,76,1,0,0,0
12,2023-01-14,6,3582,107,1,1,0,0
12,2023-01-15,7,0,0,0,1,0,0
12,2023-01-16,1,2492,63,1,0,0,0
12,2023-01-17,2,2466,72,1,0,0,0
12,2023-01-18,3,2585,70,1,1,0,0
12,2023-01-19,4,2386,65,1,1,0,0
12,2023-01-20,5,2941,84,1,0,0,0
12,2023-01-21,6,3882,116,1,0,0,0
12,2023-01-22,7,3170,84,1,0,0,0
12,2023-01-23,1,2473,71,1,0,0,0
12,2023-01-24,2,2427,72,1,0,0,0
12,2023-01-25,3,2587,81,1,0,0,0
12,2023-01-26,4,2693,77,1,0,0,0
12,2023-01-27,5,2904,78,1,0,0,0
12,2023-01-28,6,3482,94,1,1,0,0
12,2023-01-29,7,0,0,0,1,0,0
12,2023-01-30,1,2445,74,1,0,0,0
12,2023-01-31,2,2413,70,1,1,0,0
12,2023-02-01,3,2509,71,1,0,0,0
12,2023-02-02,4,2791,72,1,1,0,0
12,2023-02-03,5,2834,81,1,0,0,0
12,2023-02-04,6,3657,103,1,0,0,0
12,2023-02-05,7,3014,82,1,0,0,0
12,2023-02-06,1,2552,69,1,0,0,0
12,2023-02-07,2,2472,75,1,1,0,0
12,2023-02-08,3,2607,70,1,0,0,0
12,2023-02-09,4,2466,57,1,0,0,0
12,2023-02-10,5,3221,93,1,0,0,0
12,2023-02-11,6,3967,108,1,0,0,0
12,2023-02-12,7,0,0,0,0,0,0
12,2023-02-13,1,2553,69,1,0,0,0
12,2023-02-14,2,2428,65,1,1,0,0
12,2023-02-15,3,2773,80,1,1,0,0
12,2023-02-16,4,307,9,1,1,0,0
12,2023-02-17,5,2972,88,1,0,0,0
12,2023-02-18,6,4139,114,1,1,0,0
12,2023-02-19,7,3073,86,1,0,0,0
12,2023-02-20,1,2503,83,1,0,0,0
12,2023-02-21,2,2379,67,1,0,0,0
12,2023-02-22,3,2777,88,1,1,0,0
12,2023-02-23,4,2674,73,1,1,0,0
12,2023-02-24,5,3149,94,1,1,0,0
12,2023-02-25,6,4027,128,1,1,0,0
12,2023-02-26,7,3451,110,1,1,0,0
12,2023-02-27,1,2723,66,1,1,0,0
12,2023-02-28,2,2248,73,1,0,0,0
12,2023-03-01,3,2492,69,1,0,0,0
12,2023-03-02,4,2570,71,1,0,0,0
12,2023-03-03,5,2835,78,1,0,0,0
12,2023-03-04,6,3968,133,1,0,0,0
12,2023-03-05,7,0,0,0,0,0,0
12,2023-03-06,1,2704,76,1,0,0,0
12,2023-03-07,2,2722,78,1,1,0,0
12,2023-03-08,3,2736,79,1,1,0,0
12,2023-03-09,4,2713,81,1,0,0,0
12,2023-03-10,5,2959,79,1,0,0,0
12,2023-03-11,6,3821,112,1,0,0,0
12,2023-03-12,7,3264,84,1,0,0,0
12,2023-03-13,1,2626,69,1,1,0,0
12,2023-03-14,2,2547,74,1,0,0,0
12,2023-03-15,3,2474,75,1,0,0,0
12,2023-03-16,4,2879,95,1,1,0,0
12,2023-03-17,5,3059,80,1,1,0,0
12,2023-03-18,6,3879,120,1,0,0,0
12,2023-03-19,7,3110,80,1,1,0,0
12,2023-03-20,1,2590,67,1,0,0,0
12,2023-03-21,2,2472,70,1,0,0,0
12,2023-03-22,3,2793,87,1,0,0,0
12,2023-03-23,4,2710,78,1,0,0,0
12,2023-03-24,5,3031,89,1,0,0,0
12,2023-03-25,6,3720,114,1,0,0,0
12,2023-03-26,7,3149,92,1,0,0,0
12,2023-03-27,1,2727,86,1,1,0,0
12,2023-03-28,2,2438,72,1,0,0,0
12,2023-03-29,3,2539,87,1,0,0,0
12,2023-03-30,4,2701,77,1,1,0,0
12,2023-03-31,5,2952,88,1,0,0,0
12,2023-04-01,6,3871,107,1,1,0,0
12,2023-04-02,7,3151,82,1,0,0,0
12,2023-04-03,1,2441,59,1,0,0,0
12,2023-04-04,2,2471,57,1,0,0,0
12,2023-04-05,3,2477,70,1,0,0,0
12,2023-04-06,4,2839,93,1,0,0,0
12,2023-04-07,5,2972,91,1,0,0,0
12,2023-04-08,6,3820,112,1,0,0,0
12,2023-04-09,7,3204,89,1,0,0,0
12,2023-04-10,1,2772,87,1,0,0,0
12,2023-04-11,2,2500,76,1,0,0,0
12,2023-04-12,3,2410,60,1,0,0,0
12,2023-04-13,4,2848,87,1,0,0,0
12,2023-04-14,5,2772,75,1,0,0,0
12,2023-04-15,6,6712,194,1,0,0,0
12,2023-04-16,7,6241,162,1,1,0,0
12,2023-04-17,1,4514,149,1,0,0,0
12,2023-04-18,2,4580,119,1,1,0,0
12,2023-04-19,3,4761,147,1,0,0,0
12,2023-04-20,4,4852,152,1,0,0,0
12,2023-04-21,5,5175,154,1,0,0,0
12,2023-04-22,6,0,0,0,1,b,0
12,2023-04-23,7,0,0,0,0,b,0
12,2023-04-24,1,2732,77,1,0,0,0
12,2023-04-25,2,2568,67,1,0,0,0
12,2023-04-26,3,2521,75,1,0,0,0
12,2023-04-27,4,2529,75,1,0,0,0
12,2023-04-28,5,2638,71,1,0,0,0
12,2023-04-29,6,4035,118,1,0,0,0
12,2023-04-30,7,0,0,0,0,0,0
12,2023-05-01,1,2506,67,1,0,0,0
12,2023-05-02,2,2374,68,1,1,0,0
12,2023-05-03,3,2586,88,1,1,0,0
12,2023-05-04,4,2465,68,1,0,0,0
12,2023-05-05,5,3204,80,1,0,0,0
12,2023-05-06,6,4164,108,1,1,0,0
12,2023-05-07,7,0,0,0,0,0,0
12,2023-05-08,1,2773,83,1,0,0,0
12,2023-05-09,2,2537,67,1,1,0,0
12,2023-05-10,3,2668,78,1,0,0,0
12,2023-05-11,4,2755,76,1,0,0,0
12,2023-05-12,5,3129,88,1,1,0,0
12,2023-05-13,6,3792,93,1,0,0,0
12,2023-05-14,7,0,0,0,1,0,0
12,2023-05-15,1,2658,69,1,1,0,0
12,2023-05-16,2,2670,77,1,1,0,0
12,2023-05-17,3,2664,76,1,0,0,0
12,2023-05-18,4,2641,88,1,0,0,0
12,2023-05-19,5,3164,86,1,0,0,0
12,2023-05-20,6,3695,114,1,0,0,0
12,2023-05-21,7,3204,92,1,0,0,0
12,2023-05-22,1,2529,79,1,0,0,0
12,2023-05-23,2,2406,80,1,0,0,0
12,2023-05-24,3,2594,73,1,0,0,0
12,2023-05-25,4,2627,73,1,0,0,0
12,2023-05-26,5,3258,94,1,1,0,0
12,2023-05-27,6,4037,95,1,1,0,0
12,2023-05-28,7,0,0,0,1,0,0
12,2023-05-29,1,2454,64,1,0,0,0
12,2023-05-30,2,2355,64,1,1,0,0
12,2023-05-31,3,2821,77,1,1,0,0
12,2023-06-01,4,2956,90,1,0,0,1
12,2023-06-02,5,3082,88,1,0,0,1
12,2023-06-03,6,3687,101,1,0,0,1
12,2023-06-04,7,0,0,0,0,0,1
12,2023-06-05,1,2842,78,1,0,0,1
12,2023-06-06,2,2476,79,1,0,0,1
12,2023-06-07,3,2631,72,1,1,0,1
12,2023-06-08,4,2888,89,1,0,0,1
12,2023-06-09,5,2992,82,1,0,0,1
12,2023-06-10,6,3657,77,1,1,0,1
12,2023-06-11,7,0,0,0,0,0,1
12,2023-06-12,1,2794,75,1,1,0,1
12,2023-06-13,2,2337,72,1,0,0,1
12,2023-06-14,3,2970,82,1,1,0,1
12,2023-06-15,4,2588,68,1,0,0,1
12,2023-06-16,5,2852,80,1,0,0,1
12,2023-06-17,6,3709,111,1,0,0,1
12,2023-06-18,7,3645,96,1,1,0,1
12,2023-06-19,1,2997,86,1,1,0,1
12,2023-06-20,2,2463,66,1,0,0,1
12,2023-06-21,3,3018,95,1,1,0,1
12,2023-06-22,4,2423,80,1,0,0,1
12,2023-06-23,5,3162,94,1,0,0,1
12,2023-06-24,6,4362,115,1,1,0,1
12,2023-06-25,7,3408,92,1,0,0,1
12,2023-06-26,1,2604,73,1,0,0,1
12,2023-06-27,2,2739,66,1,1,0,1
12,2023-06-28,3,2686,82,1,1,0,1
12,2023-06-29,4,2881,68,1,1,0,1
12,2023-06-30,5,3154,77,1,1,0,1
12,2023-07-01,6,3852,102,1,0,0,1
12,2023-07-02,7,3523,90,1,1,0,1
12,2023-07-03,1,2626,81,1,0,0,1
12,2023-07-04,2,2894,83,1,1,0,1
12,2023-07-05,3,2690,77,1,0,0,1
12,2023-07-06,4,3045,91,1,0,0,1
12,2023-07-07,5,3220,108,1,0,0,1
12,2023-07-08,6,3885,103,1,0,0,1
12,2023-07-09,7,0,0,0,0,0,1
12,2023-07-10,1,2618,80,1,1,0,1
12,2023-07-11,2,2694,69,1,1,0,1
12,2023-07-12,3,2531,76,1,0,0,1
12,2023-07-13,4,3079,80,1,1,0,1
12,2023-07-14,5,2987,86,1,0,0,1
12,2023-07-15,6,3978,114,1,0,0,1
12,2023-07-16,7,0,0,0,0,0,1
12,2023-07-17,1,2701,71,1,1,0,1
12,2023-07-18,2,2627,80,1,1,0,1
12,2023-07-19,3,2789,84,1,0,0,1
12,2023-07-20,4,2826,74,1,0,0,1
12,2023-07-21,5,3199,100,1,0,0,1
12,2023-07-22,6,4002,118,1,0,0,1
12,2023-07-23,7,3387,104,1,0,0,1
12,2023-07-24,1,2666,70,1,0,0,1
12,2023-07-25,2,2378,65,1,0,0,1
12,2023-07-26,3,2791,75,1,1,0,1
12,2023-07-27,4,2753,87,1,0,0,1
12,2023-07-28,5,2551,73,1,0,0,1
12,2023-07-29,6,3722,99,1,0,0,1
12,2023-07-30,7,3698,100,1,1,0,1
12,2023-07-31,1,2709,68,1,1,0,1
12,2023-08-01,2,2672,83,1,1,0,0
12,2023-08-02,3,2384,77,1,0,0,0
12,2023-08-03,4,2706,67,1,1,0,0
12,2023-08-04,5,3128,87,1,0,0,0
12,2023-08-05,6,3837,105,1,0,0,0
12,2023-08-06,7,3024,79,1,0,0,0
12,2023-08-07,1,2790,81,1,0,0,0
12,2023-08-08,2,2596,85,1,1,0,0
12,2023-08-09,3,2630,77,1,1,0,0
12,2023-08-10,4,2773,107,1,0,0,0
12,2023-08-11,5,2935,87,1,0,0,0
12,2023-08-12,6,3774,108,1,0,0,0
12,2023-08-13,7,3197,86,1,0,0,0
12,2023-08-14,1,2540,80,1,0,0,0
12,2023-08-15,2,2470,69,1,1,0,0
12,2023-08-16,3,2897,87,1,1,0,0
12,2023-08-17,4,2892,81,1,0,a,0
12,2023-08-18,5,3177,96,1,1,0,0
12,2023-08-19,6,4063,98,1,0,0,0
12,2023-08-20,7,3153,98,1,0,0,0
12,2023-08-21,1,2378,72,1,0,0,0
12,2023-08-22,2,2686,72,1,0,0,0
12,2023-08-23,3,2809,83,1,1,0,0
12,2023-08-24,4,2798,78,1,0,0,0
12,2023-08-25,5,3053,73,1,0,0,0
12,2023-08-26,6,3912,98,1,0,0,0
12,2023-08-27,7,0,0,0,1,0,0
12,2023-08-28,1,2654,71,1,0,0,0
12,2023-08-29,2,2875,84,1,1,0,0
12,2023-08-30,3,2889,90,1,1,0,0
12,2023-08-31,4,2945,81,1,0,0,0
12,2023-09-01,5,3306,91,1,0,0,0
12,2023-09-02,6,3817,97,1,1,0,0
12,2023-09-03,7,0,0,0,0,0,0
12,2023-09-04,1,2860,86,1,1,0,0
12,2023-09-05,2,2642,71,1,0,0,0
12,2023-09-06,3,2831,83,1,0,0,0
12,2023-09-07,4,2886,88,1,1,0,0
12,2023-09-08,5,3331,78,1,1,0,0
12,2023-09-09,6,3939,120,1,1,0,0
12,2023-09-10,7,3000,78,1,0,0,0
12,2023-09-11,1,2847,86,1,1,0,0
12,2023-09-12,2,2703,88,1,1,0,0
12,2023-09-13,3,2836,71,1,1,0,0
12,2023-09-14,4,2679,75,1,0,0,0
12,2023-09-15,5,3145,92,1,0,0,0
12,2023-09-16,6,4077,128,1,1,0,0
12,2023-09-17,7,0,0,0,0,0,0
12,2023-09-18,1,2582,71,1,0,0,0
12,2023-09-19,2,2484,65,1,0,0,0
12,2023-09-20,3,2678,80,1,0,0,0
12,2023-09-21,4,2961,67,1,0,0,0
12,2023-09-22,5,3017,93,1,0,0,0
12,2023-09-23,6,4146,124,1,1,0,0
12,2023-09-24,7,0,0,0,0,0,0
12,2023-09-25,1,2566,71,1,0,0,0
12,2023-09-26,2,2751,78,1,0,0,0
12,2023-09-27,3,2526,64,1,0,0,0
12,2023-09-28,4,2788,80,1,0,0,0
12,2023-09-29,5,3113,89,1,1,0,0
12,2023-09-30,6,4093,108,1,0,0,0
12,2023-10-01,7,3429,110,1,1,0,0
12,2023-10-02,1,2812,69,1,0,0,0
12,2023-10-03,2,2692,73,1,0,0,0
12,2023-10-04,3,2726,90,1,0,0,0
12,2023-10-05,4,2908,74,1,0,0,0
12,2023-10-06,5,3391,104,1,1,0,0
12,2023-10-07,6,3995,110,1,1,0,0
12,2023-10-08,7,3375,104,1,0,0,0
12,2023-10-09,1,2698,77,1,0,0,0
12,2023-10-10,2,2664,80,1,0,0,0
12,2023-10-11,3,2664,76,1,0,0,0
12,2023-10-12,4,2823,81,1,1,0,0
12,2023-10-13,5,2944,84,1,0,0,0
12,2023-10-14,6,3478,101,1,1,0,0
12,2023-10-15,7,0,0,0,0,0,0
12,2023-10-16,1,2988,86,1,0,0,0
12,2023-10-17,2,2712,71,1,0,0,0
12,2023-10-18,3,2767,71,1,0,0,0
12,2023-10-19,4,3096,81,1,1,0,0
12,2023-10-20,5,3070,96,1,0,0,0
12,2023-10-21,6,4117,117,1,1,0,0
12,2023-10-22,7,3212,86,1,0,0,0
12,2023-10-23,1,2698,83,1,1,0,0
12,2023-10-24,2,2524,68,1,0,0,0
12,2023-10-25,3,2862,69,1,1,0,0
12,2023-10-26,4,2968,86,1,1,0,0
12,2023-10-27,5,3488,96,1,1,0,0
12,2023-10-28,6,4211,110,1,0,0,0
12,2023-10-29,7,3174,98,1,1,0,0
12,2023-10-30,1,2633,81,1,0,0,0
12,2023-10-31,2,2469,71,1,0,0,0
12,2023-11-01,3,2376,58,1,0,0,0
12,2023-11-02,4,2835,78,1,0,0,0
12,2023-11-03,5,3371,100,1,1,0,0
12,2023-11-04,6,4027,118,1,0,0,0
12,2023-11-05,7,0,0,0,0,0,0
12,2023-11-06,1,2631,74,1,0,0,0
12,2023-11-07,2,2483,67,1,0,0,0
12,2023-11-08,3,2687,79,1,0,0,0
12,2023-11-09,4,3020,88,1,0,0,0
12,2023-11-10,5,3184,90,1,0,0,0
12,2023-11-11,6,3713,120,1,0,0,0
12,2023-11-12,7,3462,98,1,1,0,0
12,2023-11-13,1,2994,79,1,1,0,0
12,2023-11-14,2,2858,71,1,1,0,0
12,2023-11-15,3,2918,80,1,0,0,0
12,2023-11-16,4,2621,64,1,0,0,0
12,2023-11-17,5,3150,94,1,0,0,0
12,2023-11-18,6,3955,105,1,0,0,0
12,2023-11-19,7,3378,100,1,0,0,0
12,2023-11-20,1,2571,75,1,0,0,0
12,2023-11-21,2,2512,81,1,0,0,0
12,2023-11-22,3,2745,78,1,0,0,0
12,2023-11-23,4,2841,92,1,1,0,0
12,2023-11-24,5,3176,81,1,0,0,0
12,2023-11-25,6,3621,98,1,0,0,0
12,2023-11-26,7,3479,98,1,0,0,0
12,2023-11-27,1,2315,71,1,0,0,0
12,2023-11-28,2,2749,94,1,0,0,0
12,2023-11-29,3,2670,63,1,0,0,0
12,2023-11-30,4,2635,91,1,0,0,0
12,2023-12-01,5,3325,99,1,1,0,0
12,2023-12-02,6,4428,128,1,1,0,0
12,2023-12-03,7,3482,98,1,0,0,0
12,2023-12-04,1,2845,75,1,0,0,0
12,2023-12-05,2,2521,70,1,0,0,0
12,2023-12-06,3,2922,80,1,1,0,0
12,2023-12-07,4,2592,68,1,0,0,0
12,2023-12-08,5,3158,95,1,0,0,0
12,2023-12-09,6,4114,113,1,0,0,0
12,2023-12-10,7,3235,95,1,0,0,0
12,2023-12-11,1,2573,77,1,1,0,0
12,2023-12-12,2,2560,77,1,0,0,0
12,2023-12-13,3,3022,86,1,0,0,0
12,2023-12-14,4,2906,80,1,0,0,0
12,2023-12-15,5,3074,94,1,0,0,0
12,2023-12-16,6,4220,128,1,1,0,0
12,2023-12-17,7,0,0,0,1,0,0
12,2023-12-18,1,2493,62,1,0,0,0
12,2023-12-19,2,2445,58,1,0,0,0
12,2023-12-20,3,2662,86,1,0,0,0
12,2023-12-21,4,2781,81,1,0,0,0
12,2023-12-22,5,3439,90,1,0,0,0
12,2023-12-23,6,4072,99,1,0,0,0
12,2023-12-24,7,3222,101,1,0,0,0
12,2023-12-25,1,2714,76,1,0,a,0
12,2023-12-26,2,2379,74,1,0,0,0
12,2023-12-27,3,2775,77,1,1,0,0
12,2023-12-28,4,2752,92,1,0,0,0
12,2023-12-29,5,3149,98,1,1,0,0
12,2023-12-30,6,4316,110,1,0,0,0
12,2023-12-31,7,0,0,0,0,0,0
12,2024-01-01,1,2674,69,1,1,a,0
12,2024-01-02,2,2483,73,1,0,0,0
12,2024-01-03,3,2728,83,1,1,0,0
12,2024-01-04,4,2837,78,1,0,0,0
12,2024-01-05,5,3197,82,1,0,0,0
12,2024-01-06,6,4156,104,1,0,0,0
12,2024-01-07,7,3150,88,1,0,0,0
12,2024-01-08,1,2691,81,1,0,0,0
12,2024-01-09,2,2648,79,1,0,0,0
12,2024-01-10,3,2943,85,1,0,0,0
12,2024-01-11,4,2979,85,1,0,0,0
12,2024-01-12,5,2943,84,1,0,0,0
12,2024-01-13,6,3694,95,1,0,0,0
12,2024-01-14,7,0,0,0,0,0,0
12,2024-01-15,1,2633,80,1,0,0,0
12,2024-01-16,2,2659,82,1,1,0,0
12,2024-01-17,3,2810,77,1,1,0,0
12,2024-01-18,4,2956,83,1,0,0,0
12,2024-01-19,5,3084,86,1,1,0,0
12,2024-01-20,6,4462,128,1,0,0,0
12,2024-01-21,7,3370,105,1,1,0,0
12,2024-01-22,1,2951,88,1,1,0,0
12,2024-01-23,2,2704,66,1,1,0,0
12,2024-01-24,3,2574,78,1,0,0,0
12,2024-01-25,4,2856,67,1,0,0,0
12,2024-01-26,5,2981,86,1,0,0,0
12,2024-01-27,6,4327,120,1,1,0,0
12,2024-01-28,7,3330,90,1,0,0,0
12,2024-01-29,1,2765,65,1,1,0,0
12,2024-01-30,2,2689,76,1,0,0,0
12,2024-01-31,3,3082,86,1,1,0,0
12,2024-02-01,4,2866,75,1,0,0,0
12,2024-02-02,5,3070,88,1,0,0,0
12,2024-02-03,6,4179,114,1,0,0,0
12,2024-02-04,7,3413,100,1,0,0,0
12,2024-02-05,1,2694,78,1,0,0,0
12,2024-02-06,2,2999,87,1,1,0,0
12,2024-02-07,3,2753,86,1,0,0,0
12,2024-02-08,4,3101,75,1,0,0,0
12,2024-02-09,5,3241,89,1,1,0,0
12,2024-02-10,6,4278,114,1,0,0,0
12,2024-02-11,7,3473,99,1,1,0,0
12,2024-02-12,1,2912,90,1,1,0,0
12,2024-02-13,2,2406,77,1,0,0,0
12,2024-02-14,3,3103,84,1,0,0,0
12,2024-02-15,4,2937,85,1,0,0,0
12,2024-02-16,5,3527,110,1,1,0,0
12,2024-02-17,6,3827,97,1,0,0,0
12,2024-02-18,7,0,0,0,0,0,0
12,2024-02-19,1,2853,84,1,1,0,0
12,2024-02-20,2,2539,76,1,0,0,0
12,2024-02-21,3,3133,85,1,1,0,0
12,2024-02-22,4,3063,94,1,1,0,0
12,2024-02-23,5,3192,101,1,0,0,0
12,2024-02-24,6,4458,128,1,1,0,0
12,2024-02-25,7,3372,98,1,1,0,0
12,2024-02-26,1,2768,73,1,0,0,0
12,2024-02-27,2,2697,82,1,0,0,0
12,2024-02-28,3,2827,83,1,0,0,0
12,2024-02-29,4,3049,98,1,0,0,0
12,2024-03-01,5,3295,86,1,1,0,0
12,2024-03-02,6,4014,117,1,0,0,0
12,2024-03-03,7,3257,99,1,0,0,0
12,2024-03-04,1,2660,83,1,0,0,0
12,2024-03-05,2,2838,79,1,0,0,0
12,2024-03-06,3,2943,82,1,1,0,0
12,2024-03-07,4,3206,94,1,1,0,0
12,2024-03-08,5,3255,100,1,0,0,0
12,2024-03-09,6,3949,109,1,0,0,0
12,2024-03-10,7,0,0,0,0,0,0
12,2024-03-11,1,2554,78,1,0,0,0
12,2024-03-12,2,2574,73,1,0,0,0
12,2024-03-13,3,2960,76,1,0,0,0
12,2024-03-14,4,3254,93,1,1,0,0
12,2024-03-15,5,3231,90,1,0,0,0
12,2024-03-16,6,4544,142,1,1,0,0
12,2024-03-17,7,3277,88,1,0,0,0
12,2024-03-18,1,2672,79,1,0,0,0
12,2024-03-19,2,2942,85,1,1,0,0
12,2024-03-20,3,2845,82,1,0,0,0
12,2024-03-21,4,3172,102,1,1,0,0
12,2024-03-22,5,3230,106,1,0,0,0
12,2024-03-23,6,4065,123,1,0,0,0
12,2024-03-24,7,0,0,0,1,0,0
12,2024-03-25,1,2805,82,1,0,0,0
12,2024-03-26,2,2871,87,1,1,0,0
12,2024-03-27,3,2829,82,1,1,0,0
12,2024-03-28,4,2901,86,1,0,0,0
12,2024-03-29,5,2981,75,1,0,0,0
12,2024-03-30,6,4077,126,1,0,0,0
12,2024-03-31,7,3226,106,1,0,0,0
12,2024-04-01,1,2463,74,1,1,0,0
12,2024-04-02,2,3006,87,1,0,0,0
12,2024-04-03,3,4898,180,1,0,0,0
12,2024-04-04,4,5265,139,1,1,0,0
12,2024-04-05,5,6289,198,1,0,0,0
12,2024-04-06,6,7394,200,1,1,0,0
12,2024-04-07,7,5654,180,1,0,0,0
12,2024-04-08,1,5185,129,1,1,0,0
12,2024-04-09,2,4759,152,1,0,0,0
12,2024-04-10,3,0,0,0,0,b,0
12,2024-04-11,4,0,0,0,0,b,0
12,2024-04-12,5,3206,84,1,0,0,0
12,2024-04-13,6,4728,147,1,1,0,0
12,2024-04-14,7,3119,107,1,0,0,0
12,2024-04-15,1,3037,89,1,1,0,0
12,2024-04-16,2,2923,81,1,0,0,0
12,2024-04-17,3,2750,85,1,0,0,0
12,2024-04-18,4,2987,67,1,0,0,0
12,2024-04-19,5,3222,105,1,0,0,0
12,2024-04-20,6,3810,114,1,0,0,0
12,2024-04-21,7,3605,112,1,0,0,0
12,2024-04-22,1,2925,88,1,1,0,0
12,2024-04-23,2,2648,81,1,0,0,0
12,2024-04-24,3,2627,73,1,0,0,0
12,2024-04-25,4,3013,80,1,0,0,0
12,2024-04-26,5,3271,81,1,0,0,0
12,2024-04-27,6,4517,137,1,1,0,0
12,2024-04-28,7,0,0,0,0,0,0
12,2024-04-29,1,2672,81,1,0,0,0
12,2024-04-30,2,2258,65,1,0,0,0
12,2024-05-01,3,2832,71,1,0,0,0
12,2024-05-02,4,2915,77,1,0,0,0
12,2024-05-03,5,3278,109,1,0,0,0
12,2024-05-04,6,4499,137,1,0,0,0
12,2024-05-05,7,3400,82,1,0,0,0
12,2024-05-06,1,3030,86,1,1,0,0
12,2024-05-07,2,2779,78,1,0,0,0
12,2024-05-08,3,2788,77,1,1,0,0
12,2024-05-09,4,2756,64,1,0,0,0
12,2024-05-10,5,3617,108,1,1,0,0
12,2024-05-11,6,4004,121,1,0,0,0
12,2024-05-12,7,3476,92,1,0,0,0
12,2024-05-13,1,2650,56,1,0,0,0
12,2024-05-14,2,2834,81,1,0,0,0
12,2024-05-15,3,2892,95,1,0,0,0
12,2024-05-16,4,2907,82,1,0,0,0
12,2024-05-17,5,3371,88,1,0,0,0
12,2024-05-18,6,4249,136,1,0,0,0
12,2024-05-19,7,3295,107,1,0,0,0
12,2024-05-20,1,2939,80,1,1,0,0
12,2024-05-21,2,2828,85,1,0,0,0
12,2024-05-22,3,3020,86,1,0,0,0
12,2024-05-23,4,2936,85,1,0,0,0
12,2024-05-24,5,3559,100,1,0,0,0
12,2024-05-25,6,4045,106,1,0,0,0
12,2024-05-26,7,3315,86,1,1,0,0
12,2024-05-27,1,2604,68,1,0,0,0
12,2024-05-28,2,2739,77,1,0,0,0
12,2024-05-29,3,2867,87,1,0,0,0
12,2024-05-30,4,2978,97,1,0,0,0
12,2024-05-31,5,3321,97,1,1,0,0
12,2024-06-01,6,4910,131,1,1,0,1
12,2024-06-02,7,0,0,0,0,0,1
12,2024-06-03,1,2646,84,1,0,0,1
12,2024-06-04,2,2731,89,1,0,0,1
12,2024-06-05,3,2877,74,1,0,0,1
12,2024-06-06,4,3066,82,1,0,0,1
12,2024-06-07,5,3179,91,1,1,0,1
12,2024-06-08,6,3853,127,1,0,0,1
12,2024-06-09,7,0,0,0,0,0,1
12,2024-06-10,1,3022,86,1,0,0,1
12,2024-06-11,2,2792,84,1,1,0,1
12,2024-06-12,3,2991,93,1,0,0,1
12,2024-06-13,4,3209,87,1,1,0,1
12,2024-06-14,5,3253,90,1,0,0,1
12,2024-06-15,6,4395,133,1,0,0,1
12,2024-06-16,7,3390,91,1,1,0,1
12,2024-06-17,1,2886,87,1,1,0,1
12,2024-06-18,2,2448,76,1,0,0,1
12,2024-06-19,3,2893,81,1,0,0,1
12,2024-06-20,4,2998,83,1,1,0,1
12,2024-06-21,5,3647,100,1,0,0,1
12,2024-06-22,6,4240,130,1,0,0,1
12,2024-06-23,7,3766,119,1,1,0,1
12,2024-06-24,1,2911,85,1,0,0,1
12,2024-06-25,2,2747,73,1,0,0,1
12,2024-06-26,3,3026,83,1,0,0,1
12,2024-06-27,4,2983,88,1,0,0,1
12,2024-06-28,5,3371,79,1,0,0,1
12,2024-06-29,6,4733,117,1,0,0,1
12,2024-06-30,7,3484,96,1,0,0,1
13,2022-01-01,6,5980,163,1,0,a,0
13,2022-01-02,7,4829,112,1,0,0,0
13,2022-01-03,1,4080,85,1,0,0,0
13,2022-01-04,2,4635,118,1,1,0,0
13,2022-01-05,3,4203,116,1,0,0,0
13,2022-01-06,4,4584,112,1,1,0,0
13,2022-01-07,5,4244,96,1,0,0,0
13,2022-01-08,6,6735,157,1,1,0,0
13,2022-01-09,7,5031,112,1,0,0,0
13,2022-01-10,1,4118,123,1,0,0,0
13,2022-01-11,2,4722,107,1,1,0,0
13,2022-01-12,3,4916,122,1,1,0,0
13,2022-01-13,4,4228,100,1,0,0,0
13,2022-01-14,5,5232,139,1,1,0,0
13,2022-01-15,6,6327,153,1,0,0,0
13,2022-01-16,7,5845,135,1,1,0,0
13,2022-01-17,1,3888,110,1,0,0,0
13,2022-01-18,2,4148,94,1,0,0,0
13,2022-01-19,3,4408,112,1,0,0,0
13,2022-01-20,4,4516,106,1,0,0,0
13,2022-01-21,5,5791,134,1,1,0,0
13,2022-01-22,6,5946,130,1,0,0,0
13,2022-01-23,7,5250,122,1,0,0,0
13,2022-01-24,1,4088,101,1,0,0,0
13,2022-01-25,2,514,11,1,0,0,0
13,2022-01-26,3,4403,115,1,0,0,0
13,2022-01-27,4,4447,110,1,0,0,0
13,2022-01-28,5,6010,133,1,1,0,0
13,2022-01-29,6,6033,149,1,0,0,0
13,2022-01-30,7,5184,131,1,0,0,0
13,2022-01-31,1,5279,134,1,1,0,0
13,2022-02-01,2,4202,102,1,0,0,0
13,2022-02-02,3,4893,126,1,1,0,0
13,2022-02-03,4,4948,116,1,1,0,0
13,2022-02-04,5,4589,108,1,0,0,0
13,2022-02-05,6,6112,142,1,0,0,0
13,2022-02-06,7,0,0,0,0,0,0
13,2022-02-07,1,4089,99,1,0,0,0
13,2022-02-08,2,4627,122,1,1,0,0
13,2022-02-09,3,4440,98,1,0,0,0
13,2022-02-10,4,4281,124,1,0,0,0
13,2022-02-11,5,4687,102,1,0,0,0
13,2022-02-12,6,6489,163,1,0,0,0
13,2022-02-13,7,5240,143,1,0,0,0
13,2022-02-14,1,4708,137,1,1,0,0
13,2022-02-15,2,4175,108,1,0,0,0
13,2022-02-16,3,4183,110,1,0,0,0
13,2022-02-17,4,4331,104,1,0,0,0
13,2022-02-18,5,5999,156,1,1,0,0
13,2022-02-19,6,6182,151,1,0,0,0
13,2022-02-20,7,5716,137,1,1,0,0
13,2022-02-21,1,4156,100,1,0,0,0
13,2022-02-22,2,4211,103,1,1,0,0
13,2022-02-23,3,4211,105,1,0,0,0
13,2022-02-24,4,4442,95,1,0,0,0
13,2022-02-25,5,5330,142,1,0,0,0
13,2022-02-26,6,6266,153,1,0,0,0
13,2022-02-27,7,0,0,0,0,0,0
13,2022-02-28,1,4232,107,1,0,0,0
13,2022-03-01,2,4530,119,1,0,0,0
13,2022-03-02,3,4468,99,1,0,0,0
13,2022-03-03,4,4687,121,1,1,0,0
13,2022-03-04,5,5157,120,1,0,0,0
13,2022-03-05,6,6846,167,1,1,0,0
13,2022-03-06,7,4926,121,1,0,0,0
13,2022-03-07,1,3897,93,1,0,0,0
13,2022-03-08,2,4448,105,1,0,0,0
13,2022-03-09,3,4516,113,1,0,0,0
13,2022-03-10,4,5375,117,1,1,0,0
13,2022-03-11,5,5120,121,1,0,0,0
13,2022-03-12,6,7448,154,1,1,0,0
13,2022-03-13,7,5774,133,1,1,0,0
13,2022-03-14,1,4219,94,1,0,0,0
13,2022-03-15,2,4575,106,1,1,0,0
13,2022-03-16,3,4089,100,1,0,0,0
13,2022-03-17,4,4911,125,1,1,0,0
13,2022-03-18,5,6269,175,1,1,0,0
13,2022-03-19,6,6152,153,1,0,0,0
13,2022-03-20,7,0,0,0,1,0,0
13,2022-03-21,1,4618,107,1,0,0,0
13,2022-03-22,2,4252,96,1,0,0,0
13,2022-03-23,3,4110,90,1,0,0,0
13,2022-03-24,4,4257,114,1,0,0,0
13,2022-03-25,5,4915,123,1,0,0,0
13,2022-03-26,6,8042,204,1,1,0,0
13,2022-03-27,7,0,0,0,0,0,0
13,2022-03-28,1,4304,107,1,0,0,0
13,2022-03-29,2,4058,105,1,0,0,0
13,2022-03-30,3,4368,108,1,0,0,0
13,2022-03-31,4,5140,121,1,1,0,0
13,2022-04-01,5,5681,153,1,1,0,0
13,2022-04-02,6,6923,184,1,1,0,0
13,2022-04-03,7,4902,118,1,0,0,0
13,2022-04-04,1,4268,106,1,0,0,0
13,2022-04-05,2,4449,107,1,1,0,0
13,2022-04-06,3,4785,102,1,1,0,0
13,2022-04-07,4,4443,99,1,0,0,0
13,2022-04-08,5,4986,110,1,0,0,0
13,2022-04-09,6,7658,199,1,1,0,0
13,2022-04-10,7,5542,123,1,1,0,0
13,2022-04-11,1,3944,93,1,0,0,0
13,2022-04-12,2,5041,126,1,1,0,0
13,2022-04-13,3,4664,108,1,0,0,0
13,2022-04-14,4,4213,110,1,0,0,0
13,2022-04-15,5,4706,114,1,0,0,0
13,2022-04-16,6,6492,145,1,0,0,0
13,2022-04-17,7,5163,141,1,0,0,0
13,2022-04-18,1,4227,109,1,0,0,0
13,2022-04-19,2,3962,102,1,0,0,0
13,2022-04-20,3,5136,127,1,1,0,0
13,2022-04-21,4,5060,125,1,1,0,0
13,2022-04-22,5,4856,119,1,0,0,0
13,2022-04-23,6,5973,137,1,0,0,0
13,2022-04-24,7,0,0,0,1,0,0
13,2022-04-25,1,7464,182,1,0,0,0
13,2022-04-26,2,8530,209,1,1,0,0
13,2022-04-27,3,9473,247,1,1,0,0
13,2022-04-28,4,7610,176,1,0,0,0
13,2022-04-29,5,10165,292,1,1,0,0
13,2022-04-30,6,12107,312,1,1,0,0
13,2022-05-01,7,0,0,0,0,0,0
13,2022-05-02,1,0,0,0,0,b,0
13,2022-05-03,2,0,0,0,0,b,0
13,2022-05-04,3,4378,110,1,0,0,0
13,2022-05-05,4,4828,116,1,0,0,0
13,2022-05-06,5,5077,125,1,0,0,0
13,2022-05-07,6,6169,153,1,0,0,0
13,2022-05-08,7,5625,129,1,1,0,0
13,2022-05-09,1,3830,93,1,0,0,0
13,2022-05-10,2,4470,115,1,0,0,0
13,2022-05-11,3,4244,108,1,0,0,0
13,2022-05-12,4,4074,94,1,0,0,0
13,2022-05-13,5,4698,118,1,0,0,0
13,2022-05-14,6,6023,148,1,0,0,0
13,2022-05-15,7,5060,127,1,0,0,0
13,2022-05-16,1,5467,128,1,1,0,0
13,2022-05-17,2,4997,126,1,1,0,0
13,2022-05-18,3,4448,107,1,0,0,0
13,2022-05-19,4,4755,114,1,0,0,0
13,2022-05-20,5,5414,147,1,0,0,0
13,2022-05-21,6,7529,185,1,1,0,0
13,2022-05-22,7,5573,133,1,0,0,0
13,2022-05-23,1,4736,129,1,1,0,0
13,2022-05-24,2,3982,96,1,0,0,0
13,2022-05-25,3,4127,108,1,0,0,0
13,2022-05-26,4,4560,119,1,0,0,0
13,2022-05-27,5,4963,119,1,1,0,0
13,2022-05-28,6,7835,172,1,1,0,0
13,2022-05-29,7,5080,139,1,0,0,0
13,2022-05-30,1,4438,107,1,0,0,0
13,2022-05-31,2,3879,102,1,0,0,0
13,2022-06-01,3,4602,110,1,0,0,1
13,2022-06-02,4,5536,135,1,1,0,1
13,2022-06-03,5,5754,130,1,1,0,1
13,2022-06-04,6,7557,164,1,1,0,1
13,2022-06-05,7,5693,162,1,1,0,1
13,2022-06-06,1,4280,117,1,0,0,1
13,2022-06-07,2,5036,125,1,1,0,1
13,2022-06-08,3,4946,136,1,1,0,1
13,2022-06-09,4,4855,105,1,0,0,1
13,2022-06-10,5,5224,149,1,1,0,1
13,2022-06-11,6,6308,139,1,0,0,1
13,2022-06-12,7,5434,133,1,1,0,1
13,2022-06-13,1,4346,121,1,0,0,1
13,2022-06-14,2,4140,98,1,0,0,1
13,2022-06-15,3,4337,99,1,0,0,1
13,2022-06-16,4,4687,117,1,0,0,1
13,2022-06-17,5,4925,133,1,0,0,1
13,2022-06-18,6,7327,185,1,0,0,1
13,2022-06-19,7,5449,136,1,0,0,1
13,2022-06-20,1,4292,88,1,0,0,1
13,2022-06-21,2,4658,106,1,1,0,1
13,2022-06-22,3,4811,114,1,1,0,1
13,2022-06-23,4,4627,108,1,0,0,1
13,2022-06-24,5,5605,125,1,1,0,1
13,2022-06-25,6,6756,162,1,0,0,1
13,2022-06-26,7,0,0,0,1,0,1
13,2022-06-27,1,4277,96,1,0,0,1
13,2022-06-28,2,4224,112,1,0,0,1
13,2022-06-29,3,4358,103,1,0,0,1
13,2022-06-30,4,4599,115,1,0,0,1
13,2022-07-01,5,6364,152,1,1,0,1
13,2022-07-02,6,7617,192,1,1,0,1
13,2022-07-03,7,5367,113,1,0,0,1
13,2022-07-04,1,4471,104,1,0,0,1
13,2022-07-05,2,4812,103,1,1,0,1
13,2022-07-06,3,4816,111,1,1,0,1
13,2022-07-07,4,3858,84,1,0,0,1
13,2022-07-08,5,4509,114,1,0,0,1
13,2022-07-09,6,6703,174,1,0,0,1
13,2022-07-10,7,5363,140,1,0,0,1
13,2022-07-11,1,4278,101,1,0,0,1
13,2022-07-12,2,4713,116,1,0,0,1
13,2022-07-13,3,5060,121,1,1,0,1
13,2022-07-14,4,4015,87,1,0,0,1
13,2022-07-15,5,6005,163,1,1,0,1
13,2022-07-16,6,7876,165,1,1,0,1
13,2022-07-17,7,0,0,0,1,0,1
13,2022-07-18,1,4571,100,1,0,0,1
13,2022-07-19,2,4428,114,1,1,0,1
13,2022-07-20,3,4437,95,1,0,0,1
13,2022-07-21,4,4372,105,1,0,0,1
13,2022-07-22,5,5174,135,1,0,0,1
13,2022-07-23,6,6977,165,1,0,0,1
13,2022-07-24,7,0,0,0,1,0,1
13,2022-07-25,1,5136,119,1,1,0,1
13,2022-07-26,2,4045,87,1,0,0,1
13,2022-07-27,3,4420,99,1,0,0,1
13,2022-07-28,4,4452,117,1,0,0,1
13,2022-07-29,5,5506,134,1,0,0,1
13,2022-07-30,6,7067,184,1,1,0,1
13,2022-07-31,7,0,0,0,0,0,1
13,2022-08-01,1,5324,144,1,1,0,0
13,2022-08-02,2,3826,86,1,0,0,0
13,2022-08-03,3,4527,102,1,0,0,0
13,2022-08-04,4,4603,104,1,0,0,0
13,2022-08-05,5,4888,120,1,0,0,0
13,2022-08-06,6,6904,192,1,0,0,0
13,2022-08-07,7,0,0,0,1,0,0
13,2022-08-08,1,5156,128,1,1,0,0
13,2022-08-09,2,4183,103,1,0,0,0
13,2022-08-10,3,4119,96,1,0,0,0
13,2022-08-11,4,4627,105,1,0,0,0
13,2022-08-12,5,5031,114,1,0,0,0
13,2022-08-13,6,6490,118,1,0,0,0
13,2022-08-14,7,0,0,0,0,0,0
13,2022-08-15,1,4855,129,1,1,0,0
13,2022-08-16,2,4898,115,1,1,0,0
13,2022-08-17,3,4800,107,1,1,a,0
13,2022-08-18,4,4832,97,1,0,0,0
13,2022-08-19,5,5618,153,1,1,0,0
13,2022-08-20,6,6568,171,1,0,0,0
13,2022-08-21,7,0,0,0,0,0,0
13,2022-08-22,1,5173,103,1,1,0,0
13,2022-08-23,2,4388,116,1,0,0,0
13,2022-08-24,3,4569,111,1,0,0,0
13,2022-08-25,4,4983,111,1,1,0,0
13,2022-08-26,5,5795,115,1,1,0,0
13,2022-08-27,6,8128,227,1,1,0,0
13,2022-08-28,7,0,0,0,0,0,0
13,2022-08-29,1,4594,110,1,0,0,0
13,2022-08-30,2,4907,98,1,1,0,0
13,2022-08-31,3,4395,100,1,0,0,0
13,2022-09-01,4,4654,104,1,0,0,0
13,2022-09-02,5,4885,119,1,0,0,0
13,2022-09-03,6,6850,171,1,0,0,0
13,2022-09-04,7,0,0,0,0,0,0
13,2022-09-05,1,4494,115,1,0,0,0
13,2022-09-06,2,4507,113,1,0,0,0
13,2022-09-07,3,4567,126,1,0,0,0
13,2022-09-08,4,4488,113,1,0,0,0
13,2022-09-09,5,5154,134,1,0,0,0
13,2022-09-10,6,7275,205,1,1,0,0
13,2022-09-11,7,0,0,0,0,0,0
13,2022-09-12,1,4266,99,1,0,0,0
13,2022-09-13,2,4739,121,1,1,0,0
13,2022-09-14,3,4621,106,1,0,0,0
13,2022-09-15,4,4855,111,1,0,0,0
13,2022-09-16,5,5385,140,1,0,0,0
13,2022-09-17,6,7657,158,1,1,0,0
13,2022-09-18,7,6619,159,1,1,0,0
13,2022-09-19,1,4876,122,1,1,0,0
13,2022-09-20,2,5253,132,1,1,0,0
13,2022-09-21,3,4692,115,1,0,0,0
13,2022-09-22,4,4645,107,1,0,0,0
13,2022-09-23,5,5182,145,1,0,0,0
13,2022-09-24,6,6932,166,1,0,0,0
13,2022-09-25,7,0,0,0,1,0,0
13,2022-09-26,1,4454,119,1,0,0,0
13,2022-09-27,2,4203,93,1,0,0,0
13,2022-09-28,3,4932,120,1,1,0,0
13,2022-09-29,4,4669,102,1,0,0,0
13,2022-09-30,5,4840,108,1,0,0,0
13,2022-10-01,6,6844,163,1,0,0,0
13,2022-10-02,7,4904,122,1,0,0,0
13,2022-10-03,1,4472,117,1,0,0,0
13,2022-10-04,2,4248,95,1,0,0,0
13,2022-10-05,3,4405,121,1,0,0,0
13,2022-10-06,4,5276,128,1,1,0,0
13,2022-10-07,5,5062,119,1,1,0,0
13,2022-10-08,6,6468,170,1,0,0,0
13,2022-10-09,7,5157,131,1,0,0,0
13,2022-10-10,1,4857,114,1,1,0,0
13,2022-10-11,2,5736,144,1,1,0,0
13,2022-10-12,3,4199,102,1,0,0,0
13,2022-10-13,4,4753,114,1,0,0,0
13,2022-10-14,5,5690,121,1,1,0,0
13,2022-10-15,6,6324,149,1,0,0,0
13,2022-10-16,7,0,0,0,0,0,0
13,2022-10-17,1,4669,119,1,0,0,0
13,2022-10-18,2,4583,117,1,0,0,0
13,2022-10-19,3,4380,106,1,0,0,0
13,2022-10-20,4,4882,131,1,0,0,0
13,2022-10-21,5,5628,137,1,1,0,0
13,2022-10-22,6,6505,150,1,0,0,0
13,2022-10-23,7,5594,144,1,0,0,0
13,2022-10-24,1,4206,106,1,0,0,0
13,2022-10-25,2,4796,118,1,1,0,0
13,2022-10-26,3,4534,129,1,0,0,0
13,2022-10-27,4,4686,137,1,0,0,0
13,2022-10-28,5,4892,125,1,0,0,0
13,2022-10-29,6,8501,210,1,1,0,0
13,2022-10-30,7,5191,122,1,0,0,0
13,2022-10-31,1,4647,112,1,0,0,0
13,2022-11-01,2,4467,117,1,0,0,0
13,2022-11-02,3,5007,114,1,1,0,0
13,2022-11-03,4,4794,113,1,0,0,0
13,2022-11-04,5,5707,138,1,1,0,0
13,2022-11-05,6,7688,174,1,1,0,0
13,2022-11-06,7,6501,136,1,1,0,0
13,2022-11-07,1,4319,83,1,0,0,0
13,2022-11-08,2,5100,121,1,1,0,0
13,2022-11-09,3,4413,103,1,0,0,0
13,2022-11-10,4,4735,118,1,0,0,0
13,2022-11-11,5,5999,128,1,1,0,0
13,2022-11-12,6,6551,140,1,0,0,0
13,2022-11-13,7,4941,128,1,0,0,0
13,2022-11-14,1,4625,108,1,0,0,0
13,2022-11-15,2,4787,117,1,0,0,0
13,2022-11-16,3,4584,124,1,0,0,0
13,2022-11-17,4,5242,113,1,1,0,0
13,2022-11-18,5,6040,153,1,1,0,0
13,2022-11-19,6,7068,167,1,0,0,0
13,2022-11-20,7,0,0,0,0,0,0
13,2022-11-21,1,5362,134,1,1,0,0
13,2022-11-22,2,4458,111,1,0,0,0
13,2022-11-23,3,4714,123,1,0,0,0
13,2022-11-24,4,4738,114,1,0,0,0
13,2022-11-25,5,4958,113,1,0,0,0
13,2022-11-26,6,6570,141,1,0,0,0
13,2022-11-27,7,5370,119,1,0,0,0
13,2022-11-28,1,4532,104,1,0,0,0
13,2022-11-29,2,3983,84,1,0,0,0
13,2022-11-30,3,4685,105,1,0,0,0
13,2022-12-01,4,4880,120,1,1,0,0
13,2022-12-02,5,6122,132,1,1,0,0
13,2022-12-03,6,7101,191,1,0,0,0
13,2022-12-04,7,0,0,0,0,0,0
13,2022-12-05,1,4915,120,1,1,0,0
13,2022-12-06,2,4513,123,1,0,0,0
13,2022-12-07,3,5448,119,1,1,0,0
13,2022-12-08,4,5130,117,1,0,0,0
13,2022-12-09,5,6120,129,1,1,0,0
13,2022-12-10,6,7065,163,1,0,0,0
13,2022-12-11,7,0,0,0,0,0,0
13,2022-12-12,1,4935,121,1,1,0,0
13,2022-12-13,2,4574,127,1,0,0,0
13,2022-12-14,3,4786,115,1,0,0,0
13,2022-12-15,4,4585,118,1,0,0,0
13,2022-12-16,5,5655,134,1,1,0,0
13,2022-12-17,6,6774,172,1,0,0,0
13,2022-12-18,7,5499,128,1,0,0,0
13,2022-12-19,1,4543,105,1,0,0,0
13,2022-12-20,2,4586,125,1,0,0,0
13,2022-12-21,3,4829,125,1,0,0,0
13,2022-12-22,4,4745,117,1,0,0,0
13,2022-12-23,5,4983,137,1,0,0,0
13,2022-12-24,6,6499,154,1,0,0,0
13,2022-12-25,7,5333,134,1,0,a,0
13,2022-12-26,1,4471,105,1,0,0,0
13,2022-12-27,2,4286,100,1,0,0,0
13,2022-12-28,3,4544,108,1,0,0,0
13,2022-12-29,4,5485,140,1,1,0,0
13,2022-12-30,5,5084,91,1,0,0,0
13,2022-12-31,6,7894,181,1,1,0,0
13,2023-01-01,7,0,0,0,0,a,0
13,2023-01-02,1,4469,125,1,0,0,0
13,2023-01-03,2,4257,95,1,0,0,0
13,2023-01-04,3,4679,108,1,0,0,0
13,2023-01-05,4,5257,144,1,1,0,0
13,2023-01-06,5,6007,141,1,1,0,0
13,2023-01-07,6,7519,200,1,1,0,0
13,2023-01-08,7,5221,135,1,0,0,0
13,2023-01-09,1,4316,107,1,0,0,0
13,2023-01-10,2,4269,101,1,0,0,0
13,2023-01-11,3,5033,135,1,1,0,0
13,2023-01-12,4,5073,115,1,0,0,0
13,2023-01-13,5,5385,131,1,0,0,0
13,2023-01-14,6,7099,176,1,0,0,0
13,2023-01-15,7,5150,125,1,0,0,0
13,2023-01-16,1,5124,133,1,1,0,0
13,2023-01-17,2,4515,111,1,0,0,0
13,2023-01-18,3,5007,122,1,0,0,0
13,2023-01-19,4,4597,114,1,0,0,0
13,2023-01-20,5,5682,130,1,1,0,0
13,2023-01-21,6,6856,167,1,0,0,0
13,2023-01-22,7,6151,141,1,1,0,0
13,2023-01-23,1,4916,100,1,0,0,0
13,2023-01-24,2,5233,137,1,1,0,0
13,2023-01-25,3,5252,128,1,1,0,0
13,2023-01-26,4,4717,114,1,0,0,0
13,2023-01-27,5,5257,137,1,0,0,0
13,2023-01-28,6,6182,136,1,0,0,0
13,2023-01-29,7,5556,138,1,0,0,0
13,2023-01-30,1,5091,137,1,1,0,0
13,2023-01-31,2,4578,129,1,0,0,0
13,2023-02-01,3,4433,103,1,0,0,0
13,2023-02-02,4,4957,119,1,0,0,0
13,2023-02-03,5,5443,134,1,0,0,0
13,2023-02-04,6,7900,175,1,1,0,0
13,2023-02-05,7,5902,150,1,0,0,0
13,2023-02-06,1,4735,119,1,1,0,0
13,2023-02-07,2,5226,129,1,1,0,0
13,2023-02-08,3,4638,122,1,0,0,0
13,2023-02-09,4,4784,110,1,0,0,0
13,2023-02-10,5,5805,134,1,1,0,0
13,2023-02-11,6,6342,181,1,0,0,0
13,2023-02-12,7,0,0,0,0,0,0
13,2023-02-13,1,4733,116,1,0,0,0
13,2023-02-14,2,4854,129,1,0,0,0
13,2023-02-15,3,5881,156,1,1,0,0
13,2023-02-16,4,4438,118,1,0,0,0
13,2023-02-17,5,5276,130,1,0,0,0
13,2023-02-18,6,7963,192,1,1,0,0
13,2023-02-19,7,6718,155,1,1,0,0
13,2023-02-20,1,4887,118,1,0,0,0
13,2023-02-21,2,4866,127,1,1,0,0
13,2023-02-22,3,4539,112,1,0,0,0
13,2023-02-23,4,5921,139,1,1,0,0
13,2023-02-24,5,4881,122,1,0,0,0
13,2023-02-25,6,6482,146,1,0,0,0
13,2023-02-26,7,6561,162,1,1,0,0
13,2023-02-27,1,5038,112,1,0,0,0
13,2023-02-28,2,4708,118,1,1,0,0
13,2023-03-01,3,4687,117,1,0,0,0
13,2023-03-02,4,5704,148,1,1,0,0
13,2023-03-03,5,6587,172,1,1,0,0
13,2023-03-04,6,7015,169,1,0,0,0
13,2023-03-05,7,5839,146,1,1,0,0
13,2023-03-06,1,4283,101,1,0,0,0
13,2023-03-07,2,5501,133,1,1,0,0
13,2023-03-08,3,4784,116,1,0,0,0
13,2023-03-09,4,5247,126,1,1,0,0
13,2023-03-10,5,5477,145,1,0,0,0
13,2023-03-11,6,6979,181,1,0,0,0
13,2023-03-12,7,4904,108,1,0,0,0
13,2023-03-13,1,4104,98,1,0,0,0
13,2023-03-14,2,5237,139,1,1,0,0
13,2023-03-15,3,5166,116,1,0,0,0
13,2023-03-16,4,4907,111,1,0,0,0
13,2023-03-17,5,4699,125,1,0,0,0
13,2023-03-18,6,6331,167,1,0,0,0
13,2023-03-19,7,5788,144,1,0,0,0
13,2023-03-20,1,5476,122,1,1,0,0
13,2023-03-21,2,5115,120,1,1,0,0
13,2023-03-22,3,4583,96,1,0,0,0
13,2023-03-23,4,5044,134,1,0,0,0
13,2023-03-24,5,5660,144,1,0,0,0
13,2023-03-25,6,7137,179,1,0,0,0
13,2023-03-26,7,0,0,0,0,0,0
13,2023-03-27,1,5529,130,1,1,0,0
13,2023-03-28,2,4420,112,1,0,0,0
13,2023-03-29,3,5248,122,1,1,0,0
13,2023-03-30,4,4704,129,1,0,0,0
13,2023-03-31,5,5378,121,1,0,0,0
13,2023-04-01,6,7106,173,1,0,0,0
13,2023-04-02,7,5062,127,1,0,0,0
13,2023-04-03,1,4440,102,1,0,0,0
13,2023-04-04,2,5064,135,1,1,0,0
13,2023-04-05,3,4957,118,1,0,0,0
13,2023-04-06,4,5356,137,1,1,0,0
13,2023-04-07,5,5293,136,1,0,0,0
13,2023-04-08,6,7201,150,1,0,0,0
13,2023-04-09,7,5652,142,1,0,0,0
13,2023-04-10,1,4970,106,1,0,0,0
13,2023-04-11,2,4481,112,1,0,0,0
13,2023-04-12,3,5166,126,1,0,0,0
13,2023-04-13,4,5379,117,1,0,0,0
13,2023-04-14,5,5514,125,1,0,0,0
13,2023-04-15,6,12740,364,1,0,0,0
13,2023-04-16,7,0,0,0,0,0,0
13,2023-04-17,1,8663,233,1,0,0,0
13,2023-04-18,2,9420,221,1,1,0,0
13,2023-04-19,3,9010,216,1,0,0,0
13,2023-04-20,4,10364,240,1,1,0,0
13,2023-04-21,5,10394,253,1,0,0,0
13,2023-04-22,6,0,0,0,1,b,0
13,2023-04-23,7,0,0,0,0,b,0
13,2023-04-24,1,5597,142,1,1,0,0
13,2023-04-25,2,4272,103,1,0,0,0
13,2023-04-26,3,5565,133,1,1,0,0
13,2023-04-27,4,5042,122,1,0,0,0
13,2023-04-28,5,5877,142,1,0,0,0
13,2023-04-29,6,6838,179,1,0,0,0
13,2023-04-30,7,0,0,0,0,0,0
13,2023-05-01,1,4511,104,1,0,0,0
13,2023-05-02,2,4506,123,1,0,0,0
13,2023-05-03,3,5130,123,1,0,0,0
13,2023-05-04,4,5628,117,1,1,0,0
13,2023-05-05,5,5226,134,1,0,0,0
13,2023-05-06,6,7940,183,1,1,0,0
13,2023-05-07,7,5532,137,1,0,0,0
13,2023-05-08,1,4545,92,1,0,0,0
13,2023-05-09,2,5087,123,1,1,0,0
13,2023-05-10,3,5330,147,1,1,0,0
13,2023-05-11,4,5311,120,1,1,0,0
13,2023-05-12,5,5446,135,1,0,0,0
13,2023-05-13,6,6639,168,1,0,0,0
13,2023-05-14,7,6014,143,1,0,0,0
13,2023-05-15,1,4583,118,1,0,0,0
13,2023-05-16,2,4646,117,1,0,0,0
13,2023-05-17,3,5588,127,1,1,0,0
13,2023-05-18,4,5136,112,1,1,0,0
13,2023-05-19,5,5364,122,1,0,0,0
13,2023-05-20,6,7593,169,1,0,0,0
13,2023-05-21,7,6299,157,1,1,0,0
13,2023-05-22,1,5193,137,1,0,0,0
13,2023-05-23,2,4685,117,1,0,0,0
13,2023-05-24,3,4893,120,1,0,0,0
13,2023-05-25,4,4985,141,1,0,0,0
13,2023-05-26,5,6591,135,1,1,0,0
13,2023-05-27,6,7389,178,1,0,0,0
13,2023-05-28,7,5703,151,1,0,0,0
13,2023-05-29,1,4571,111,1,0,0,0
13,2023-05-30,2,4880,120,1,1,0,0
13,2023-05-31,3,5718,132,1,1,0,0
13,2023-06-01,4,4951,130,1,0,0,1
13,2023-06-02,5,5225,123,1,0,0,1
13,2023-06-03,6,6812,179,1,0,0,1
13,2023-06-04,7,0,0,0,0,0,1
13,2023-06-05,1,4450,105,1,0,0,1
13,2023-06-06,2,4587,106,1,0,0,1
13,2023-06-07,3,4398,100,1,0,0,1
13,2023-06-08,4,4811,123,1,0,0,1
13,2023-06-09,5,5147,132,1,0,0,1
13,2023-06-10,6,8162,204,1,1,0,1
13,2023-06-11,7,0,0,0,0,0,1
13,2023-06-12,1,4556,117,1,0,0,1
13,2023-06-13,2,5867,157,1,1,0,1
13,2023-06-14,3,5001,97,1,0,0,1
13,2023-06-15,4,5865,163,1,1,0,1
13,2023-06-16,5,5829,128,1,0,0,1
13,2023-06-17,6,7219,183,1,0,0,1
13,2023-06-18,7,0,0,0,1,0,1
13,2023-06-19,1,4386,109,1,0,0,1
13,2023-06-20,2,4565,110,1,1,0,1
13,2023-06-21,3,4850,111,1,0,0,1
13,2023-06-22,4,4696,118,1,0,0,1
13,2023-06-23,5,5326,137,1,0,0,1
13,2023-06-24,6,6938,172,1,0,0,1
13,2023-06-25,7,0,0,0,0,0,1
13,2023-06-26,1,4695,121,1,0,0,1
13,2023-06-27,2,4534,109,1,0,0,1
13,2023-06-28,3,4718,114,1,0,0,1
13,2023-06-29,4,5271,130,1,1,0,1
13,2023-06-30,5,5558,135,1,0,0,1
13,2023-07-01,6,9006,194,1,1,0,1
13,2023-07-02,7,0,0,0,0,0,1
13,2023-07-03,1,5245,130,1,0,0,1
13,2023-07-04,2,5148,118,1,1,0,1
13,2023-07-05,3,4757,125,1,0,0,1
13,2023-07-06,4,4971,134,1,0,0,1
13,2023-07-07,5,5454,150,1,0,0,1
13,2023-07-08,6,7487,203,1,0,0,1
13,2023-07-09,7,0,0,0,0,0,1
13,2023-07-10,1,5303,130,1,1,0,1
13,2023-07-11,2,4999,131,1,0,0,1
13,2023-07-12,3,5412,135,1,1,0,1
13,2023-07-13,4,5216,144,1,0,0,1
13,2023-07-14,5,5677,117,1,0,0,1
13,2023-07-15,6,7061,182,1,0,0,1
13,2023-07-16,7,6747,149,1,1,0,1
13,2023-07-17,1,5412,135,1,1,0,1
13,2023-07-18,2,4131,79,1,0,0,1
13,2023-07-19,3,4945,126,1,0,0,1
13,2023-07-20,4,4839,138,1,0,0,1
13,2023-07-21,5,5139,130,1,0,0,1
13,2023-07-22,6,7235,184,1,0,0,1
13,2023-07-23,7,6760,160,1,1,0,1
13,2023-07-24,1,4967,131,1,0,0,1
13,2023-07-25,2,5255,134,1,1,0,1
13,2023-07-26,3,5050,122,1,0,0,1
13,2023-07-27,4,5006,120,1,0,0,1
13,2023-07-28,5,5624,146,1,0,0,1
13,2023-07-29,6,8351,200,1,1,0,1
13,2023-07-30,7,6220,169,1,1,0,1
13,2023-07-31,1,4832,115,1,0,0,1
13,2023-08-01,2,4662,113,1,0,0,0
13,2023-08-02,3,4784,122,1,0,0,0
13,2023-08-03,4,5038,128,1,0,0,0
13,2023-08-04,5,6244,153,1,0,0,0
13,2023-08-05,6,7404,180,1,1,0,0
13,2023-08-06,7,5766,156,1,0,0,0
13,2023-08-07,1,5684,122,1,1,0,0
13,2023-08-08,2,4356,117,1,0,0,0
13,2023-08-09,3,4948,102,1,0,0,0
13,2023-08-10,4,5857,149,1,1,0,0
13,2023-08-11,5,5106,122,1,0,0,0
13,2023-08-12,6,7964,184,1,1,0,0
13,2023-08-13,7,0,0,0,0,0,0
13,2023-08-14,1,4380,99,1,0,0,0
13,2023-08-15,2,5234,117,1,1,0,0
13,2023-08-16,3,5550,127,1,1,0,0
13,2023-08-17,4,5027,139,1,0,a,0
13,2023-08-18,5,5441,135,1,0,0,0
13,2023-08-19,6,8251,202,1,1,0,0
13,2023-08-20,7,6685,152,1,1,0,0
13,2023-08-21,1,4935,104,1,0,0,0
13,2023-08-22,2,5586,130,1,1,0,0
13,2023-08-23,3,4981,119,1,0,0,0
13,2023-08-24,4,5094,121,1,0,0,0
13,2023-08-25,5,1518,37,1,0,0,0
13,2023-08-26,6,7199,181,1,0,0,0
13,2023-08-27,7,7082,159,1,1,0,0
13,2023-08-28,1,4389,109,1,0,0,0
13,2023-08-29,2,5015,116,1,1,0,0
13,2023-08-30,3,5246,126,1,0,0,0
13,2023-08-31,4,5364,147,1,1,0,0
13,2023-09-01,5,6378,138,1,1,0,0
13,2023-09-02,6,6971,188,1,0,0,0
13,2023-09-03,7,0,0,0,0,0,0
13,2023-09-04,1,4854,103,1,0,0,0
13,2023-09-05,2,5591,128,1,1,0,0
13,2023-09-06,3,5639,132,1,1,0,0
13,2023-09-07,4,5555,123,1,0,0,0
13,2023-09-08,5,6182,156,1,1,0,0
13,2023-09-09,6,7304,169,1,0,0,0
13,2023-09-10,7,0,0,0,0,0,0
13,2023-09-11,1,5916,143,1,1,0,0
13,2023-09-12,2,4621,110,1,0,0,0
13,2023-09-13,3,5062,120,1,1,0,0
13,2023-09-14,4,4962,107,1,0,0,0
13,2023-09-15,5,6080,155,1,0,0,0
13,2023-09-16,6,6918,157,1,0,0,0
13,2023-09-17,7,0,0,0,0,0,0
13,2023-09-18,1,5432,143,1,1,0,0
13,2023-09-19,2,4675,109,1,0,0,0
13,2023-09-20,3,5228,143,1,0,0,0
13,2023-09-21,4,5132,116,1,0,0,0
13,2023-09-22,5,6174,179,1,0,0,0
13,2023-09-23,6,8689,198,1,1,0,0
13,2023-09-24,7,5910,139,1,0,0,0
13,2023-09-25,1,4782,123,1,0,0,0
13,2023-09-26,2,5494,130,1,1,0,0
13,2023-09-27,3,4611,118,1,0,0,0
13,2023-09-28,4,5528,131,1,1,0,0
13,2023-09-29,5,5824,144,1,0,0,0
13,2023-09-30,6,7548,182,1,0,0,0
13,2023-10-01,7,0,0,0,1,0,0
13,2023-10-02,1,5773,126,1,1,0,0
13,2023-10-03,2,4666,112,1,0,0,0
13,2023-10-04,3,4718,116,1,0,0,0
13,2023-10-05,4,5004,131,1,0,0,0
13,2023-10-06,5,5870,127,1,0,0,0
13,2023-10-07,6,8565,224,1,1,0,0
13,2023-10-08,7,0,0,0,0,0,0
13,2023-10-09,1,4912,109,1,0,0,0
13,2023-10-10,2,5113,130,1,1,0,0
13,2023-10-11,3,5065,119,1,0,0,0
13,2023-10-12,4,4976,142,1,0,0,0
13,2023-10-13,5,7128,171,1,1,0,0
13,2023-10-14,6,8167,221,1,1,0,0
13,2023-10-15,7,0,0,0,0,0,0
13,2023-10-16,1,4790,110,1,0,0,0
13,2023-10-17,2,4700,117,1,0,0,0
13,2023-10-18,3,4866,137,1,0,0,0
13,2023-10-19,4,4780,135,1,0,0,0
13,2023-10-20,5,6915,159,1,1,0,0
13,2023-10-21,6,8380,224,1,1,0,0
13,2023-10-22,7,0,0,0,1,0,0
13,2023-10-23,1,5227,119,1,0,0,0
13,2023-10-24,2,5404,123,1,1,0,0
13,2023-10-25,3,4923,130,1,0,0,0
13,2023-10-26,4,5146,139,1,0,0,0
13,2023-10-27,5,5286,144,1,0,0,0
13,2023-10-28,6,6599,163,1,0,0,0
13,2023-10-29,7,0,0,0,1,0,0
13,2023-10-30,1,5145,129,1,0,0,0
13,2023-10-31,2,4661,102,1,0,0,0
13,2023-11-01,3,5921,145,1,1,0,0
13,2023-11-02,4,5051,139,1,0,0,0
13,2023-11-03,5,5992,147,1,1,0,0
13,2023-11-04,6,7590,200,1,0,0,0
13,2023-11-05,7,5666,145,1,0,0,0
13,2023-11-06,1,5742,125,1,1,0,0
13,2023-11-07,2,4965,128,1,0,0,0
13,2023-11-08,3,4951,127,1,0,0,0
13,2023-11-09,4,5247,131,1,0,0,0
13,2023-11-10,5,5263,130,1,0,0,0
13,2023-11-11,6,8353,210,1,0,0,0
13,2023-11-12,7,0,0,0,0,0,0
13,2023-11-13,1,5050,116,1,0,0,0
13,2023-11-14,2,5722,127,1,1,0,0
13,2023-11-15,3,4936,116,1,0,0,0
13,2023-11-16,4,5154,118,1,0,0,0
13,2023-11-17,5,5983,138,1,0,0,0
13,2023-11-18,6,8239,202,1,1,0,0
13,2023-11-19,7,6975,157,1,1,0,0
13,2023-11-20,1,5729,160,1,1,0,0
13,2023-11-21,2,5274,117,1,1,0,0
13,2023-11-22,3,5089,124,1,0,0,0
13,2023-11-23,4,4706,123,1,0,0,0
13,2023-11-24,5,5946,149,1,0,0,0
13,2023-11-25,6,7884,187,1,0,0,0
13,2023-11-26,7,0,0,0,0,0,0
13,2023-11-27,1,5241,140,1,0,0,0
13,2023-11-28,2,5275,129,1,1,0,0
13,2023-11-29,3,5670,139,1,1,0,0
13,2023-11-30,4,5183,147,1,0,0,0
13,2023-12-01,5,6590,191,1,1,0,0
13,2023-12-02,6,7162,176,1,0,0,0
13,2023-12-03,7,0,0,0,0,0,0
13,2023-12-04,1,5305,134,1,0,0,0
13,2023-12-05,2,4577,115,1,0,0,0
13,2023-12-06,3,5408,137,1,0,0,0
13,2023-12-07,4,6079,157,1,1,0,0
13,2023-12-08,5,5761,128,1,0,0,0
13,2023-12-09,6,7533,178,1,0,0,0
13,2023-12-10,7,0,0,0,0,0,0
13,2023-12-11,1,4250,102,1,0,0,0
13,2023-12-12,2,5600,141,1,1,0,0
13,2023-12-13,3,5040,128,1,0,0,0
13,2023-12-14,4,5997,138,1,1,0,0
13,2023-12-15,5,6878,159,1,1,0,0
13,2023-12-16,6,7122,167,1,0,0,0
13,2023-12-17,7,5642,121,1,0,0,0
13,2023-12-18,1,5244,119,1,1,0,0
13,2023-12-19,2,5260,128,1,1,0,0
13,2023-12-20,3,5183,124,1,0,0,0
13,2023-12-21,4,6102,142,1,1,0,0
13,2023-12-22,5,6870,187,1,1,0,0
13,2023-12-23,6,7189,190,1,0,0,0
13,2023-12-24,7,5872,146,1,0,0,0
13,2023-12-25,1,6110,173,1,1,a,0
13,2023-12-26,2,5044,93,1,0,0,0
13,2023-12-27,3,5207,115,1,0,0,0
13,2023-12-28,4,4711,96,1,0,0,0
13,2023-12-29,5,6291,160,1,0,0,0
13,2023-12-30,6,7336,180,1,0,0,0
13,2023-12-31,7,6967,183,1,1,0,0
13,2024-01-01,1,5025,111,1,0,a,0
13,2024-01-02,2,4847,124,1,0,0,0
13,2024-01-03,3,4984,124,1,0,0,0
13,2024-01-04,4,5230,126,1,0,0,0
13,2024-01-05,5,5922,143,1,0,0,0
13,2024-01-06,6,7695,181,1,0,0,0
13,2024-01-07,7,6383,130,1,0,0,0
13,2024-01-08,1,4653,113,1,0,0,0
13,2024-01-09,2,4683,120,1,0,0,0
13,2024-01-10,3,5250,155,1,0,0,0
13,2024-01-11,4,5511,150,1,1,0,0
13,2024-01-12,5,5795,137,1,0,0,0
13,2024-01-13,6,7103,185,1,0,0,0
13,2024-01-14,7,0,0,0,1,0,0
13,2024-01-15,1,4723,128,1,0,0,0
13,2024-01-16,2,4736,115,1,0,0,0
13,2024-01-17,3,4970,117,1,0,0,0
13,2024-01-18,4,5273,133,1,0,0,0
13,2024-01-19,5,6939,160,1,1,0,0
13,2024-01-20,6,8955,216,1,1,0,0
13,2024-01-21,7,0,0,0,0,0,0
13,2024-01-22,1,4665,109,1,0,0,0
13,2024-01-23,2,5453,144,1,0,0,0
13,2024-01-24,3,5784,134,1,1,0,0
13,2024-01-25,4,6081,159,1,1,0,0
13,2024-01-26,5,5837,134,1,0,0,0
13,2024-01-27,6,7548,191,1,0,0,0
13,2024-01-28,7,5789,120,1,0,0,0
13,2024-01-29,1,5055,121,1,0,0,0
13,2024-01-30,2,5278,131,1,0,0,0
13,2024-01-31,3,4551,123,1,0,0,0
13,2024-02-01,4,5234,119,1,0,0,0
13,2024-02-02,5,6270,149,1,1,0,0
13,2024-02-03,6,8965,226,1,1,0,0
13,2024-02-04,7,0,0,0,0,0,0
13,2024-02-05,1,4923,121,1,0,0,0
13,2024-02-06,2,5589,132,1,1,0,0
13,2024-02-07,3,4844,114,1,0,0,0
13,2024-02-08,4,4616,100,1,0,0,0
13,2024-02-09,5,5707,128,1,0,0,0
13,2024-02-10,6,7361,201,1,0,0,0
13,2024-02-11,7,0,0,0,0,0,0
13,2024-02-12,1,4149,106,1,0,0,0
13,2024-02-13,2,4435,96,1,0,0,0
13,2024-02-14,3,4699,101,1,0,0,0
13,2024-02-15,4,5263,134,1,0,0,0
13,2024-02-16,5,5964,144,1,0,0,0
13,2024-02-17,6,8072,193,1,1,0,0
13,2024-02-18,7,0,0,0,0,0,0
13,2024-02-19,1,4826,125,1,0,0,0
13,2024-02-20,2,5355,129,1,0,0,0
13,2024-02-21,3,4985,126,1,0,0,0
13,2024-02-22,4,5138,123,1,0,0,0
13,2024-02-23,5,6402,165,1,1,0,0
13,2024-02-24,6,6754,174,1,0,0,0
13,2024-02-25,7,6280,168,1,0,0,0
13,2024-02-26,1,5649,130,1,1,0,0
13,2024-02-27,2,4774,115,1,0,0,0
13,2024-02-28,3,5138,119,1,0,0,0
13,2024-02-29,4,4843,120,1,0,0,0
13,2024-03-01,5,6328,153,1,0,0,0
13,2024-03-02,6,7814,199,1,1,0,0
13,2024-03-03,7,6634,150,1,0,0,0
13,2024-03-04,1,4982,115,1,0,0,0
13,2024-03-05,2,5499,136,1,1,0,0
13,2024-03-06,3,5270,124,1,0,0,0
13,2024-03-07,4,5175,126,1,0,0,0
13,2024-03-08,5,6094,152,1,0,0,0
13,2024-03-09,6,7603,183,1,0,0,0
13,2024-03-10,7,0,0,0,1,0,0
13,2024-03-11,1,6042,127,1,1,0,0
13,2024-03-12,2,4841,107,1,0,0,0
13,2024-03-13,3,5353,133,1,0,0,0
13,2024-03-14,4,5412,136,1,0,0,0
13,2024-03-15,5,6220,137,1,0,0,0
13,2024-03-16,6,7362,171,1,0,0,0
13,2024-03-17,7,6529,161,1,0,0,0
13,2024-03-18,1,5530,145,1,1,0,0
13,2024-03-19,2,5061,126,1,1,0,0
13,2024-03-20,3,4766,113,1,0,0,0
13,2024-03-21,4,5196,117,1,0,0,0
13,2024-03-22,5,5917,125,1,0,0,0
13,2024-03-23,6,8645,170,1,1,0,0
13,2024-03-24,7,0,0,0,1,0,0
13,2024-03-25,1,5415,102,1,1,0,0
13,2024-03-26,2,5322,129,1,0,0,0
13,2024-03-27,3,5468,145,1,0,0,0
13,2024-03-28,4,5539,144,1,0,0,0
13,2024-03-29,5,6220,141,1,0,0,0
13,2024-03-30,6,6939,155,1,0,0,0
13,2024-03-31,7,6345,172,1,0,0,0
13,2024-04-01,1,5203,124,1,0,0,0
13,2024-04-02,2,5144,123,1,0,0,0
13,2024-04-03,3,9627,226,1,0,0,0
13,2024-04-04,4,9752,238,1,0,0,0
13,2024-04-05,5,10759,246,1,0,0,0
13,2024-04-06,6,14371,350,1,0,0,0
13,2024-04-07,7,10709,250,1,0,0,0
13,2024-04-08,1,9212,208,1,0,0,0
13,2024-04-09,2,8602,207,1,0,0,0
13,2024-04-10,3,0,0,0,1,b,0
13,2024-04-11,4,0,0,0,0,b,0
13,2024-04-12,5,5613,124,1,0,0,0
13,2024-04-13,6,7382,159,1,0,0,0
13,2024-04-14,7,0,0,0,1,0,0
13,2024-04-15,1,4949,132,1,0,0,0
13,2024-04-16,2,4631,110,1,0,0,0
13,2024-04-17,3,5062,152,1,0,0,0
13,2024-04-18,4,6446,149,1,1,0,0
13,2024-04-19,5,6658,153,1,1,0,0
13,2024-04-20,6,8049,153,1,0,0,0
13,2024-04-21,7,7521,183,1,1,0,0
13,2024-04-22,1,5627,150,1,1,0,0
13,2024-04-23,2,5071,121,1,0,0,0
13,2024-04-24,3,4817,120,1,0,0,0
13,2024-04-25,4,5044,125,1,0,0,0
13,2024-04-26,5,6807,148,1,1,0,0
13,2024-04-27,6,7763,203,1,0,0,0
13,2024-04-28,7,0,0,0,1,0,0
13,2024-04-29,1,5008,133,1,0,0,0
13,2024-04-30,2,4981,121,1,0,0,0
13,2024-05-01,3,5967,145,1,1,0,0
13,2024-05-02,4,5811,131,1,0,0,0
13,2024-05-03,5,6291,153,1,0,0,0
13,2024-05-04,6,7728,191,1,0,0,0
13,2024-05-05,7,0,0,0,0,0,0
13,2024-05-06,1,5145,117,1,0,0,0
13,2024-05-07,2,5211,117,1,0,0,0
13,2024-05-08,3,5394,150,1,0,0,0
13,2024-05-09,4,6050,136,1,1,0,0
13,2024-05-10,5,6824,182,1,1,0,0
13,2024-05-11,6,7655,197,1,0,0,0
13,2024-05-12,7,0,0,0,1,0,0
13,2024-05-13,1,4936,122,1,0,0,0
13,2024-05-14,2,5037,127,1,0,0,0
13,2024-05-15,3,5048,112,1,0,0,0
13,2024-05-16,4,5972,150,1,1,0,0
13,2024-05-17,5,6761,184,1,1,0,0
13,2024-05-18,6,7708,178,1,0,0,0
13,2024-05-19,7,6578,166,1,0,0,0
13,2024-05-20,1,5253,140,1,0,0,0
13,2024-05-21,2,5236,126,1,0,0,0
13,2024-05-22,3,5647,145,1,0,0,0
13,2024-05-23,4,5201,124,1,0,0,0
13,2024-05-24,5,7054,167,1,1,0,0
13,2024-05-25,6,7903,177,1,0,0,0
13,2024-05-26,7,7231,198,1,1,0,0
13,2024-05-27,1,5307,133,1,0,0,0
13,2024-05-28,2,4990,115,1,0,0,0
13,2024-05-29,3,6175,153,1,1,0,0
13,2024-05-30,4,5734,142,1,1,0,0
13,2024-05-31,5,5933,137,1,0,0,0
13,2024-06-01,6,7899,200,1,0,0,1
13,2024-06-02,7,7518,187,1,1,0,1
13,2024-06-03,1,4869,118,1,0,0,1
13,2024-06-04,2,4956,127,1,0,0,1
13,2024-06-05,3,4927,132,1,0,0,1
13,2024-06-06,4,6061,155,1,1,0,1
13,2024-06-07,5,6941,171,1,1,0,1
13,2024-06-08,6,9242,198,1,1,0,1
13,2024-06-09,7,6509,160,1,0,0,1
13,2024-06-10,1,5153,110,1,0,0,1
13,2024-06-11,2,4822,128,1,0,0,1
13,2024-06-12,3,5952,154,1,1,0,1
13,2024-06-13,4,6066,144,1,0,0,1
13,2024-06-14,5,5535,144,1,0,0,1
13,2024-06-15,6,7191,161,1,0,0,1
13,2024-06-16,7,6292,140,1,0,0,1
13,2024-06-17,1,6077,151,1,1,0,1
13,2024-06-18,2,5207,120,1,0,0,1
13,2024-06-19,3,6089,146,1,1,0,1
13,2024-06-20,4,4982,137,1,0,0,1
13,2024-06-21,5,6779,183,1,1,0,1
13,2024-06-22,6,8036,189,1,1,0,1
13,2024-06-23,7,0,0,0,0,0,1
13,2024-06-24,1,6013,118,1,1,0,1
13,2024-06-25,2,4968,148,1,0,0,1
13,2024-06-26,3,5656,106,1,1,0,1
13,2024-06-27,4,5955,146,1,1,0,1
13,2024-06-28,5,6307,142,1,1,0,1
13,2024-06-29,6,7657,199,1,0,0,1
13,2024-06-30,7,0,0,0,0,0,1
14,2022-01-01,6,6744,150,1,0,a,0
14,2022-01-02,7,0,0,0,0,0,0
14,2022-01-03,1,5713,124,1,1,0,0
14,2022-01-04,2,5210,119,1,1,0,0
14,2022-01-05,3,5458,118,1,1,0,0
14,2022-01-06,4,4629,106,1,0,0,0
14,2022-01-07,5,6893,161,1,1,0,0
14,2022-01-08,6,8631,176,1,1,0,0
14,2022-01-09,7,6864,172,1,1,0,0
14,2022-01-10,1,4700,103,1,0,0,0
14,2022-01-11,2,4809,106,1,0,0,0
14,2022-01-12,3,4804,93,1,0,0,0
14,2022-01-13,4,4542,100,1,0,0,0
14,2022-01-14,5,4793,98,1,0,0,0
14,2022-01-15,6,7764,185,1,1,0,0
14,2022-01-16,7,5787,129,1,0,0,0
14,2022-01-17,1,4367,91,1,0,0,0
14,2022-01-18,2,4621,104,1,0,0,0
14,2022-01-19,3,5671,132,1,1,0,0
14,2022-01-20,4,6110,111,1,1,0,0
14,2022-01-21,5,6858,153,1,1,0,0
14,2022-01-22,6,1055,20,1,0,0,0
14,2022-01-23,7,5785,131,1,0,0,0
14,2022-01-24,1,5497,131,1,1,0,0
14,2022-01-25,2,4291,98,1,0,0,0
14,2022-01-26,3,4842,108,1,0,0,0
14,2022-01-27,4,4956,118,1,0,0,0
14,2022-01-28,5,5433,118,1,0,0,0
14,2022-01-29,6,8067,197,1,1,0,0
14,2022-01-30,7,0,0,0,0,0,0
14,2022-01-31,1,4713,112,1,0,0,0
14,2022-02-01,2,4965,96,1,0,0,0
14,2022-02-02,3,5082,116,1,0,0,0
14,2022-02-03,4,4700,113,1,0,0,0
14,2022-02-04,5,5146,116,1,0,0,0
14,2022-02-05,6,7435,192,1,0,0,0
14,2022-02-06,7,0,0,0,0,0,0
14,2022-02-07,1,4458,95,1,0,0,0
14,2022-02-08,2,4493,100,1,0,0,0
14,2022-02-09,3,4377,112,1,0,0,0
14,2022-02-10,4,5066,128,1,0,0,0
14,2022-02-11,5,7131,146,1,1,0,0
14,2022-02-12,6,7384,152,1,0,0,0
14,2022-02-13,7,0,0,0,0,0,0
14,2022-02-14,1,4500,99,1,0,0,0
14,2022-02-15,2,5841,132,1,1,0,0
14,2022-02-16,3,5019,112,1,0,0,0
14,2022-02-17,4,5060,117,1,0,0,0
14,2022-02-18,5,6962,162,1,1,0,0
14,2022-02-19,6,8669,184,1,1,0,0
14,2022-02-20,7,6682,158,1,1,0,0
14,2022-02-21,1,5007,116,1,0,0,0
14,2022-02-22,2,4473,121,1,0,0,0
14,2022-02-23,3,4971,118,1,0,0,0
14,2022-02-24,4,6800,168,1,1,0,0
14,2022-02-25,5,5595,122,1,0,0,0
14,2022-02-26,6,7287,178,1,0,0,0
14,2022-02-27,7,6684,167,1,1,0,0
14,2022-02-28,1,5530,125,1,1,0,0
14,2022-03-01,2,5967,142,1,1,0,0
14,2022-03-02,3,5708,126,1,1,0,0
14,2022-03-03,4,5656,108,1,1,0,0
14,2022-03-04,5,4916,116,1,0,0,0
14,2022-03-05,6,8526,197,1,1,0,0
14,2022-03-06,7,0,0,0,1,0,0
14,2022-03-07,1,4829,108,1,0,0,0
14,2022-03-08,2,4276,97,1,0,0,0
14,2022-03-09,3,6285,141,1,1,0,0
14,2022-03-10,4,4564,82,1,0,0,0
14,2022-03-11,5,6317,140,1,1,0,0
14,2022-03-12,6,6956,165,1,0,0,0
14,2022-03-13,7,0,0,0,0,0,0
14,2022-03-14,1,4742,108,1,0,0,0
14,2022-03-15,2,4242,102,1,0,0,0
14,2022-03-16,3,4796,108,1,0,0,0
14,2022-03-17,4,4460,101,1,0,0,0
14,2022-03-18,5,4791,95,1,0,0,0
14,2022-03-19,6,7554,159,1,0,0,0
14,2022-03-20,7,0,0,0,0,0,0
14,2022-03-21,1,4616,108,1,0,0,0
14,2022-03-22,2,5073,123,1,1,0,0
14,2022-03-23,3,4614,115,1,0,0,0
14,2022-03-24,4,4987,113,1,0,0,0
14,2022-03-25,5,5268,110,1,0,0,0
14,2022-03-26,6,7476,159,1,0,0,0
14,2022-03-27,7,5830,126,1,0,0,0
14,2022-03-28,1,4412,99,1,0,0,0
14,2022-03-29,2,5204,108,1,1,0,0
14,2022-03-30,3,6172,128,1,1,0,0
14,2022-03-31,4,6365,160,1,1,0,0
14,2022-04-01,5,5606,132,1,0,0,0
14,2022-04-02,6,7533,189,1,0,0,0
14,2022-04-03,7,0,0,0,0,0,0
14,2022-04-04,1,5820,138,1,1,0,0
14,2022-04-05,2,5882,149,1,1,0,0
14,2022-04-06,3,5032,110,1,0,0,0
14,2022-04-07,4,5064,108,1,0,0,0
14,2022-04-08,5,5421,126,1,0,0,0
14,2022-04-09,6,9122,214,1,1,0,0
14,2022-04-10,7,7125,160,1,1,0,0
14,2022-04-11,1,4530,104,1,0,0,0
14,2022-04-12,2,5711,147,1,1,0,0
14,2022-04-13,3,4673,108,1,0,0,0
14,2022-04-14,4,6105,155,1,1,0,0
14,2022-04-15,5,6491,136,1,1,0,0
14,2022-04-16,6,9152,177,1,1,0,0
14,2022-04-17,7,5744,131,1,0,0,0
14,2022-04-18,1,4817,117,1,0,0,0
14,2022-04-19,2,4659,96,1,0,0,0
14,2022-04-20,3,4543,99,1,0,0,0
14,2022-04-21,4,6549,165,1,1,0,0
14,2022-04-22,5,5371,132,1,0,0,0
14,2022-04-23,6,6860,150,1,0,0,0
14,2022-04-24,7,7194,167,1,1,0,0
14,2022-04-25,1,8487,204,1,0,0,0
14,2022-04-26,2,9271,215,1,0,0,0
14,2022-04-27,3,8835,223,1,0,0,0
14,2022-04-28,4,8646,184,1,0,0,0
14,2022-04-29,5,10727,250,1,0,0,0
14,2022-04-30,6,14465,346,1,1,0,0
14,2022-05-01,7,10021,201,1,0,0,0
14,2022-05-02,1,0,0,0,1,b,0
14,2022-05-03,2,0,0,0,0,b,0
14,2022-05-04,3,4858,119,1,0,0,0
14,2022-05-05,4,5040,117,1,0,0,0
14,2022-05-06,5,5567,120,1,0,0,0
14,2022-05-07,6,7233,160,1,0,0,0
14,2022-05-08,7,0,0,0,0,0,0
14,2022-05-09,1,4979,116,1,0,0,0
14,2022-05-10,2,4206,97,1,0,0,0
14,2022-05-11,3,4174,94,1,0,0,0
14,2022-05-12,4,5124,113,1,0,0,0
14,2022-05-13,5,6716,146,1,1,0,0
14,2022-05-14,6,9536,232,1,1,0,0
14,2022-05-15,7,6025,130,1,0,0,0
14,2022-05-16,1,4824,119,1,0,0,0
14,2022-05-17,2,5590,115,1,1,0,0
14,2022-05-18,3,4955,106,1,0,0,0
14,2022-05-19,4,6065,168,1,1,0,0
14,2022-05-20,5,5489,134,1,0,0,0
14,2022-05-21,6,8655,175,1,1,0,0
14,2022-05-22,7,0,0,0,0,0,0
14,2022-05-23,1,5795,141,1,1,0,0
14,2022-05-24,2,4822,114,1,0,0,0
14,2022-05-25,3,4910,108,1,0,0,0
14,2022-05-26,4,4833,102,1,0,0,0
14,2022-05-27,5,5361,131,1,0,0,0
14,2022-05-28,6,8255,184,1,1,0,0
14,2022-05-29,7,0,0,0,0,0,0
14,2022-05-30,1,6154,133,1,1,0,0
14,2022-05-31,2,4518,89,1,0,0,0
14,2022-06-01,3,5647,117,1,1,0,1
14,2022-06-02,4,5079,122,1,0,0,1
14,2022-06-03,5,6619,147,1,1,0,1
14,2022-06-04,6,8800,216,1,1,0,1
14,2022-06-05,7,0,0,0,0,0,1
14,2022-06-06,1,6082,122,1,1,0,1
14,2022-06-07,2,5786,135,1,1,0,1
14,2022-06-08,3,4940,101,1,0,0,1
14,2022-06-09,4,4872,103,1,0,0,1
14,2022-06-10,5,5571,119,1,0,0,1
14,2022-06-11,6,8203,188,1,1,0,1
14,2022-06-12,7,0,0,0,0,0,1
14,2022-06-13,1,4819,110,1,0,0,1
14,2022-06-14,2,5011,123,1,0,0,1
14,2022-06-15,3,4764,104,1,0,0,1
14,2022-06-16,4,5907,126,1,1,0,1
14,2022-06-17,5,6723,156,1,1,0,1
14,2022-06-18,6,7075,159,1,0,0,1
14,2022-06-19,7,5745,129,1,0,0,1
14,2022-06-20,1,6462,155,1,1,0,1
14,2022-06-21,2,4428,102,1,0,0,1
14,2022-06-22,3,4691,102,1,0,0,1
14,2022-06-23,4,5174,110,1,0,0,1
14,2022-06-24,5,5085,122,1,0,0,1
14,2022-06-25,6,7089,149,1,0,0,1
14,2022-06-26,7,0,0,0,1,0,1
14,2022-06-27,1,4841,110,1,0,0,1
14,2022-06-28,2,5894,129,1,1,0,1
14,2022-06-29,3,5328,101,1,0,0,1
14,2022-06-30,4,4784,118,1,0,0,1
14,2022-07-01,5,6694,124,1,1,0,1
14,2022-07-02,6,7334,133,1,0,0,1
14,2022-07-03,7,5866,137,1,0,0,1
14,2022-07-04,1,4830,114,1,0,0,1
14,2022-07-05,2,4317,90,1,0,0,1
14,2022-07-06,3,6731,168,1,1,0,1
14,2022-07-07,4,5128,104,1,0,0,1
14,2022-07-08,5,6382,152,1,1,0,1
14,2022-07-09,6,7348,176,1,0,0,1
14,2022-07-10,7,0,0,0,0,0,1
14,2022-07-11,1,6221,154,1,1,0,1
14,2022-07-12,2,5432,113,1,1,0,1
14,2022-07-13,3,5109,109,1,0,0,1
14,2022-07-14,4,4717,101,1,0,0,1
14,2022-07-15,5,5284,130,1,0,0,1
14,2022-07-16,6,7192,161,1,0,0,1
14,2022-07-17,7,0,0,0,1,0,1
14,2022-07-18,1,5790,115,1,1,0,1
14,2022-07-19,2,4303,82,1,0,0,1
14,2022-07-20,3,5991,147,1,1,0,1
14,2022-07-21,4,5255,122,1,0,0,1
14,2022-07-22,5,6087,152,1,0,0,1
14,2022-07-23,6,7452,170,1,0,0,1
14,2022-07-24,7,0,0,0,1,0,1
14,2022-07-25,1,5463,126,1,1,0,1
14,2022-07-26,2,4661,119,1,0,0,1
14,2022-07-27,3,4723,100,1,0,0,1
14,2022-07-28,4,5827,132,1,1,0,1
14,2022-07-29,5,5220,106,1,0,0,1
14,2022-07-30,6,7408,140,1,0,0,1
14,2022-07-31,7,7100,163,1,1,0,1
14,2022-08-01,1,5536,128,1,1,0,0
14,2022-08-02,2,4528,101,1,0,0,0
14,2022-08-03,3,4961,107,1,0,0,0
14,2022-08-04,4,4881,117,1,0,0,0
14,2022-08-05,5,5247,115,1,0,0,0
14,2022-08-06,6,8564,197,1,1,0,0
14,2022-08-07,7,0,0,0,0,0,0
14,2022-08-08,1,5366,126,1,1,0,0
14,2022-08-09,2,4622,112,1,0,0,0
14,2022-08-10,3,4871,111,1,0,0,0
14,2022-08-11,4,4869,91,1,0,0,0
14,2022-08-12,5,6658,160,1,1,0,0
14,2022-08-13,6,7549,178,1,0,0,0
14,2022-08-14,7,6151,138,1,0,0,0
14,2022-08-15,1,4824,98,1,0,0,0
14,2022-08-16,2,4566,109,1,0,0,0
14,2022-08-17,3,4936,110,1,0,a,0
14,2022-08-18,4,5172,113,1,0,0,0
14,2022-08-19,5,5573,124,1,0,0,0
14,2022-08-20,6,7363,148,1,0,0,0
14,2022-08-21,7,5771,132,1,0,0,0
14,2022-08-22,1,4050,88,1,0,0,0
14,2022-08-23,2,4657,105,1,0,0,0
14,2022-08-24,3,5086,105,1,0,0,0
14,2022-08-25,4,5087,129,1,0,0,0
14,2022-08-26,5,7139,161,1,1,0,0
14,2022-08-27,6,7123,154,1,0,0,0
14,2022-08-28,7,0,0,0,0,0,0
14,2022-08-29,1,4858,110,1,0,0,0
14,2022-08-30,2,6460,143,1,1,0,0
14,2022-08-31,3,6417,164,1,1,0,0
14,2022-09-01,4,5269,113,1,0,0,0
14,2022-09-02,5,5683,131,1,0,0,0
14,2022-09-03,6,6752,144,1,0,0,0
14,2022-09-04,7,0,0,0,1,0,0
14,2022-09-05,1,6305,156,1,1,0,0
14,2022-09-06,2,4805,106,1,0,0,0
14,2022-09-07,3,6155,131,1,1,0,0
14,2022-09-08,4,6545,144,1,1,0,0
14,2022-09-09,5,5570,112,1,0,0,0
14,2022-09-10,6,7511,159,1,0,0,0
14,2022-09-11,7,5659,138,1,0,0,0
14,2022-09-12,1,4372,95,1,0,0,0
14,2022-09-13,2,5555,138,1,1,0,0
14,2022-09-14,3,4979,113,1,0,0,0
14,2022-09-15,4,6287,158,1,1,0,0
14,2022-09-16,5,7004,157,1,1,0,0
14,2022-09-17,6,6790,171,1,0,0,0
14,2022-09-18,7,0,0,0,0,0,0
14,2022-09-19,1,5739,148,1,1,0,0
14,2022-09-20,2,6067,143,1,1,0,0
14,2022-09-21,3,5753,120,1,1,0,0
14,2022-09-22,4,4901,87,1,0,0,0
14,2022-09-23,5,5380,119,1,0,0,0
14,2022-09-24,6,7482,158,1,0,0,0
14,2022-09-25,7,0,0,0,1,0,0
14,2022-09-26,1,4954,116,1,0,0,0
14,2022-09-27,2,6269,136,1,1,0,0
14,2022-09-28,3,5403,120,1,0,0,0
14,2022-09-29,4,6480,147,1,1,0,0
14,2022-09-30,5,5353,133,1,0,0,0
14,2022-10-01,6,7742,177,1,0,0,0
14,2022-10-02,7,6387,143,1,0,0,0
14,2022-10-03,1,4845,107,1,0,0,0
14,2022-10-04,2,5066,122,1,0,0,0
14,2022-10-05,3,5053,111,1,0,0,0
14,2022-10-06,4,4708,112,1,0,0,0
14,2022-10-07,5,5497,121,1,0,0,0
14,2022-10-08,6,8893,191,1,1,0,0
14,2022-10-09,7,5841,139,1,0,0,0
14,2022-10-10,1,4641,98,1,0,0,0
14,2022-10-11,2,5665,125,1,1,0,0
14,2022-10-12,3,5314,129,1,0,0,0
14,2022-10-13,4,5870,135,1,1,0,0
14,2022-10-14,5,5480,137,1,0,0,0
14,2022-10-15,6,7539,160,1,0,0,0
14,2022-10-16,7,5793,135,1,0,0,0
14,2022-10-17,1,4975,128,1,0,0,0
14,2022-10-18,2,4674,106,1,0,0,0
14,2022-10-19,3,5097,119,1,0,0,0
14,2022-10-20,4,4885,121,1,0,0,0
14,2022-10-21,5,5167,126,1,0,0,0
14,2022-10-22,6,7178,179,1,0,0,0
14,2022-10-23,7,0,0,0,0,0,0
14,2022-10-24,1,4870,111,1,0,0,0
14,2022-10-25,2,4507,105,1,0,0,0
14,2022-10-26,3,4716,104,1,0,0,0
14,2022-10-27,4,5541,113,1,0,0,0
14,2022-10-28,5,5784,124,1,0,0,0
14,2022-10-29,6,6774,120,1,0,0,0
14,2022-10-30,7,5966,138,1,0,0,0
14,2022-10-31,1,4860,93,1,0,0,0
14,2022-11-01,2,4292,91,1,0,0,0
14,2022-11-02,3,5093,123,1,0,0,0
14,2022-11-03,4,5417,118,1,0,0,0
14,2022-11-04,5,5595,128,1,0,0,0
14,2022-11-05,6,7244,189,1,0,0,0
14,2022-11-06,7,0,0,0,0,0,0
14,2022-11-07,1,6247,145,1,1,0,0
14,2022-11-08,2,5920,142,1,1,0,0
14,2022-11-09,3,4962,106,1,0,0,0
14,2022-11-10,4,4970,100,1,0,0,0
14,2022-11-11,5,6311,151,1,0,0,0
14,2022-11-12,6,9086,213,1,1,0,0
14,2022-11-13,7,6212,133,1,0,0,0
14,2022-11-14,1,6221,129,1,1,0,0
14,2022-11-15,2,4189,101,1,0,0,0
14,2022-11-16,3,4931,113,1,0,0,0
14,2022-11-17,4,4890,106,1,0,0,0
14,2022-11-18,5,6017,145,1,0,0,0
14,2022-11-19,6,6910,148,1,0,0,0
14,2022-11-20,7,0,0,0,0,0,0
14,2022-11-21,1,5166,111,1,0,0,0
14,2022-11-22,2,6100,129,1,1,0,0
14,2022-11-23,3,5033,108,1,0,0,0
14,2022-11-24,4,5095,109,1,0,0,0
14,2022-11-25,5,5711,104,1,0,0,0
14,2022-11-26,6,8619,205,1,1,0,0
14,2022-11-27,7,7596,159,1,1,0,0
14,2022-11-28,1,5188,97,1,0,0,0
14,2022-11-29,2,4611,107,1,0,0,0
14,2022-11-30,3,5046,89,1,0,0,0
14,2022-12-01,4,5180,110,1,0,0,0
14,2022-12-02,5,5847,146,1,0,0,0
14,2022-12-03,6,9006,173,1,1,0,0
14,2022-12-04,7,5579,136,1,0,0,0
14,2022-12-05,1,4661,101,1,0,0,0
14,2022-12-06,2,4270,97,1,0,0,0
14,2022-12-07,3,6558,157,1,1,0,0
14,2022-12-08,4,5320,108,1,0,0,0
14,2022-12-09,5,5763,117,1,0,0,0
14,2022-12-10,6,7158,145,1,0,0,0
14,2022-12-11,7,5995,125,1,0,0,0
14,2022-12-12,1,6174,134,1,1,0,0
14,2022-12-13,2,4712,90,1,0,0,0
14,2022-12-14,3,6171,140,1,1,0,0
14,2022-12-15,4,5568,131,1,0,0,0
14,2022-12-16,5,5416,111,1,0,0,0
14,2022-12-17,6,9748,198,1,1,0,0
14,2022-12-18,7,0,0,0,0,0,0
14,2022-12-19,1,5354,122,1,0,0,0
14,2022-12-20,2,4267,93,1,0,0,0
14,2022-12-21,3,5186,133,1,0,0,0
14,2022-12-22,4,5062,119,1,0,0,0
14,2022-12-23,5,7173,161,1,1,0,0
14,2022-12-24,6,9240,192,1,1,0,0
14,2022-12-25,7,6249,137,1,0,a,0
14,2022-12-26,1,4477,98,1,0,0,0
14,2022-12-27,2,4847,130,1,0,0,0
14,2022-12-28,3,5124,110,1,0,0,0
14,2022-12-29,4,5070,125,1,0,0,0
14,2022-12-30,5,5765,118,1,0,0,0
14,2022-12-31,6,7208,165,1,0,0,0
14,2023-01-01,7,0,0,0,0,a,0
14,2023-01-02,1,5063,117,1,0,0,0
14,2023-01-03,2,4916,113,1,0,0,0
14,2023-01-04,3,6568,146,1,1,0,0
14,2023-01-05,4,5580,126,1,0,0,0
14,2023-01-06,5,5519,121,1,0,0,0
14,2023-01-07,6,8298,171,1,0,0,0
14,2023-01-08,7,6206,144,1,0,0,0
14,2023-01-09,1,4857,111,1,0,0,0
14,2023-01-10,2,5432,125,1,0,0,0
14,2023-01-11,3,6236,124,1,1,0,0
14,2023-01-12,4,4943,106,1,0,0,0
14,2023-01-13,5,5669,125,1,0,0,0
14,2023-01-14,6,7273,166,1,0,0,0
14,2023-01-15,7,8035,156,1,1,0,0
14,2023-01-16,1,6202,117,1,1,0,0
14,2023-01-17,2,6131,147,1,1,0,0
14,2023-01-18,3,5120,110,1,0,0,0
14,2023-01-19,4,6973,171,1,1,0,0
14,2023-01-20,5,5734,130,1,0,0,0
14,2023-01-21,6,7418,174,1,0,0,0
14,2023-01-22,7,7372,164,1,1,0,0
14,2023-01-23,1,6117,140,1,1,0,0
14,2023-01-24,2,5017,121,1,0,0,0
14,2023-01-25,3,5299,108,1,0,0,0
14,2023-01-26,4,5729,114,1,0,0,0
14,2023-01-27,5,5807,129,1,0,0,0
14,2023-01-28,6,7408,145,1,0,0,0
14,2023-01-29,7,7800,150,1,1,0,0
14,2023-01-30,1,4890,102,1,0,0,0
14,2023-01-31,2,5926,142,1,1,0,0
14,2023-02-01,3,6505,149,1,1,0,0
14,2023-02-02,4,5186,137,1,0,0,0
14,2023-02-03,5,7204,169,1,1,0,0
14,2023-02-04,6,7748,192,1,0,0,0
14,2023-02-05,7,0,0,0,0,0,0
14,2023-02-06,1,5518,121,1,0,0,0
14,2023-02-07,2,5132,130,1,0,0,0
14,2023-02-08,3,6167,133,1,1,0,0
14,2023-02-09,4,6491,148,1,1,0,0
14,2023-02-10,5,5456,137,1,0,0,0
14,2023-02-11,6,8959,204,1,1,0,0
14,2023-02-12,7,6527,160,1,0,0,0
14,2023-02-13,1,6194,116,1,1,0,0
14,2023-02-14,2,4574,93,1,0,0,0
14,2023-02-15,3,4639,110,1,0,0,0
14,2023-02-16,4,4917,104,1,0,0,0
14,2023-02-17,5,5633,128,1,0,0,0
14,2023-02-18,6,7548,165,1,0,0,0
14,2023-02-19,7,0,0,0,1,0,0
14,2023-02-20,1,5209,99,1,0,0,0
14,2023-02-21,2,5866,135,1,1,0,0
14,2023-02-22,3,6829,144,1,1,0,0
14,2023-02-23,4,5281,128,1,0,0,0
14,2023-02-24,5,6013,145,1,0,0,0
14,2023-02-25,6,9204,198,1,1,0,0
14,2023-02-26,7,6474,149,1,0,0,0
14,2023-02-27,1,4708,102,1,0,0,0
14,2023-02-28,2,4627,98,1,0,0,0
14,2023-03-01,3,4907,110,1,0,0,0
14,2023-03-02,4,7049,163,1,1,0,0
14,2023-03-03,5,5818,138,1,0,0,0
14,2023-03-04,6,7213,150,1,0,0,0
14,2023-03-05,7,6111,124,1,0,0,0
14,2023-03-06,1,6368,138,1,1,0,0
14,2023-03-07,2,5842,121,1,1,0,0
14,2023-03-08,3,5207,106,1,0,0,0
14,2023-03-09,4,5299,116,1,0,0,0
14,2023-03-10,5,5749,119,1,0,0,0
14,2023-03-11,6,7105,158,1,0,0,0
14,2023-03-12,7,6457,148,1,0,0,0
14,2023-03-13,1,6176,132,1,1,0,0
14,2023-03-14,2,4222,96,1,0,0,0
14,2023-03-15,3,5267,119,1,0,0,0
14,2023-03-16,4,6808,164,1,1,0,0
14,2023-03-17,5,6184,137,1,0,0,0
14,2023-03-18,6,7756,157,1,0,0,0
14,2023-03-19,7,6236,129,1,0,0,0
14,2023-03-20,1,4945,125,1,0,0,0
14,2023-03-21,2,6046,122,1,1,0,0
14,2023-03-22,3,5358,109,1,0,0,0
14,2023-03-23,4,5312,95,1,0,0,0
14,2023-03-24,5,5493,136,1,0,0,0
14,2023-03-25,6,9351,208,1,1,0,0
14,2023-03-26,7,6187,123,1,0,0,0
14,2023-03-27,1,4572,81,1,0,0,0
14,2023-03-28,2,6438,140,1,1,0,0
14,2023-03-29,3,5192,113,1,0,0,0
14,2023-03-30,4,6247,157,1,1,0,0
14,2023-03-31,5,5841,130,1,0,0,0
14,2023-04-01,6,7586,156,1,0,0,0
14,2023-04-02,7,0,0,0,0,0,0
14,2023-04-03,1,5319,110,1,0,0,0
14,2023-04-04,2,5242,105,1,0,0,0
14,2023-04-05,3,5299,112,1,0,0,0
14,2023-04-06,4,5196,100,1,0,0,0
14,2023-04-07,5,5670,141,1,0,0,0
14,2023-04-08,6,7370,170,1,0,0,0
14,2023-04-09,7,7755,171,1,1,0,0
14,2023-04-10,1,5088,114,1,0,0,0
14,2023-04-11,2,6548,141,1,1,0,0
14,2023-04-12,3,5144,118,1,0,0,0
14,2023-04-13,4,4837,116,1,0,0,0
14,2023-04-14,5,5594,125,1,0,0,0
14,2023-04-15,6,16374,402,1,1,0,0
14,2023-04-16,7,0,0,0,1,0,0
14,2023-04-17,1,7897,173,1,0,0,0
14,2023-04-18,2,12110,299,1,1,0,0
14,2023-04-19,3,8369,171,1,0,0,0
14,2023-04-20,4,9424,204,1,0,0,0
14,2023-04-21,5,13850,293,1,1,0,0
14,2023-04-22,6,0,0,0,1,b,0
14,2023-04-23,7,0,0,0,1,b,0
14,2023-04-24,1,557,14,1,0,0,0
14,2023-04-25,2,5264,126,1,0,0,0
14,2023-04-26,3,5180,115,1,0,0,0
14,2023-04-27,4,5407,135,1,0,0,0
14,2023-04-28,5,7121,152,1,1,0,0
14,2023-04-29,6,7774,161,1,0,0,0
14,2023-04-30,7,6327,145,1,0,0,0
14,2023-05-01,1,4996,109,1,0,0,0
14,2023-05-02,2,5169,118,1,0,0,0
14,2023-05-03,3,5323,134,1,0,0,0
14,2023-05-04,4,6278,133,1,0,0,0
14,2023-05-05,5,7137,153,1,1,0,0
14,2023-05-06,6,8202,168,1,0,0,0
14,2023-05-07,7,0,0,0,1,0,0
14,2023-05-08,1,5264,138,1,0,0,0
14,2023-05-09,2,4364,87,1,0,0,0
14,2023-05-10,3,5111,119,1,0,0,0
14,2023-05-11,4,6932,152,1,1,0,0
14,2023-05-12,5,6061,133,1,0,0,0
14,2023-05-13,6,6930,144,1,0,0,0
14,2023-05-14,7,6149,149,1,0,0,0
14,2023-05-15,1,5517,141,1,0,0,0
14,2023-05-16,2,6604,149,1,1,0,0
14,2023-05-17,3,6883,163,1,1,0,0
14,2023-05-18,4,6065,132,1,0,0,0
14,2023-05-19,5,5476,119,1,0,0,0
14,2023-05-20,6,9454,203,1,1,0,0
14,2023-05-21,7,6298,156,1,0,0,0
14,2023-05-22,1,4958,117,1,0,0,0
14,2023-05-23,2,5065,102,1,0,0,0
14,2023-05-24,3,5606,127,1,0,0,0
14,2023-05-25,4,5466,123,1,0,0,0
14,2023-05-26,5,6684,138,1,1,0,0
14,2023-05-27,6,7990,184,1,0,0,0
14,2023-05-28,7,0,0,0,0,0,0
14,2023-05-29,1,5742,125,1,1,0,0
14,2023-05-30,2,4886,114,1,0,0,0
14,2023-05-31,3,4815,104,1,0,0,0
14,2023-06-01,4,5367,114,1,0,0,1
14,2023-06-02,5,5868,142,1,0,0,1
14,2023-06-03,6,8939,222,1,1,0,1
14,2023-06-04,7,0,0,0,1,0,1
14,2023-06-05,1,4884,113,1,0,0,1
14,2023-06-06,2,6731,148,1,1,0,1
14,2023-06-07,3,5325,132,1,0,0,1
14,2023-06-08,4,6729,152,1,1,0,1
14,2023-06-09,5,6408,134,1,0,0,1
14,2023-06-10,6,7856,161,1,0,0,1
14,2023-06-11,7,6430,146,1,0,0,1
14,2023-06-12,1,5156,121,1,0,0,1
14,2023-06-13,2,4979,107,1,0,0,1
14,2023-06-14,3,5397,125,1,0,0,1
14,2023-06-15,4,7350,153,1,1,0,1
14,2023-06-16,5,5007,102,1,0,0,1
14,2023-06-17,6,10617,226,1,1,0,1
14,2023-06-18,7,0,0,0,0,0,1
14,2023-06-19,1,5231,105,1,0,0,1
14,2023-06-20,2,5790,141,1,1,0,1
14,2023-06-21,3,5694,114,1,0,0,1
14,2023-06-22,4,6368,163,1,1,0,1
14,2023-06-23,5,7987,189,1,1,0,1
14,2023-06-24,6,7687,154,1,0,0,1
14,2023-06-25,7,6290,152,1,0,0,1
14,2023-06-26,1,4863,115,1,0,0,1
14,2023-06-27,2,5385,114,1,0,0,1
14,2023-06-28,3,5268,124,1,0,0,1
14,2023-06-29,4,7098,178,1,1,0,1
14,2023-06-30,5,5434,109,1,0,0,1
14,2023-07-01,6,7447,170,1,0,0,1
14,2023-07-02,7,6432,127,1,0,0,1
14,2023-07-03,1,5985,150,1,1,0,1
14,2023-07-04,2,5176,96,1,0,0,1
14,2023-07-05,3,5140,104,1,0,0,1
14,2023-07-06,4,5278,111,1,0,0,1
14,2023-07-07,5,7783,195,1,1,0,1
14,2023-07-08,6,9842,229,1,1,0,1
14,2023-07-09,7,0,0,0,0,0,1
14,2023-07-10,1,6874,158,1,1,0,1
14,2023-07-11,2,5221,118,1,0,0,1
14,2023-07-12,3,5986,136,1,1,0,1
14,2023-07-13,4,5417,111,1,0,0,1
14,2023-07-14,5,6194,125,1,0,0,1
14,2023-07-15,6,7776,197,1,0,0,1
14,2023-07-16,7,0,0,0,0,0,1
14,2023-07-17,1,6540,133,1,1,0,1
14,2023-07-18,2,5294,118,1,0,0,1
14,2023-07-19,3,6641,165,1,1,0,1
14,2023-07-20,4,5525,137,1,0,0,1
14,2023-07-21,5,6401,150,1,0,0,1
14,2023-07-22,6,7212,188,1,0,0,1
14,2023-07-23,7,6619,158,1,0,0,1
14,2023-07-24,1,6641,177,1,1,0,1
14,2023-07-25,2,4695,106,1,0,0,1
14,2023-07-26,3,5529,120,1,0,0,1
14,2023-07-27,4,6017,129,1,0,0,1
14,2023-07-28,5,6203,129,1,0,0,1
14,2023-07-29,6,10079,207,1,1,0,1
14,2023-07-30,7,0,0,0,0,0,1
14,2023-07-31,1,6339,166,1,1,0,1
14,2023-08-01,2,4858,103,1,0,0,0
14,2023-08-02,3,5458,137,1,0,0,0
14,2023-08-03,4,6731,146,1,1,0,0
14,2023-08-04,5,5934,128,1,0,0,0
14,2023-08-05,6,8135,171,1,0,0,0
14,2023-08-06,7,6940,144,1,0,0,0
14,2023-08-07,1,5219,106,1,0,0,0
14,2023-08-08,2,5904,135,1,1,0,0
14,2023-08-09,3,5372,117,1,0,0,0
14,2023-08-10,4,6987,185,1,1,0,0
14,2023-08-11,5,6376,140,1,0,0,0
14,2023-08-12,6,7745,161,1,0,0,0
14,2023-08-13,7,0,0,0,0,0,0
14,2023-08-14,1,5441,120,1,0,0,0
14,2023-08-15,2,6323,152,1,1,0,0
14,2023-08-16,3,5590,122,1,0,0,0
14,2023-08-17,4,5804,130,1,0,a,0
14,2023-08-18,5,7246,139,1,1,0,0
14,2023-08-19,6,10330,218,1,1,0,0
14,2023-08-20,7,6388,141,1,0,0,0
14,2023-08-21,1,751,16,1,1,0,0
14,2023-08-22,2,5116,116,1,0,0,0
14,2023-08-23,3,5712,127,1,0,0,0
14,2023-08-24,4,5899,133,1,0,0,0
14,2023-08-25,5,6288,146,1,0,0,0
14,2023-08-26,6,8004,174,1,0,0,0
14,2023-08-27,7,0,0,0,0,0,0
14,2023-08-28,1,5979,122,1,0,0,0
14,2023-08-29,2,6219,157,1,1,0,0
14,2023-08-30,3,6584,119,1,1,0,0
14,2023-08-31,4,7061,174,1,1,0,0
14,2023-09-01,5,5873,129,1,0,0,0
14,2023-09-02,6,8326,215,1,0,0,0
14,2023-09-03,7,0,0,0,0,0,0
14,2023-09-04,1,5088,129,1,0,0,0
14,2023-09-05,2,5057,103,1,0,0,0
14,2023-09-06,3,5125,104,1,0,0,0
14,2023-09-07,4,7330,173,1,1,0,0
14,2023-09-08,5,5757,125,1,0,0,0
14,2023-09-09,6,7542,178,1,0,0,0
14,2023-09-10,7,0,0,0,0,0,0
14,2023-09-11,1,5508,115,1,0,0,0
14,2023-09-12,2,5544,131,1,0,0,0
14,2023-09-13,3,5546,115,1,0,0,0
14,2023-09-14,4,5216,117,1,0,0,0
14,2023-09-15,5,5980,119,1,0,0,0
14,2023-09-16,6,8561,194,1,0,0,0
14,2023-09-17,7,8098,203,1,1,0,0
14,2023-09-18,1,6139,116,1,1,0,0
14,2023-09-19,2,5745,134,1,0,0,0
14,2023-09-20,3,5260,110,1,0,0,0
14,2023-09-21,4,6965,168,1,1,0,0
14,2023-09-22,5,5970,132,1,0,0,0
14,2023-09-23,6,7570,182,1,0,0,0
14,2023-09-24,7,0,0,0,0,0,0
14,2023-09-25,1,5355,119,1,0,0,0
14,2023-09-26,2,6585,141,1,1,0,0
14,2023-09-27,3,6345,144,1,1,0,0
14,2023-09-28,4,5517,126,1,0,0,0
14,2023-09-29,5,6000,155,1,0,0,0
14,2023-09-30,6,7634,184,1,0,0,0
14,2023-10-01,7,0,0,0,0,0,0
14,2023-10-02,1,6527,163,1,1,0,0
14,2023-10-03,2,5374,124,1,0,0,0
14,2023-10-04,3,5628,138,1,0,0,0
14,2023-10-05,4,6860,158,1,1,0,0
14,2023-10-06,5,7929,168,1,1,0,0
14,2023-10-07,6,9740,231,1,1,0,0
14,2023-10-08,7,0,0,0,0,0,0
14,2023-10-09,1,5038,100,1,0,0,0
14,2023-10-10,2,5225,110,1,0,0,0
14,2023-10-11,3,5239,108,1,0,0,0
14,2023-10-12,4,7508,159,1,1,0,0
14,2023-10-13,5,6717,169,1,0,0,0
14,2023-10-14,6,10224,221,1,1,0,0
14,2023-10-15,7,0,0,0,0,0,0
14,2023-10-16,1,6667,152,1,1,0,0
14,2023-10-17,2,5830,134,1,0,0,0
14,2023-10-18,3,7480,168,1,1,0,0
14,2023-10-19,4,5571,119,1,0,0,0
14,2023-10-20,5,6161,146,1,0,0,0
14,2023-10-21,6,10166,228,1,1,0,0
14,2023-10-22,7,6137,151,1,0,0,0
14,2023-10-23,1,4857,104,1,0,0,0
14,2023-10-24,2,6088,145,1,1,0,0
14,2023-10-25,3,5376,132,1,0,0,0
14,2023-10-26,4,5371,107,1,0,0,0
14,2023-10-27,5,6686,149,1,0,0,0
14,2023-10-28,6,9283,204,1,1,0,0
14,2023-10-29,7,0,0,0,0,0,0
14,2023-10-30,1,4856,105,1,0,0,0
14,2023-10-31,2,5060,126,1,0,0,0
14,2023-11-01,3,5358,114,1,0,0,0
14,2023-11-02,4,5624,116,1,0,0,0
14,2023-11-03,5,6232,125,1,0,0,0
14,2023-11-04,6,7779,165,1,0,0,0
14,2023-11-05,7,0,0,0,0,0,0
14,2023-11-06,1,5467,124,1,0,0,0
14,2023-11-07,2,5001,103,1,0,0,0
14,2023-11-08,3,5690,121,1,0,0,0
14,2023-11-09,4,5237,124,1,0,0,0
14,2023-11-10,5,6019,140,1,0,0,0
14,2023-11-11,6,8862,193,1,0,0,0
14,2023-11-12,7,7268,152,1,0,0,0
14,2023-11-13,1,6248,148,1,1,0,0
14,2023-11-14,2,5562,100,1,0,0,0
14,2023-11-15,3,5928,151,1,0,0,0
14,2023-11-16,4,5966,124,1,0,0,0
14,2023-11-17,5,6242,140,1,0,0,0
14,2023-11-18,6,9096,227,1,1,0,0
14,2023-11-19,7,6592,131,1,0,0,0
14,2023-11-20,1,5483,117,1,0,0,0
14,2023-11-21,2,5316,114,1,0,0,0
14,2023-11-22,3,5625,132,1,0,0,0
14,2023-11-23,4,5444,120,1,0,0,0
14,2023-11-24,5,6121,145,1,0,0,0
14,2023-11-25,6,8877,180,1,1,0,0
14,2023-11-26,7,6868,153,1,0,0,0
14,2023-11-27,1,5139,116,1,0,0,0
14,2023-11-28,2,5197,107,1,0,0,0
14,2023-11-29,3,5572,126,1,0,0,0
14,2023-11-30,4,5524,131,1,0,0,0
14,2023-12-01,5,5946,140,1,0,0,0
14,2023-12-02,6,8184,177,1,0,0,0
14,2023-12-03,7,5998,121,1,0,0,0
14,2023-12-04,1,6995,136,1,1,0,0
14,2023-12-05,2,5445,125,1,0,0,0
14,2023-12-06,3,6700,153,1,1,0,0
14,2023-12-07,4,5552,123,1,0,0,0
14,2023-12-08,5,5983,140,1,0,0,0
14,2023-12-09,6,9923,206,1,1,0,0
14,2023-12-10,7,0,0,0,0,0,0
14,2023-12-11,1,6640,152,1,1,0,0
14,2023-12-12,2,7077,175,1,1,0,0
14,2023-12-13,3,5038,93,1,0,0,0
14,2023-12-14,4,5443,114,1,0,0,0
14,2023-12-15,5,6534,158,1,0,0,0
14,2023-12-16,6,11174,311,1,1,0,0
14,2023-12-17,7,7902,165,1,1,0,0
14,2023-12-18,1,5680,117,1,0,0,0
14,2023-12-19,2,4984,120,1,0,0,0
14,2023-12-20,3,5422,100,1,0,0,0
14,2023-12-21,4,5714,127,1,0,0,0
14,2023-12-22,5,6096,150,1,0,0,0
14,2023-12-23,6,7949,172,1,0,0,0
14,2023-12-24,7,0,0,0,0,0,0
14,2023-12-25,1,5598,125,1,0,a,0
14,2023-12-26,2,6323,147,1,1,0,0
14,2023-12-27,3,6693,136,1,1,0,0
14,2023-12-28,4,6871,149,1,1,0,0
14,2023-12-29,5,7617,174,1,1,0,0
14,2023-12-30,6,8191,195,1,0,0,0
14,2023-12-31,7,0,0,0,0,0,0
14,2024-01-01,1,6107,125,1,0,a,0
14,2024-01-02,2,6550,151,1,1,0,0
14,2024-01-03,3,6899,137,1,1,0,0
14,2024-01-04,4,7640,172,1,1,0,0
14,2024-01-05,5,8006,180,1,1,0,0
14,2024-01-06,6,8105,186,1,0,0,0
14,2024-01-07,7,0,0,0,0,0,0
14,2024-01-08,1,5485,132,1,0,0,0
14,2024-01-09,2,5572,133,1,0,0,0
14,2024-01-10,3,5930,143,1,0,0,0
14,2024-01-11,4,6034,151,1,0,0,0
14,2024-01-12,5,6492,147,1,0,0,0
14,2024-01-13,6,8244,189,1,0,0,0
14,2024-01-14,7,7327,196,1,0,0,0
14,2024-01-15,1,5312,110,1,0,0,0
14,2024-01-16,2,5508,118,1,0,0,0
14,2024-01-17,3,5892,140,1,0,0,0
14,2024-01-18,4,6048,142,1,0,0,0
14,2024-01-19,5,7640,164,1,1,0,0
14,2024-01-20,6,9322,221,1,0,0,0
14,2024-01-21,7,7216,161,1,0,0,0
14,2024-01-22,1,7174,172,1,1,0,0
14,2024-01-23,2,6327,144,1,1,0,0
14,2024-01-24,3,7309,153,1,1,0,0
14,2024-01-25,4,5092,110,1,0,0,0
14,2024-01-26,5,6290,159,1,0,0,0
14,2024-01-27,6,8228,172,1,0,0,0
14,2024-01-28,7,6521,143,1,0,0,0
14,2024-01-29,1,7364,171,1,1,0,0
14,2024-01-30,2,5366,106,1,0,0,0
14,2024-01-31,3,5314,123,1,0,0,0
14,2024-02-01,4,5983,97,1,0,0,0
14,2024-02-02,5,6501,131,1,0,0,0
14,2024-02-03,6,7479,170,1,0,0,0
14,2024-02-04,7,8910,203,1,1,0,0
14,2024-02-05,1,6869,158,1,1,0,0
14,2024-02-06,2,7013,154,1,1,0,0
14,2024-02-07,3,5706,131,1,0,0,0
14,2024-02-08,4,5678,132,1,0,0,0
14,2024-02-09,5,6520,148,1,0,0,0
14,2024-02-10,6,8169,173,1,0,0,0
14,2024-02-11,7,0,0,0,1,0,0
14,2024-02-12,1,5641,117,1,0,0,0
14,2024-02-13,2,6744,141,1,1,0,0
14,2024-02-14,3,5731,129,1,0,0,0
14,2024-02-15,4,5677,129,1,0,0,0
14,2024-02-16,5,6212,143,1,0,0,0
14,2024-02-17,6,8542,164,1,0,0,0
14,2024-02-18,7,8985,227,1,1,0,0
14,2024-02-19,1,5343,117,1,0,0,0
14,2024-02-20,2,6811,129,1,1,0,0
14,2024-02-21,3,6518,127,1,1,0,0
14,2024-02-22,4,6316,146,1,0,0,0
14,2024-02-23,5,8465,200,1,1,0,0
14,2024-02-24,6,7996,164,1,0,0,0
14,2024-02-25,7,0,0,0,0,0,0
14,2024-02-26,1,7282,191,1,1,0,0
14,2024-02-27,2,6775,138,1,1,0,0
14,2024-02-28,3,5796,107,1,0,0,0
14,2024-02-29,4,5517,115,1,0,0,0
14,2024-03-01,5,6600,141,1,0,0,0
14,2024-03-02,6,8188,191,1,0,0,0
14,2024-03-03,7,6824,151,1,0,0,0
14,2024-03-04,1,6741,171,1,1,0,0
14,2024-03-05,2,5324,122,1,0,0,0
14,2024-03-06,3,5656,119,1,0,0,0
14,2024-03-07,4,5642,122,1,0,0,0
14,2024-03-08,5,7154,174,1,0,0,0
14,2024-03-09,6,7827,177,1,0,0,0
14,2024-03-10,7,6902,173,1,0,0,0
14,2024-03-11,1,6993,146,1,1,0,0
14,2024-03-12,2,5595,133,1,0,0,0
14,2024-03-13,3,4931,112,1,0,0,0
14,2024-03-14,4,6662,140,1,1,0,0
14,2024-03-15,5,6259,141,1,0,0,0
14,2024-03-16,6,8656,186,1,0,0,0
14,2024-03-17,7,6656,151,1,0,0,0
14,2024-03-18,1,5435,112,1,0,0,0
14,2024-03-19,2,5402,124,1,0,0,0
14,2024-03-20,3,5407,99,1,0,0,0
14,2024-03-21,4,7459,164,1,1,0,0
14,2024-03-22,5,8134,174,1,1,0,0
14,2024-03-23,6,8497,199,1,0,0,0
14,2024-03-24,7,0,0,0,0,0,0
14,2024-03-25,1,5465,125,1,0,0,0
14,2024-03-26,2,5436,122,1,0,0,0
14,2024-03-27,3,5375,108,1,0,0,0
14,2024-03-28,4,5474,134,1,0,0,0
14,2024-03-29,5,6453,130,1,0,0,0
14,2024-03-30,6,10430,257,1,1,0,0
14,2024-03-31,7,6999,176,1,0,0,0
14,2024-04-01,1,7120,171,1,1,0,0
14,2024-04-02,2,6855,156,1,1,0,0
14,2024-04-03,3,11051,245,1,0,0,0
14,2024-04-04,4,12954,288,1,1,0,0
14,2024-04-05,5,14410,296,1,1,0,0
14,2024-04-06,6,15178,333,1,0,0,0
14,2024-04-07,7,0,0,0,0,0,0
14,2024-04-08,1,10325,204,1,0,0,0
14,2024-04-09,2,12247,310,1,1,0,0
14,2024-04-10,3,0,0,0,0,b,0
14,2024-04-11,4,0,0,0,0,b,0
14,2024-04-12,5,6597,157,1,0,0,0
14,2024-04-13,6,8499,194,1,0,0,0
14,2024-04-14,7,6655,141,1,0,0,0
14,2024-04-15,1,7488,169,1,1,0,0
14,2024-04-16,2,5035,115,1,0,0,0
14,2024-04-17,3,6857,154,1,1,0,0
14,2024-04-18,4,7131,188,1,1,0,0
14,2024-04-19,5,6252,160,1,0,0,0
14,2024-04-20,6,7612,176,1,0,0,0
14,2024-04-21,7,0,0,0,1,0,0
14,2024-04-22,1,7177,158,1,1,0,0
14,2024-04-23,2,5269,120,1,0,0,0
14,2024-04-24,3,5887,138,1,0,0,0
14,2024-04-25,4,5829,119,1,0,0,0
14,2024-04-26,5,8002,204,1,1,0,0
14,2024-04-27,6,9941,193,1,1,0,0
14,2024-04-28,7,6814,147,1,0,0,0
14,2024-04-29,1,6744,155,1,1,0,0
14,2024-04-30,2,5184,96,1,0,0,0
14,2024-05-01,3,7463,143,1,1,0,0
14,2024-05-02,4,5643,121,1,0,0,0
14,2024-05-03,5,6963,157,1,0,0,0
14,2024-05-04,6,8068,176,1,0,0,0
14,2024-05-05,7,6306,125,1,0,0,0
14,2024-05-06,1,5727,121,1,0,0,0
14,2024-05-07,2,5336,119,1,0,0,0
14,2024-05-08,3,5256,136,1,0,0,0
14,2024-05-09,4,5969,122,1,0,0,0
14,2024-05-10,5,6091,133,1,0,0,0
14,2024-05-11,6,9433,191,1,1,0,0
14,2024-05-12,7,0,0,0,1,0,0
14,2024-05-13,1,6005,136,1,0,0,0
14,2024-05-14,2,5358,105,1,0,0,0
14,2024-05-15,3,6062,151,1,0,0,0
14,2024-05-16,4,7675,142,1,1,0,0
14,2024-05-17,5,8430,176,1,1,0,0
14,2024-05-18,6,8322,188,1,0,0,0
14,2024-05-19,7,8295,173,1,1,0,0
14,2024-05-20,1,7118,173,1,1,0,0
14,2024-05-21,2,7065,154,1,1,0,0
14,2024-05-22,3,5364,124,1,0,0,0
14,2024-05-23,4,5817,146,1,0,0,0
14,2024-05-24,5,6475,143,1,0,0,0
14,2024-05-25,6,8287,161,1,0,0,0
14,2024-05-26,7,0,0,0,0,0,0
14,2024-05-27,1,5233,119,1,0,0,0
14,2024-05-28,2,5400,117,1,0,0,0
14,2024-05-29,3,5654,122,1,0,0,0
14,2024-05-30,4,5782,129,1,0,0,0
14,2024-05-31,5,6759,162,1,0,0,0
14,2024-06-01,6,9803,237,1,1,0,1
14,2024-06-02,7,8697,193,1,1,0,1
14,2024-06-03,1,5111,120,1,0,0,1
14,2024-06-04,2,5473,121,1,0,0,1
14,2024-06-05,3,5095,115,1,0,0,1
14,2024-06-06,4,5667,143,1,0,0,1
14,2024-06-07,5,8187,167,1,1,0,1
14,2024-06-08,6,7831,184,1,0,0,1
14,2024-06-09,7,0,0,0,0,0,1
14,2024-06-10,1,7375,173,1,1,0,1
14,2024-06-11,2,5061,122,1,0,0,1
14,2024-06-12,3,5717,141,1,0,0,1
14,2024-06-13,4,6378,146,1,0,0,1
14,2024-06-14,5,6614,149,1,0,0,1
14,2024-06-15,6,8457,184,1,0,0,1
14,2024-06-16,7,6637,118,1,0,0,1
14,2024-06-17,1,5432,127,1,0,0,1
14,2024-06-18,2,6828,156,1,1,0,1
14,2024-06-19,3,5185,107,1,0,0,1
14,2024-06-20,4,7813,187,1,1,0,1
14,2024-06-21,5,6645,148,1,0,0,1
14,2024-06-22,6,7719,185,1,0,0,1
14,2024-06-23,7,7247,155,1,0,0,1
14,2024-06-24,1,5833,121,1,0,0,1
14,2024-06-25,2,5638,120,1,0,0,1
14,2024-06-26,3,6414,160,1,0,0,1
14,2024-06-27,4,7484,143,1,1,0,1
14,2024-06-28,5,7091,151,1,0,0,1
14,2024-06-29,6,8482,189,1,0,0,1
14,2024-06-30,7,8825,202,1,1,0,1
15,2022-01-01,6,7250,164,1,0,a,0
15,2022-01-02,7,5504,132,1,0,0,0
15,2022-01-03,1,5649,127,1,1,0,0
15,2022-01-04,2,4844,96,1,0,0,0
15,2022-01-05,3,5027,121,1,0,0,0
15,2022-01-06,4,4944,113,1,0,0,0
15,2022-01-07,5,5728,125,1,0,0,0
15,2022-01-08,6,7639,199,1,0,0,0
15,2022-01-09,7,0,0,0,0,0,0
15,2022-01-10,1,6013,137,1,1,0,0
15,2022-01-11,2,6212,140,1,1,0,0
15,2022-01-12,3,5540,107,1,0,0,0
15,2022-01-13,4,5462,110,1,0,0,0
15,2022-01-14,5,6995,157,1,1,0,0
15,2022-01-15,6,7523,170,1,0,0,0
15,2022-01-16,7,0,0,0,0,0,0
15,2022-01-17,1,5152,113,1,0,0,0
15,2022-01-18,2,6116,132,1,1,0,0
15,2022-01-19,3,5230,126,1,0,0,0
15,2022-01-20,4,6929,123,1,1,0,0
15,2022-01-21,5,5525,134,1,0,0,0
15,2022-01-22,6,7004,144,1,0,0,0
15,2022-01-23,7,0,0,0,0,0,0
15,2022-01-24,1,4964,111,1,0,0,0
15,2022-01-25,2,6379,139,1,1,0,0
15,2022-01-26,3,6743,143,1,1,0,0
15,2022-01-27,4,4796,118,1,0,0,0
15,2022-01-28,5,6997,172,1,1,0,0
15,2022-01-29,6,9333,251,1,1,0,0
15,2022-01-30,7,0,0,0,0,0,0
15,2022-01-31,1,4893,106,1,0,0,0
15,2022-02-01,2,4588,104,1,0,0,0
15,2022-02-02,3,5014,129,1,0,0,0
15,2022-02-03,4,5039,114,1,0,0,0
15,2022-02-04,5,5954,127,1,0,0,0
15,2022-02-05,6,7868,168,1,0,0,0
15,2022-02-06,7,7826,173,1,1,0,0
15,2022-02-07,1,7092,153,1,1,0,0
15,2022-02-08,2,5142,109,1,0,0,0
15,2022-02-09,3,5367,110,1,0,0,0
15,2022-02-10,4,5283,125,1,0,0,0
15,2022-02-11,5,5775,121,1,0,0,0
15,2022-02-12,6,8022,169,1,0,0,0
15,2022-02-13,7,6069,137,1,0,0,0
15,2022-02-14,1,5040,122,1,0,0,0
15,2022-02-15,2,4878,107,1,0,0,0
15,2022-02-16,3,5284,104,1,0,0,0
15,2022-02-17,4,5552,115,1,0,0,0
15,2022-02-18,5,7736,185,1,1,0,0
15,2022-02-19,6,9302,183,1,1,0,0
15,2022-02-20,7,0,0,0,0,0,0
15,2022-02-21,1,5124,94,1,0,0,0
15,2022-02-22,2,5291,101,1,0,0,0
15,2022-02-23,3,4695,93,1,0,0,0
15,2022-02-24,4,5328,121,1,0,0,0
15,2022-02-25,5,5698,116,1,0,0,0
15,2022-02-26,6,9212,188,1,1,0,0
15,2022-02-27,7,5908,125,1,0,0,0
15,2022-02-28,1,6483,162,1,1,0,0
15,2022-03-01,2,4334,89,1,0,0,0
15,2022-03-02,3,5129,120,1,0,0,0
15,2022-03-03,4,4849,125,1,0,0,0
15,2022-03-04,5,5694,135,1,0,0,0
15,2022-03-05,6,7504,160,1,0,0,0
15,2022-03-06,7,6057,131,1,0,0,0
15,2022-03-07,1,5232,121,1,0,0,0
15,2022-03-08,2,5258,125,1,0,0,0
15,2022-03-09,3,5681,117,1,0,0,0
15,2022-03-10,4,6679,137,1,1,0,0
15,2022-03-11,5,6252,148,1,0,0,0
15,2022-03-12,6,8156,174,1,0,0,0
15,2022-03-13,7,0,0,0,0,0,0
15,2022-03-14,1,6727,159,1,1,0,0
15,2022-03-15,2,4418,99,1,0,0,0
15,2022-03-16,3,5262,122,1,0,0,0
15,2022-03-17,4,5785,125,1,0,0,0
15,2022-03-18,5,5950,147,1,0,0,0
15,2022-03-19,6,7541,165,1,0,0,0
15,2022-03-20,7,0,0,0,1,0,0
15,2022-03-21,1,6814,149,1,1,0,0
15,2022-03-22,2,4572,109,1,0,0,0
15,2022-03-23,3,5093,108,1,0,0,0
15,2022-03-24,4,5591,127,1,0,0,0
15,2022-03-25,5,6026,127,1,0,0,0
15,2022-03-26,6,10101,217,1,1,0,0
15,2022-03-27,7,0,0,0,0,0,0
15,2022-03-28,1,4968,108,1,0,0,0
15,2022-03-29,2,5121,114,1,0,0,0
15,2022-03-30,3,6076,128,1,1,0,0
15,2022-03-31,4,4833,102,1,0,0,0
15,2022-04-01,5,5761,152,1,0,0,0
15,2022-04-02,6,7673,186,1,0,0,0
15,2022-04-03,7,0,0,0,0,0,0
15,2022-04-04,1,6428,135,1,1,0,0
15,2022-04-05,2,5000,105,1,0,0,0
15,2022-04-06,3,4729,93,1,0,0,0
15,2022-04-07,4,5240,139,1,0,0,0
15,2022-04-08,5,7792,160,1,1,0,0
15,2022-04-09,6,7843,159,1,0,0,0
15,2022-04-10,7,0,0,0,0,0,0
15,2022-04-11,1,5265,100,1,0,0,0
15,2022-04-12,2,5434,120,1,0,0,0
15,2022-04-13,3,6391,155,1,1,0,0
15,2022-04-14,4,6994,162,1,1,0,0
15,2022-04-15,5,6139,138,1,0,0,0
15,2022-04-16,6,7488,156,1,0,0,0
15,2022-04-17,7,7373,155,1,1,0,0
15,2022-04-18,1,5539,117,1,0,0,0
15,2022-04-19,2,5277,110,1,0,0,0
15,2022-04-20,3,5161,104,1,0,0,0
15,2022-04-21,4,5733,122,1,0,0,0
15,2022-04-22,5,6142,146,1,0,0,0
15,2022-04-23,6,10186,220,1,1,0,0
15,2022-04-24,7,0,0,0,1,0,0
15,2022-04-25,1,9039,211,1,0,0,0
15,2022-04-26,2,9735,238,1,0,0,0
15,2022-04-27,3,10689,212,1,0,0,0
15,2022-04-28,4,9558,220,1,0,0,0
15,2022-04-29,5,10558,234,1,0,0,0
15,2022-04-30,6,14333,367,1,0,0,0
15,2022-05-01,7,14363,329,1,1,0,0
15,2022-05-02,1,0,0,0,1,b,0
15,2022-05-03,2,0,0,0,0,b,0
15,2022-05-04,3,5190,107,1,0,0,0
15,2022-05-05,4,5644,120,1,0,0,0
15,2022-05-06,5,6615,150,1,1,0,0
15,2022-05-07,6,7090,174,1,0,0,0
15,2022-05-08,7,0,0,0,0,0,0
15,2022-05-09,1,5313,105,1,0,0,0
15,2022-05-10,2,5998,130,1,1,0,0
15,2022-05-11,3,6183,141,1,1,0,0
15,2022-05-12,4,5451,118,1,0,0,0
15,2022-05-13,5,7046,163,1,1,0,0
15,2022-05-14,6,7903,189,1,0,0,0
15,2022-05-15,7,7059,149,1,0,0,0
15,2022-05-16,1,6325,135,1,1,0,0
15,2022-05-17,2,5690,133,1,1,0,0
15,2022-05-18,3,5153,108,1,0,0,0
15,2022-05-19,4,5579,139,1,0,0,0
15,2022-05-20,5,7673,181,1,1,0,0
15,2022-05-21,6,10084,223,1,1,0,0
15,2022-05-22,7,0,0,0,1,0,0
15,2022-05-23,1,5092,118,1,0,0,0
15,2022-05-24,2,5540,136,1,1,0,0
15,2022-05-25,3,6805,159,1,1,0,0
15,2022-05-26,4,5098,115,1,0,0,0
15,2022-05-27,5,7615,171,1,1,0,0
15,2022-05-28,6,7419,150,1,0,0,0
15,2022-05-29,7,6295,146,1,0,0,0
15,2022-05-30,1,5422,123,1,0,0,0
15,2022-05-31,2,4950,110,1,0,0,0
15,2022-06-01,3,5096,111,1,0,0,1
15,2022-06-02,4,6833,168,1,1,0,1
15,2022-06-03,5,5849,135,1,0,0,1
15,2022-06-04,6,7406,168,1,0,0,1
15,2022-06-05,7,0,0,0,1,0,1
15,2022-06-06,1,4703,102,1,0,0,1
15,2022-06-07,2,5236,121,1,0,0,1
15,2022-06-08,3,5266,133,1,0,0,1
15,2022-06-09,4,5250,108,1,0,0,1
15,2022-06-10,5,6159,131,1,0,0,1
15,2022-06-11,6,9749,235,1,1,0,1
15,2022-06-12,7,6765,145,1,0,0,1
15,2022-06-13,1,6123,113,1,1,0,1
15,2022-06-14,2,4948,101,1,0,0,1
15,2022-06-15,3,5580,112,1,0,0,1
15,2022-06-16,4,5430,108,1,0,0,1
15,2022-06-17,5,7789,181,1,1,0,1
15,2022-06-18,6,8274,192,1,0,0,1
15,2022-06-19,7,6536,145,1,0,0,1
15,2022-06-20,1,5044,110,1,0,0,1
15,2022-06-21,2,4999,118,1,0,0,1
15,2022-06-22,3,5647,131,1,0,0,1
15,2022-06-23,4,5539,118,1,0,0,1
15,2022-06-24,5,6014,113,1,0,0,1
15,2022-06-25,6,9955,192,1,1,0,1
15,2022-06-26,7,0,0,0,0,0,1
15,2022-06-27,1,5151,130,1,0,0,1
15,2022-06-28,2,5078,106,1,0,0,1
15,2022-06-29,3,5306,108,1,0,0,1
15,2022-06-30,4,6747,148,1,1,0,1
15,2022-07-01,5,5993,131,1,0,0,1
15,2022-07-02,6,7784,171,1,0,0,1
15,2022-07-03,7,8558,170,1,1,0,1
15,2022-07-04,1,4647,104,1,0,0,1
15,2022-07-05,2,5286,106,1,0,0,1
15,2022-07-06,3,5318,105,1,0,0,1
15,2022-07-07,4,6874,170,1,1,0,1
15,2022-07-08,5,7468,161,1,1,0,1
15,2022-07-09,6,10050,229,1,1,0,1
15,2022-07-10,7,6696,124,1,0,0,1
15,2022-07-11,1,5919,135,1,1,0,1
15,2022-07-12,2,5652,125,1,0,0,1
15,2022-07-13,3,5389,117,1,0,0,1
15,2022-07-14,4,6946,139,1,1,0,1
15,2022-07-15,5,5684,122,1,0,0,1
15,2022-07-16,6,7633,155,1,0,0,1
15,2022-07-17,7,6839,147,1,0,0,1
15,2022-07-18,1,5259,98,1,0,0,1
15,2022-07-19,2,6541,127,1,1,0,1
15,2022-07-20,3,5237,103,1,0,0,1
15,2022-07-21,4,6082,143,1,0,0,1
15,2022-07-22,5,6074,142,1,0,0,1
15,2022-07-23,6,10396,215,1,1,0,1
15,2022-07-24,7,7959,145,1,1,0,1
15,2022-07-25,1,5342,143,1,0,0,1
15,2022-07-26,2,6532,141,1,1,0,1
15,2022-07-27,3,7023,155,1,1,0,1
15,2022-07-28,4,5751,150,1,0,0,1
15,2022-07-29,5,5987,140,1,0,0,1
15,2022-07-30,6,8343,193,1,0,0,1
15,2022-07-31,7,0,0,0,1,0,1
15,2022-08-01,1,4949,111,1,0,0,0
15,2022-08-02,2,5070,105,1,0,0,0
15,2022-08-03,3,5486,129,1,0,0,0
15,2022-08-04,4,6591,134,1,1,0,0
15,2022-08-05,5,6119,141,1,0,0,0
15,2022-08-06,6,9192,212,1,1,0,0
15,2022-08-07,7,7940,168,1,1,0,0
15,2022-08-08,1,5526,108,1,0,0,0
15,2022-08-09,2,4936,103,1,0,0,0
15,2022-08-10,3,5060,110,1,0,0,0
15,2022-08-11,4,7090,150,1,1,0,0
15,2022-08-12,5,5912,143,1,0,0,0
15,2022-08-13,6,8874,225,1,0,0,0
15,2022-08-14,7,6513,136,1,0,0,0
15,2022-08-15,1,5550,134,1,0,0,0
15,2022-08-16,2,6030,138,1,1,0,0
15,2022-08-17,3,5523,132,1,0,a,0
15,2022-08-18,4,6620,145,1,1,0,0
15,2022-08-19,5,6110,132,1,0,0,0
15,2022-08-20,6,7631,165,1,0,0,0
15,2022-08-21,7,0,0,0,1,0,0
15,2022-08-22,1,5374,102,1,0,0,0
15,2022-08-23,2,6504,145,1,1,0,0
15,2022-08-24,3,5777,132,1,0,0,0
15,2022-08-25,4,5591,123,1,0,0,0
15,2022-08-26,5,6495,141,1,0,0,0
15,2022-08-27,6,10823,243,1,1,0,0
15,2022-08-28,7,8149,197,1,1,0,0
15,2022-08-29,1,5367,133,1,0,0,0
15,2022-08-30,2,5429,135,1,0,0,0
15,2022-08-31,3,5808,129,1,0,0,0
15,2022-09-01,4,5633,130,1,0,0,0
15,2022-09-02,5,7488,159,1,1,0,0
15,2022-09-03,6,8302,189,1,0,0,0
15,2022-09-04,7,0,0,0,1,0,0
15,2022-09-05,1,5535,122,1,0,0,0
15,2022-09-06,2,6716,147,1,1,0,0
15,2022-09-07,3,5485,139,1,0,0,0
15,2022-09-08,4,5681,120,1,0,0,0
15,2022-09-09,5,8021,184,1,1,0,0
15,2022-09-10,6,7394,171,1,0,0,0
15,2022-09-11,7,8662,201,1,1,0,0
15,2022-09-12,1,6796,154,1,1,0,0
15,2022-09-13,2,4981,124,1,0,0,0
15,2022-09-14,3,5489,125,1,0,0,0
15,2022-09-15,4,5987,124,1,0,0,0
15,2022-09-16,5,6300,142,1,0,0,0
15,2022-09-17,6,7694,164,1,0,0,0
15,2022-09-18,7,6094,146,1,0,0,0
15,2022-09-19,1,5983,136,1,0,0,0
15,2022-09-20,2,4757,109,1,0,0,0
15,2022-09-21,3,5540,133,1,0,0,0
15,2022-09-22,4,5462,132,1,0,0,0
15,2022-09-23,5,6545,132,1,0,0,0
15,2022-09-24,6,7514,158,1,0,0,0
15,2022-09-25,7,7045,178,1,0,0,0
15,2022-09-26,1,5303,116,1,0,0,0
15,2022-09-27,2,5162,116,1,0,0,0
15,2022-09-28,3,5372,119,1,0,0,0
15,2022-09-29,4,6838,155,1,1,0,0
15,2022-09-30,5,6117,135,1,0,0,0
15,2022-10-01,6,8303,199,1,0,0,0
15,2022-10-02,7,7463,155,1,1,0,0
15,2022-10-03,1,6432,130,1,1,0,0
15,2022-10-04,2,5619,128,1,0,0,0
15,2022-10-05,3,5443,127,1,0,0,0
15,2022-10-06,4,5486,117,1,0,0,0
15,2022-10-07,5,5845,118,1,0,0,0
15,2022-10-08,6,9449,211,1,1,0,0
15,2022-10-09,7,0,0,0,0,0,0
15,2022-10-10,1,6419,137,1,1,0,0
15,2022-10-11,2,5449,120,1,0,0,0
15,2022-10-12,3,6511,142,1,1,0,0
15,2022-10-13,4,5622,137,1,0,0,0
15,2022-10-14,5,6233,145,1,0,0,0
15,2022-10-15,6,7741,192,1,0,0,0
15,2022-10-16,7,6581,135,1,0,0,0
15,2022-10-17,1,4798,106,1,0,0,0
15,2022-10-18,2,6530,156,1,1,0,0
15,2022-10-19,3,5609,145,1,0,0,0
15,2022-10-20,4,6789,151,1,1,0,0
15,2022-10-21,5,6332,143,1,0,0,0
15,2022-10-22,6,8120,190,1,0,0,0
15,2022-10-23,7,8289,185,1,1,0,0
15,2022-10-24,1,5013,99,1,0,0,0
15,2022-10-25,2,5282,116,1,0,0,0
15,2022-10-26,3,5024,98,1,0,0,0
15,2022-10-27,4,5499,114,1,0,0,0
15,2022-10-28,5,7845,189,1,1,0,0
15,2022-10-29,6,8156,182,1,0,0,0
15,2022-10-30,7,0,0,0,0,0,0
15,2022-10-31,1,6635,145,1,1,0,0
15,2022-11-01,2,5475,105,1,0,0,0
15,2022-11-02,3,5237,121,1,0,0,0
15,2022-11-03,4,6344,152,1,1,0,0
15,2022-11-04,5,6454,145,1,0,0,0
15,2022-11-05,6,9632,209,1,1,0,0
15,2022-11-06,7,0,0,0,0,0,0
15,2022-11-07,1,6786,172,1,1,0,0
15,2022-11-08,2,6620,149,1,1,0,0
15,2022-11-09,3,5798,116,1,0,0,0
15,2022-11-10,4,5629,133,1,0,0,0
15,2022-11-11,5,6321,112,1,0,0,0
15,2022-11-12,6,9269,209,1,1,0,0
15,2022-11-13,7,0,0,0,0,0,0
15,2022-11-14,1,5217,111,1,0,0,0
15,2022-11-15,2,6138,149,1,0,0,0
15,2022-11-16,3,6834,142,1,1,0,0
15,2022-11-17,4,5829,123,1,0,0,0
15,2022-11-18,5,6511,143,1,0,0,0
15,2022-11-19,6,8079,199,1,0,0,0
15,2022-11-20,7,6759,154,1,0,0,0
15,2022-11-21,1,6023,136,1,0,0,0
15,2022-11-22,2,1049,22,1,0,0,0
15,2022-11-23,3,6144,116,1,1,0,0
15,2022-11-24,4,6682,164,1,1,0,0
15,2022-11-25,5,6637,146,1,0,0,0
15,2022-11-26,6,7935,165,1,0,0,0
15,2022-11-27,7,0,0,0,0,0,0
15,2022-11-28,1,5620,123,1,0,0,0
15,2022-11-29,2,5130,123,1,0,0,0
15,2022-11-30,3,5330,114,1,0,0,0
15,2022-12-01,4,5600,122,1,0,0,0
15,2022-12-02,5,7099,163,1,1,0,0
15,2022-12-03,6,10321,211,1,1,0,0
15,2022-12-04,7,6868,140,1,0,0,0
15,2022-12-05,1,5169,102,1,0,0,0
15,2022-12-06,2,6126,152,1,1,0,0
15,2022-12-07,3,6628,130,1,1,0,0
15,2022-12-08,4,6024,150,1,0,0,0
15,2022-12-09,5,6598,155,1,0,0,0
15,2022-12-10,6,8246,186,1,0,0,0
15,2022-12-11,7,7195,161,1,0,0,0
15,2022-12-12,1,4982,115,1,0,0,0
15,2022-12-13,2,5266,96,1,0,0,0
15,2022-12-14,3,5721,124,1,0,0,0
15,2022-12-15,4,5975,145,1,0,0,0
15,2022-12-16,5,6610,145,1,0,0,0
15,2022-12-17,6,10585,230,1,1,0,0
15,2022-12-18,7,7100,181,1,0,0,0
15,2022-12-19,1,5659,125,1,0,0,0
15,2022-12-20,2,5024,123,1,0,0,0
15,2022-12-21,3,5448,126,1,0,0,0
15,2022-12-22,4,5270,119,1,0,0,0
15,2022-12-23,5,6683,130,1,0,0,0
15,2022-12-24,6,8676,196,1,0,0,0
15,2022-12-25,7,0,0,0,0,a,0
15,2022-12-26,1,5357,140,1,0,0,0
15,2022-12-27,2,6090,145,1,1,0,0
15,2022-12-28,3,5551,112,1,0,0,0
15,2022-12-29,4,5530,122,1,0,0,0
15,2022-12-30,5,6005,120,1,0,0,0
15,2022-12-31,6,8191,179,1,0,0,0
15,2023-01-01,7,0,0,0,0,a,0
15,2023-01-02,1,5688,131,1,0,0,0
15,2023-01-03,2,962,20,1,1,0,0
15,2023-01-04,3,6976,156,1,1,0,0
15,2023-01-05,4,6321,137,1,0,0,0
15,2023-01-06,5,8488,191,1,1,0,0
15,2023-01-07,6,8088,182,1,0,0,0
15,2023-01-08,7,8579,167,1,1,0,0
15,2023-01-09,1,5206,126,1,0,0,0
15,2023-01-10,2,5366,137,1,0,0,0
15,2023-01-11,3,5818,137,1,0,0,0
15,2023-01-12,4,6084,121,1,0,0,0
15,2023-01-13,5,7743,180,1,1,0,0
15,2023-01-14,6,10803,214,1,1,0,0
15,2023-01-15,7,6757,172,1,0,0,0
15,2023-01-16,1,6763,173,1,1,0,0
15,2023-01-17,2,7351,157,1,1,0,0
15,2023-01-18,3,5513,112,1,0,0,0
15,2023-01-19,4,5477,127,1,0,0,0
15,2023-01-20,5,6195,145,1,0,0,0
15,2023-01-21,6,8543,195,1,0,0,0
15,2023-01-22,7,6388,151,1,0,0,0
15,2023-01-23,1,5727,126,1,0,0,0
15,2023-01-24,2,5148,102,1,0,0,0
15,2023-01-25,3,5603,133,1,0,0,0
15,2023-01-26,4,8063,196,1,1,0,0
15,2023-01-27,5,6138,121,1,0,0,0
15,2023-01-28,6,7424,172,1,0,0,0
15,2023-01-29,7,7191,184,1,0,0,0
15,2023-01-30,1,5123,115,1,0,0,0
15,2023-01-31,2,5168,119,1,0,0,0
15,2023-02-01,3,5839,124,1,0,0,0
15,2023-02-02,4,6019,143,1,0,0,0
15,2023-02-03,5,5669,128,1,0,0,0
15,2023-02-04,6,8131,180,1,0,0,0
15,2023-02-05,7,0,0,0,0,0,0
15,2023-02-06,1,6078,127,1,0,0,0
15,2023-02-07,2,5062,109,1,0,0,0
15,2023-02-08,3,5945,139,1,0,0,0
15,2023-02-09,4,5636,121,1,0,0,0
15,2023-02-10,5,8474,192,1,1,0,0
15,2023-02-11,6,7856,164,1,0,0,0
15,2023-02-12,7,0,0,0,1,0,0
15,2023-02-13,1,7043,153,1,1,0,0
15,2023-02-14,2,5664,132,1,0,0,0
15,2023-02-15,3,5814,110,1,0,0,0
15,2023-02-16,4,5714,129,1,0,0,0
15,2023-02-17,5,6293,142,1,0,0,0
15,2023-02-18,6,9040,197,1,0,0,0
15,2023-02-19,7,0,0,0,0,0,0
15,2023-02-20,1,5405,142,1,0,0,0
15,2023-02-21,2,5561,135,1,0,0,0
15,2023-02-22,3,7299,168,1,1,0,0
15,2023-02-23,4,5453,122,1,0,0,0
15,2023-02-24,5,8279,212,1,1,0,0
15,2023-02-25,6,9612,212,1,1,0,0
15,2023-02-26,7,0,0,0,1,0,0
15,2023-02-27,1,6591,149,1,1,0,0
15,2023-02-28,2,5390,128,1,0,0,0
15,2023-03-01,3,5549,117,1,0,0,0
15,2023-03-02,4,5800,127,1,0,0,0
15,2023-03-03,5,5864,140,1,0,0,0
15,2023-03-04,6,10373,262,1,1,0,0
15,2023-03-05,7,0,0,0,1,0,0
15,2023-03-06,1,6190,132,1,0,0,0
15,2023-03-07,2,5325,118,1,0,0,0
15,2023-03-08,3,5609,102,1,0,0,0
15,2023-03-09,4,6073,123,1,0,0,0
15,2023-03-10,5,6918,154,1,0,0,0
15,2023-03-11,6,7853,189,1,0,0,0
15,2023-03-12,7,8745,192,1,1,0,0
15,2023-03-13,1,5835,119,1,0,0,0
15,2023-03-14,2,6867,165,1,1,0,0
15,2023-03-15,3,5739,116,1,0,0,0
15,2023-03-16,4,7161,132,1,1,0,0
15,2023-03-17,5,6395,134,1,0,0,0
15,2023-03-18,6,10392,230,1,1,0,0
15,2023-03-19,7,0,0,0,0,0,0
15,2023-03-20,1,5823,125,1,0,0,0
15,2023-03-21,2,5215,120,1,0,0,0
15,2023-03-22,3,7432,152,1,1,0,0
15,2023-03-23,4,6280,141,1,0,0,0
15,2023-03-24,5,6631,134,1,0,0,0
15,2023-03-25,6,7624,158,1,0,0,0
15,2023-03-26,7,7033,148,1,0,0,0
15,2023-03-27,1,6756,146,1,1,0,0
15,2023-03-28,2,5318,105,1,0,0,0
15,2023-03-29,3,5815,143,1,0,0,0
15,2023-03-30,4,7782,175,1,1,0,0
15,2023-03-31,5,7475,155,1,1,0,0
15,2023-04-01,6,10514,247,1,1,0,0
15,2023-04-02,7,0,0,0,0,0,0
15,2023-04-03,1,5287,117,1,0,0,0
15,2023-04-04,2,5417,137,1,0,0,0
15,2023-04-05,3,6932,161,1,1,0,0
15,2023-04-06,4,6117,130,1,0,0,0
15,2023-04-07,5,6125,140,1,0,0,0
15,2023-04-08,6,7742,186,1,0,0,0
15,2023-04-09,7,0,0,0,0,0,0
15,2023-04-10,1,7088,152,1,1,0,0
15,2023-04-11,2,5156,112,1,0,0,0
15,2023-04-12,3,5712,141,1,0,0,0
15,2023-04-13,4,6925,145,1,1,0,0
15,2023-04-14,5,6846,151,1,0,0,0
15,2023-04-15,6,15360,361,1,0,0,0
15,2023-04-16,7,0,0,0,1,0,0
15,2023-04-17,1,12264,245,1,1,0,0
15,2023-04-18,2,9655,217,1,0,0,0
15,2023-04-19,3,9778,219,1,0,0,0
15,2023-04-20,4,11388,258,1,0,0,0
15,2023-04-21,5,15607,362,1,1,0,0
15,2023-04-22,6,0,0,0,1,b,0
15,2023-04-23,7,0,0,0,0,b,0
15,2023-04-24,1,5307,108,1,0,0,0
15,2023-04-25,2,5455,110,1,0,0,0
15,2023-04-26,3,5891,136,1,0,0,0
15,2023-04-27,4,6290,124,1,0,0,0
15,2023-04-28,5,7840,177,1,1,0,0
15,2023-04-29,6,7733,182,1,0,0,0
15,2023-04-30,7,6536,152,1,0,0,0
15,2023-05-01,1,5789,152,1,0,0,0
15,2023-05-02,2,5497,111,1,0,0,0
15,2023-05-03,3,6046,134,1,0,0,0
15,2023-05-04,4,5962,132,1,0,0,0
15,2023-05-05,5,7109,176,1,0,0,0
15,2023-05-06,6,7788,180,1,0,0,0
15,2023-05-07,7,0,0,0,0,0,0
15,2023-05-08,1,7530,177,1,1,0,0
15,2023-05-09,2,5298,117,1,0,0,0
15,2023-05-10,3,5810,122,1,0,0,0
15,2023-05-11,4,7500,159,1,1,0,0
15,2023-05-12,5,6696,148,1,0,0,0
15,2023-05-13,6,10341,239,1,1,0,0
15,2023-05-14,7,0,0,0,0,0,0
15,2023-05-15,1,6700,157,1,1,0,0
15,2023-05-16,2,7118,152,1,1,0,0
15,2023-05-17,3,7504,146,1,1,0,0
15,2023-05-18,4,5895,143,1,0,0,0
15,2023-05-19,5,6403,133,1,0,0,0
15,2023-05-20,6,8729,217,1,0,0,0
15,2023-05-21,7,0,0,0,0,0,0
15,2023-05-22,1,7766,185,1,1,0,0
15,2023-05-23,2,5662,127,1,0,0,0
15,2023-05-24,3,5744,134,1,0,0,0
15,2023-05-25,4,6228,124,1,0,0,0
15,2023-05-26,5,6820,149,1,0,0,0
15,2023-05-27,6,10752,248,1,1,0,0
15,2023-05-28,7,0,0,0,1,0,0
15,2023-05-29,1,5787,118,1,0,0,0
15,2023-05-30,2,5950,129,1,0,0,0
15,2023-05-31,3,5639,128,1,0,0,0
15,2023-06-01,4,6277,145,1,0,0,1
15,2023-06-02,5,8629,197,1,1,0,1
15,2023-06-03,6,10802,205,1,1,0,1
15,2023-06-04,7,7000,151,1,0,0,1
15,2023-06-05,1,5839,130,1,0,0,1
15,2023-06-06,2,5671,125,1,0,0,1
15,2023-06-07,3,6358,134,1,0,0,1
15,2023-06-08,4,6290,138,1,0,0,1
15,2023-06-09,5,6868,167,1,0,0,1
15,2023-06-10,6,8982,241,1,0,0,1
15,2023-06-11,7,0,0,0,0,0,1
15,2023-06-12,1,5098,115,1,0,0,1
15,2023-06-13,2,6915,158,1,1,0,1
15,2023-06-14,3,7048,167,1,1,0,1
15,2023-06-15,4,6109,141,1,0,0,1
15,2023-06-16,5,6460,148,1,0,0,1
15,2023-06-17,6,8797,200,1,0,0,1
15,2023-06-18,7,0,0,0,0,0,1
15,2023-06-19,1,6183,130,1,0,0,1
15,2023-06-20,2,7542,174,1,1,0,1
15,2023-06-21,3,5407,125,1,0,0,1
15,2023-06-22,4,6117,129,1,0,0,1
15,2023-06-23,5,6502,148,1,0,0,1
15,2023-06-24,6,10834,212,1,1,0,1
15,2023-06-25,7,0,0,0,1,0,1
15,2023-06-26,1,5344,111,1,0,0,1
15,2023-06-27,2,5312,106,1,0,0,1
15,2023-06-28,3,5591,122,1,0,0,1
15,2023-06-29,4,5864,129,1,0,0,1
15,2023-06-30,5,6493,146,1,0,0,1
15,2023-07-01,6,8915,195,1,0,0,1
15,2023-07-02,7,7065,176,1,0,0,1
15,2023-07-03,1,5469,116,1,0,0,1
15,2023-07-04,2,5503,111,1,0,0,1
15,2023-07-05,3,6444,124,1,1,0,1
15,2023-07-06,4,6650,141,1,0,0,1
15,2023-07-07,5,6684,142,1,0,0,1
15,2023-07-08,6,9014,218,1,0,0,1
15,2023-07-09,7,0,0,0,0,0,1
15,2023-07-10,1,5718,127,1,0,0,1
15,2023-07-11,2,4935,109,1,0,0,1
15,2023-07-12,3,5695,108,1,0,0,1
15,2023-07-13,4,6158,149,1,0,0,1
15,2023-07-14,5,6709,141,1,0,0,1
15,2023-07-15,6,9050,212,1,0,0,1
15,2023-07-16,7,8763,186,1,1,0,1
15,2023-07-17,1,6266,133,1,0,0,1
15,2023-07-18,2,5314,110,1,0,0,1
15,2023-07-19,3,6020,130,1,0,0,1
15,2023-07-20,4,7186,167,1,1,0,1
15,2023-07-21,5,7006,138,1,0,0,1
15,2023-07-22,6,10365,246,1,1,0,1
15,2023-07-23,7,0,0,0,1,0,1
15,2023-07-24,1,5320,114,1,0,0,1
15,2023-07-25,2,5488,108,1,0,0,1
15,2023-07-26,3,6336,145,1,0,0,1
15,2023-07-27,4,7870,173,1,1,0,1
15,2023-07-28,5,6861,160,1,0,0,1
15,2023-07-29,6,8603,165,1,0,0,1
15,2023-07-30,7,6638,128,1,0,0,1
15,2023-07-31,1,5488,142,1,0,0,1
15,2023-08-01,2,5475,129,1,0,0,0
15,2023-08-02,3,5698,122,1,0,0,0
15,2023-08-03,4,1475,29,1,0,0,0
15,2023-08-04,5,6403,130,1,0,0,0
15,2023-08-05,6,8648,201,1,0,0,0
15,2023-08-06,7,0,0,0,1,0,0
15,2023-08-07,1,6092,117,1,0,0,0
15,2023-08-08,2,7445,155,1,1,0,0
15,2023-08-09,3,6074,119,1,0,0,0
15,2023-08-10,4,6239,132,1,0,0,0
15,2023-08-11,5,7764,161,1,1,0,0
15,2023-08-12,6,9651,226,1,0,0,0
15,2023-08-13,7,0,0,0,1,0,0
15,2023-08-14,1,7506,155,1,1,0,0
15,2023-08-15,2,5884,129,1,0,0,0
15,2023-08-16,3,5599,128,1,0,0,0
15,2023-08-17,4,5909,144,1,0,a,0
15,2023-08-18,5,6879,148,1,0,0,0
15,2023-08-19,6,8003,155,1,0,0,0
15,2023-08-20,7,7038,155,1,0,0,0
15,2023-08-21,1,5092,117,1,0,0,0
15,2023-08-22,2,5661,127,1,0,0,0
15,2023-08-23,3,7904,179,1,1,0,0
15,2023-08-24,4,7638,175,1,1,0,0
15,2023-08-25,5,6262,145,1,0,0,0
15,2023-08-26,6,10560,207,1,1,0,0
15,2023-08-27,7,0,0,0,0,0,0
15,2023-08-28,1,5843,124,1,0,0,0
15,2023-08-29,2,5795,131,1,0,0,0
15,2023-08-30,3,5875,120,1,0,0,0
15,2023-08-31,4,5887,119,1,0,0,0
15,2023-09-01,5,8512,193,1,1,0,0
15,2023-09-02,6,10915,250,1,1,0,0
15,2023-09-03,7,0,0,0,0,0,0
15,2023-09-04,1,7085,165,1,1,0,0
15,2023-09-05,2,5691,113,1,0,0,0
15,2023-09-06,3,5893,139,1,0,0,0
15,2023-09-07,4,8535,186,1,1,0,0
15,2023-09-08,5,6523,140,1,0,0,0
15,2023-09-09,6,8549,187,1,0,0,0
15,2023-09-10,7,6764,164,1,0,0,0
15,2023-09-11,1,6193,121,1,0,0,0
15,2023-09-12,2,6078,127,1,0,0,0
15,2023-09-13,3,5881,126,1,0,0,0
15,2023-09-14,4,6505,133,1,0,0,0
15,2023-09-15,5,6901,138,1,0,0,0
15,2023-09-16,6,9038,191,1,0,0,0
15,2023-09-17,7,0,0,0,0,0,0
15,2023-09-18,1,7338,167,1,1,0,0
15,2023-09-19,2,6229,144,1,0,0,0
15,2023-09-20,3,6396,146,1,0,0,0
15,2023-09-21,4,6399,139,1,0,0,0
15,2023-09-22,5,7124,167,1,0,0,0
15,2023-09-23,6,9809,205,1,0,0,0
15,2023-09-24,7,7408,171,1,0,0,0
15,2023-09-25,1,7050,158,1,1,0,0
15,2023-09-26,2,6051,115,1,0,0,0
15,2023-09-27,3,5943,134,1,0,0,0
15,2023-09-28,4,6312,142,1,0,0,0
15,2023-09-29,5,6852,175,1,0,0,0
15,2023-09-30,6,8449,178,1,0,0,0
15,2023-10-01,7,7249,161,1,0,0,0
15,2023-10-02,1,7656,193,1,1,0,0
15,2023-10-03,2,5925,135,1,0,0,0
15,2023-10-04,3,7648,177,1,1,0,0
15,2023-10-05,4,6110,122,1,0,0,0
15,2023-10-06,5,6257,135,1,0,0,0
15,2023-10-07,6,8753,201,1,0,0,0
15,2023-10-08,7,0,0,0,0,0,0
15,2023-10-09,1,6526,153,1,1,0,0
15,2023-10-10,2,5704,139,1,0,0,0
15,2023-10-11,3,5957,152,1,0,0,0
15,2023-10-12,4,7374,184,1,1,0,0
15,2023-10-13,5,8867,195,1,1,0,0
15,2023-10-14,6,11504,249,1,1,0,0
15,2023-10-15,7,9765,214,1,1,0,0
15,2023-10-16,1,5853,117,1,0,0,0
15,2023-10-17,2,7629,166,1,1,0,0
15,2023-10-18,3,5749,122,1,0,0,0
15,2023-10-19,4,7596,147,1,1,0,0
15,2023-10-20,5,8847,204,1,1,0,0
15,2023-10-21,6,8514,167,1,0,0,0
15,2023-10-22,7,0,0,0,1,0,0
15,2023-10-23,1,6118,149,1,0,0,0
15,2023-10-24,2,5740,126,1,0,0,0
15,2023-10-25,3,5728,129,1,0,0,0
15,2023-10-26,4,7524,183,1,1,0,0
15,2023-10-27,5,6762,160,1,0,0,0
15,2023-10-28,6,9076,226,1,0,0,0
15,2023-10-29,7,7069,156,1,0,0,0
15,2023-10-30,1,6451,158,1,1,0,0
15,2023-10-31,2,5978,121,1,0,0,0
15,2023-11-01,3,7760,176,1,1,0,0
15,2023-11-02,4,7351,138,1,1,0,0
15,2023-11-03,5,6478,147,1,0,0,0
15,2023-11-04,6,9428,230,1,0,0,0
15,2023-11-05,7,0,0,0,1,0,0
15,2023-11-06,1,7640,164,1,1,0,0
15,2023-11-07,2,6951,157,1,1,0,0
15,2023-11-08,3,6221,118,1,0,0,0
15,2023-11-09,4,7418,133,1,1,0,0
15,2023-11-10,5,7024,168,1,0,0,0
15,2023-11-11,6,9004,207,1,0,0,0
15,2023-11-12,7,8081,165,1,1,0,0
15,2023-11-13,1,5936,121,1,0,0,0
15,2023-11-14,2,6953,163,1,1,0,0
15,2023-11-15,3,6364,133,1,0,0,0
15,2023-11-16,4,7882,158,1,1,0,0
15,2023-11-17,5,6804,158,1,0,0,0
15,2023-11-18,6,9533,175,1,0,0,0
15,2023-11-19,7,8167,164,1,1,0,0
15,2023-11-20,1,6479,159,1,0,0,0
15,2023-11-21,2,6321,142,1,0,0,0
15,2023-11-22,3,7407,162,1,1,0,0
15,2023-11-23,4,6519,148,1,0,0,0
15,2023-11-24,5,8835,216,1,1,0,0
15,2023-11-25,6,7772,179,1,0,0,0
15,2023-11-26,7,7192,155,1,0,0,0
15,2023-11-27,1,6931,143,1,1,0,0
15,2023-11-28,2,5396,116,1,0,0,0
15,2023-11-29,3,5967,121,1,0,0,0
15,2023-11-30,4,6173,137,1,0,0,0
15,2023-12-01,5,9165,194,1,1,0,0
15,2023-12-02,6,8554,230,1,0,0,0
15,2023-12-03,7,0,0,0,0,0,0
15,2023-12-04,1,6334,132,1,0,0,0
15,2023-12-05,2,5745,135,1,0,0,0
15,2023-12-06,3,5907,121,1,0,0,0
15,2023-12-07,4,6530,178,1,0,0,0
15,2023-12-08,5,7107,147,1,0,0,0
15,2023-12-09,6,8948,164,1,0,0,0
15,2023-12-10,7,7591,161,1,0,0,0
15,2023-12-11,1,5568,137,1,0,0,0
15,2023-12-12,2,5638,112,1,0,0,0
15,2023-12-13,3,8349,193,1,1,0,0
15,2023-12-14,4,5321,119,1,0,0,0
15,2023-12-15,5,6701,139,1,0,0,0
15,2023-12-16,6,8390,184,1,0,0,0
15,2023-12-17,7,0,0,0,0,0,0
15,2023-12-18,1,7659,192,1,1,0,0
15,2023-12-19,2,7673,158,1,1,0,0
15,2023-12-20,3,5958,117,1,0,0,0
15,2023-12-21,4,5993,139,1,0,0,0
15,2023-12-22,5,6441,135,1,0,0,0
15,2023-12-23,6,8953,213,1,0,0,0
15,2023-12-24,7,0,0,0,1,0,0
15,2023-12-25,1,5782,139,1,0,a,0
15,2023-12-26,2,5805,129,1,0,0,0
15,2023-12-27,3,6134,141,1,0,0,0
15,2023-12-28,4,7699,177,1,1,0,0
15,2023-12-29,5,7451,159,1,0,0,0
15,2023-12-30,6,11859,277,1,1,0,0
15,2023-12-31,7,0,0,0,0,0,0
15,2024-01-01,1,6253,161,1,0,a,0
15,2024-01-02,2,7044,166,1,1,0,0
15,2024-01-03,3,5752,123,1,0,0,0
15,2024-01-04,4,6089,157,1,0,0,0
15,2024-01-05,5,7065,136,1,0,0,0
15,2024-01-06,6,8815,184,1,0,0,0
15,2024-01-07,7,0,0,0,0,0,0
15,2024-01-08,1,7511,171,1,1,0,0
15,2024-01-09,2,5453,114,1,0,0,0
15,2024-01-10,3,8114,164,1,1,0,0
15,2024-01-11,4,6151,132,1,0,0,0
15,2024-01-12,5,7253,157,1,0,0,0
15,2024-01-13,6,8594,175,1,0,0,0
15,2024-01-14,7,8740,194,1,1,0,0
15,2024-01-15,1,7135,166,1,1,0,0
15,2024-01-16,2,6794,148,1,1,0,0
15,2024-01-17,3,5691,138,1,0,0,0
15,2024-01-18,4,6443,175,1,0,0,0
15,2024-01-19,5,6666,155,1,0,0,0
15,2024-01-20,6,11431,273,1,1,0,0
15,2024-01-21,7,7363,151,1,0,0,0
15,2024-01-22,1,6259,135,1,0,0,0
15,2024-01-23,2,5565,119,1,0,0,0
15,2024-01-24,3,6457,147,1,0,0,0
15,2024-01-25,4,6046,145,1,0,0,0
15,2024-01-26,5,7551,158,1,1,0,0
15,2024-01-27,6,9089,215,1,0,0,0
15,2024-01-28,7,0,0,0,1,0,0
15,2024-01-29,1,8069,203,1,1,0,0
15,2024-01-30,2,5961,147,1,0,0,0
15,2024-01-31,3,6115,115,1,0,0,0
15,2024-02-01,4,6407,142,1,0,0,0
15,2024-02-02,5,8547,174,1,1,0,0
15,2024-02-03,6,9777,217,1,0,0,0
15,2024-02-04,7,0,0,0,0,0,0
15,2024-02-05,1,6154,133,1,0,0,0
15,2024-02-06,2,5641,123,1,0,0,0
15,2024-02-07,3,6151,149,1,0,0,0
15,2024-02-08,4,5960,131,1,0,0,0
15,2024-02-09,5,8879,188,1,1,0,0
15,2024-02-10,6,11327,263,1,1,0,0
15,2024-02-11,7,7563,164,1,0,0,0
15,2024-02-12,1,6165,124,1,0,0,0
15,2024-02-13,2,7375,175,1,1,0,0
15,2024-02-14,3,6789,151,1,0,0,0
15,2024-02-15,4,7946,196,1,1,0,0
15,2024-02-16,5,7048,160,1,0,0,0
15,2024-02-17,6,9008,205,1,0,0,0
15,2024-02-18,7,7447,155,1,0,0,0
15,2024-02-19,1,5947,136,1,0,0,0
15,2024-02-20,2,7240,182,1,1,0,0
15,2024-02-21,3,6402,159,1,0,0,0
15,2024-02-22,4,6358,136,1,0,0,0
15,2024-02-23,5,7417,171,1,0,0,0
15,2024-02-24,6,10253,249,1,1,0,0
15,2024-02-25,7,0,0,0,0,0,0
15,2024-02-26,1,7892,176,1,1,0,0
15,2024-02-27,2,5895,129,1,0,0,0
15,2024-02-28,3,6156,135,1,0,0,0
15,2024-02-29,4,8235,202,1,1,0,0
15,2024-03-01,5,6695,156,1,0,0,0
15,2024-03-02,6,9092,192,1,0,0,0
15,2024-03-03,7,0,0,0,0,0,0
15,2024-03-04,1,5434,112,1,0,0,0
15,2024-03-05,2,6022,134,1,0,0,0
15,2024-03-06,3,5771,126,1,0,0,0
15,2024-03-07,4,6739,154,1,0,0,0
15,2024-03-08,5,7541,153,1,0,0,0
15,2024-03-09,6,9776,220,1,0,0,0
15,2024-03-10,7,0,0,0,0,0,0
15,2024-03-11,1,7450,162,1,1,0,0
15,2024-03-12,2,6679,167,1,1,0,0
15,2024-03-13,3,6411,159,1,0,0,0
15,2024-03-14,4,5920,109,1,0,0,0
15,2024-03-15,5,8208,180,1,1,0,0
15,2024-03-16,6,8965,169,1,0,0,0
15,2024-03-17,7,7009,132,1,0,0,0
15,2024-03-18,1,7225,167,1,1,0,0
15,2024-03-19,2,5952,124,1,0,0,0
15,2024-03-20,3,6483,158,1,0,0,0
15,2024-03-21,4,8233,176,1,1,0,0
15,2024-03-22,5,7157,175,1,0,0,0
15,2024-03-23,6,9641,240,1,0,0,0
15,2024-03-24,7,0,0,0,0,0,0
15,2024-03-25,1,5921,123,1,0,0,0
15,2024-03-26,2,7148,136,1,1,0,0
15,2024-03-27,3,6391,140,1,0,0,0
15,2024-03-28,4,6070,148,1,0,0,0
15,2024-03-29,5,9031,240,1,1,0,0
15,2024-03-30,6,8937,184,1,0,0,0
15,2024-03-31,7,7131,171,1,0,0,0
15,2024-04-01,1,5830,132,1,0,0,0
15,2024-04-02,2,6244,153,1,0,0,0
15,2024-04-03,3,10731,217,1,0,0,0
15,2024-04-04,4,14273,305,1,1,0,0
15,2024-04-05,5,15628,339,1,1,0,0
15,2024-04-06,6,17336,402,1,0,0,0
15,2024-04-07,7,0,0,0,0,0,0
15,2024-04-08,1,11480,229,1,0,0,0
15,2024-04-09,2,10537,241,1,0,0,0
15,2024-04-10,3,0,0,0,0,b,0
15,2024-04-11,4,0,0,0,1,b,0
15,2024-04-12,5,7198,168,1,0,0,0
15,2024-04-13,6,8356,183,1,0,0,0
15,2024-04-14,7,7554,173,1,0,0,0
15,2024-04-15,1,6093,133,1,0,0,0
15,2024-04-16,2,6107,143,1,0,0,0
15,2024-04-17,3,6245,140,1,0,0,0
15,2024-04-18,4,6723,171,1,0,0,0
15,2024-04-19,5,6862,161,1,0,0,0
15,2024-04-20,6,9522,237,1,0,0,0
15,2024-04-21,7,0,0,0,0,0,0
15,2024-04-22,1,6453,156,1,0,0,0
15,2024-04-23,2,7914,161,1,1,0,0
15,2024-04-24,3,5960,127,1,0,0,0
15,2024-04-25,4,6631,151,1,0,0,0
15,2024-04-26,5,6729,175,1,0,0,0
15,2024-04-27,6,12153,265,1,1,0,0
15,2024-04-28,7,7170,171,1,0,0,0
15,2024-04-29,1,6013,119,1,0,0,0
15,2024-04-30,2,6059,136,1,0,0,0
15,2024-05-01,3,6499,138,1,0,0,0
15,2024-05-02,4,6594,150,1,0,0,0
15,2024-05-03,5,7431,156,1,0,0,0
15,2024-05-04,6,11512,280,1,1,0,0
15,2024-05-05,7,0,0,0,0,0,0
15,2024-05-06,1,5596,133,1,0,0,0
15,2024-05-07,2,6312,127,1,0,0,0
15,2024-05-08,3,6186,149,1,0,0,0
15,2024-05-09,4,6344,114,1,0,0,0
15,2024-05-10,5,9828,200,1,1,0,0
15,2024-05-11,6,9962,247,1,1,0,0
15,2024-05-12,7,1302,27,1,0,0,0
15,2024-05-13,1,5460,129,1,0,0,0
15,2024-05-14,2,6115,136,1,0,0,0
15,2024-05-15,3,6068,139,1,0,0,0
15,2024-05-16,4,5541,117,1,0,0,0
15,2024-05-17,5,9463,221,1,1,0,0
15,2024-05-18,6,10796,262,1,1,0,0
15,2024-05-19,7,7881,177,1,0,0,0
15,2024-05-20,1,5858,118,1,0,0,0
15,2024-05-21,2,5882,139,1,0,0,0
15,2024-05-22,3,5578,121,1,0,0,0
15,2024-05-23,4,6642,157,1,0,0,0
15,2024-05-24,5,6984,133,1,0,0,0
15,2024-05-25,6,9077,195,1,0,0,0
15,2024-05-26,7,7500,150,1,0,0,0
15,2024-05-27,1,5659,117,1,0,0,0
15,2024-05-28,2,7800,163,1,1,0,0
15,2024-05-29,3,6129,152,1,0,0,0
15,2024-05-30,4,7262,173,1,0,0,0
15,2024-05-31,5,7029,171,1,0,0,0
15,2024-06-01,6,9081,233,1,0,0,1
15,2024-06-02,7,7036,164,1,0,0,1
15,2024-06-03,1,5678,144,1,0,0,1
15,2024-06-04,2,6306,145,1,0,0,1
15,2024-06-05,3,6652,161,1,0,0,1
15,2024-06-06,4,7925,167,1,1,0,1
15,2024-06-07,5,7256,169,1,0,0,1
15,2024-06-08,6,9851,218,1,0,0,1
15,2024-06-09,7,7669,160,1,0,0,1
15,2024-06-10,1,6336,144,1,0,0,1
15,2024-06-11,2,7596,167,1,1,0,1
15,2024-06-12,3,6120,126,1,0,0,1
15,2024-06-13,4,6660,154,1,0,0,1
15,2024-06-14,5,7897,156,1,0,0,1
15,2024-06-15,6,9048,197,1,0,0,1
15,2024-06-16,7,0,0,0,1,0,1
15,2024-06-17,1,6252,148,1,0,0,1
15,2024-06-18,2,5881,134,1,0,0,1
15,2024-06-19,3,8275,172,1,1,0,1
15,2024-06-20,4,8499,184,1,1,0,1
15,2024-06-21,5,7445,157,1,0,0,1
15,2024-06-22,6,10118,215,1,0,0,1
15,2024-06-23,7,0,0,0,0,0,1
15,2024-06-24,1,6222,148,1,0,0,1
15,2024-06-25,2,7546,150,1,1,0,1
15,2024-06-26,3,5893,132,1,0,0,1
15,2024-06-27,4,7057,165,1,0,0,1
15,2024-06-28,5,9024,191,1,1,0,1
15,2024-06-29,6,9035,183,1,0,0,1
15,2024-06-30,7,7240,177,1,0,0,1
16,2022-01-01,6,7373,174,1,1,a,0
16,2022-01-02,7,6861,172,1,1,0,0
16,2022-01-03,1,5393,131,1,1,0,0
16,2022-01-04,2,3738,73,1,0,0,0
16,2022-01-05,3,4896,106,1,1,0,0
16,2022-01-06,4,4388,101,1,0,0,0
16,2022-01-07,5,4577,104,1,0,0,0
16,2022-01-08,6,7654,181,1,1,0,0
16,2022-01-09,7,5447,111,1,0,0,0
16,2022-01-10,1,5447,135,1,1,0,0
16,2022-01-11,2,3700,78,1,0,0,0
16,2022-01-12,3,4017,90,1,0,0,0
16,2022-01-13,4,5530,112,1,1,0,0
16,2022-01-14,5,5104,115,1,0,0,0
16,2022-01-15,6,5958,132,1,0,0,0
16,2022-01-16,7,5158,106,1,0,0,0
16,2022-01-17,1,5063,121,1,1,0,0
16,2022-01-18,2,4409,98,1,0,0,0
16,2022-01-19,3,4371,106,1,0,0,0
16,2022-01-20,4,4336,90,1,0,0,0
16,2022-01-21,5,5599,118,1,1,0,0
16,2022-01-22,6,7369,167,1,1,0,0
16,2022-01-23,7,5542,122,1,1,0,0
16,2022-01-24,1,4209,89,1,0,0,0
16,2022-01-25,2,4197,114,1,0,0,0
16,2022-01-26,3,4399,97,1,0,0,0
16,2022-01-27,4,4252,92,1,0,0,0
16,2022-01-28,5,5160,135,1,0,0,0
16,2022-01-29,6,8414,178,1,1,0,0
16,2022-01-30,7,6143,140,1,1,0,0
16,2022-01-31,1,4406,103,1,0,0,0
16,2022-02-01,2,4098,101,1,0,0,0
16,2022-02-02,3,5179,115,1,1,0,0
16,2022-02-03,4,4666,102,1,0,0,0
16,2022-02-04,5,4566,91,1,0,0,0
16,2022-02-05,6,5785,121,1,0,0,0
16,2022-02-06,7,0,0,0,0,0,0
16,2022-02-07,1,5151,98,1,1,0,0
16,2022-02-08,2,3742,84,1,0,0,0
16,2022-02-09,3,4368,94,1,0,0,0
16,2022-02-10,4,4232,87,1,0,0,0
16,2022-02-11,5,5687,113,1,1,0,0
16,2022-02-12,6,6464,115,1,0,0,0
16,2022-02-13,7,0,0,0,0,0,0
16,2022-02-14,1,5496,139,1,1,0,0
16,2022-02-15,2,5223,104,1,1,0,0
16,2022-02-16,3,5286,99,1,1,0,0
16,2022-02-17,4,5818,135,1,1,0,0
16,2022-02-18,5,4980,107,1,0,0,0
16,2022-02-19,6,6267,135,1,0,0,0
16,2022-02-20,7,5243,116,1,0,0,0
16,2022-02-21,1,4298,92,1,0,0,0
16,2022-02-22,2,4835,124,1,1,0,0
16,2022-02-23,3,5980,121,1,1,0,0
16,2022-02-24,4,5544,112,1,1,0,0
16,2022-02-25,5,4908,102,1,0,0,0
16,2022-02-26,6,7166,153,1,1,0,0
16,2022-02-27,7,6444,156,1,1,0,0
16,2022-02-28,1,4228,92,1,0,0,0
16,2022-03-01,2,4830,102,1,1,0,0
16,2022-03-02,3,4065,90,1,0,0,0
16,2022-03-03,4,4229,86,1,0,0,0
16,2022-03-04,5,4824,115,1,0,0,0
16,2022-03-05,6,6364,135,1,0,0,0
16,2022-03-06,7,0,0,0,0,0,0
16,2022-03-07,1,4264,103,1,0,0,0
16,2022-03-08,2,5308,115,1,1,0,0
16,2022-03-09,3,4412,110,1,0,0,0
16,2022-03-10,4,5647,121,1,1,0,0
16,2022-03-11,5,4975,119,1,0,0,0
16,2022-03-12,6,6400,162,1,0,0,0
16,2022-03-13,7,0,0,0,0,0,0
16,2022-03-14,1,4069,95,1,0,0,0
16,2022-03-15,2,4096,82,1,0,0,0
16,2022-03-16,3,4444,103,1,0,0,0
16,2022-03-17,4,4589,97,1,0,0,0
16,2022-03-18,5,5039,106,1,0,0,0
16,2022-03-19,6,7713,173,1,1,0,0
16,2022-03-20,7,5096,121,1,0,0,0
16,2022-03-21,1,4171,93,1,0,0,0
16,2022-03-22,2,3998,88,1,0,0,0
16,2022-03-23,3,4505,104,1,0,0,0
16,2022-03-24,4,4044,94,1,0,0,0
16,2022-03-25,5,6777,167,1,1,0,0
16,2022-03-26,6,8736,186,1,1,0,0
16,2022-03-27,7,5174,110,1,0,0,0
16,2022-03-28,1,4309,101,1,0,0,0
16,2022-03-29,2,4306,106,1,0,0,0
16,2022-03-30,3,5195,115,1,1,0,0
16,2022-03-31,4,4589,99,1,0,0,0
16,2022-04-01,5,5258,117,1,0,0,0
16,2022-04-02,6,7215,171,1,1,0,0
16,2022-04-03,7,5998,133,1,1,0,0
16,2022-04-04,1,5488,117,1,1,0,0
16,2022-04-05,2,5104,113,1,1,0,0
16,2022-04-06,3,5306,112,1,1,0,0
16,2022-04-07,4,4397,93,1,0,0,0
16,2022-04-08,5,4664,107,1,0,0,0
16,2022-04-09,6,7782,158,1,1,0,0
16,2022-04-10,7,0,0,0,0,0,0
16,2022-04-11,1,5646,115,1,1,0,0
16,2022-04-12,2,4174,90,1,0,0,0
16,2022-04-13,3,4359,92,1,0,0,0
16,2022-04-14,4,4628,99,1,0,0,0
16,2022-04-15,5,5642,117,1,0,0,0
16,2022-04-16,6,6033,108,1,0,0,0
16,2022-04-17,7,5890,146,1,1,0,0
16,2022-04-18,1,4241,98,1,0,0,0
16,2022-04-19,2,4719,100,1,1,0,0
16,2022-04-20,3,4271,97,1,0,0,0
16,2022-04-21,4,4683,92,1,0,0,0
16,2022-04-22,5,5340,105,1,0,0,0
16,2022-04-23,6,5880,122,1,0,0,0
16,2022-04-24,7,6193,143,1,1,0,0
16,2022-04-25,1,9749,222,1,1,0,0
16,2022-04-26,2,9718,233,1,1,0,0
16,2022-04-27,3,10190,232,1,1,0,0
16,2022-04-28,4,8689,186,1,0,0,0
16,2022-04-29,5,11590,266,1,1,0,0
16,2022-04-30,6,14295,342,1,1,0,0
16,2022-05-01,7,12344,277,1,1,0,0
16,2022-05-02,1,0,0,0,0,b,0
16,2022-05-03,2,0,0,0,1,b,0
16,2022-05-04,3,4253,92,1,0,0,0
16,2022-05-05,4,5674,135,1,1,0,0
16,2022-05-06,5,4574,93,1,0,0,0
16,2022-05-07,6,6735,157,1,0,0,0
16,2022-05-08,7,0,0,0,0,0,0
16,2022-05-09,1,4082,91,1,0,0,0
16,2022-05-10,2,3692,87,1,0,0,0
16,2022-05-11,3,5236,125,1,1,0,0
16,2022-05-12,4,4296,100,1,0,0,0
16,2022-05-13,5,5043,121,1,0,0,0
16,2022-05-14,6,6000,139,1,0,0,0
16,2022-05-15,7,0,0,0,0,0,0
16,2022-05-16,1,4134,89,1,0,0,0
16,2022-05-17,2,3817,87,1,0,0,0
16,2022-05-18,3,4429,92,1,0,0,0
16,2022-05-19,4,4471,110,1,0,0,0
16,2022-05-20,5,5008,110,1,0,0,0
16,2022-05-21,6,6694,150,1,0,0,0
16,2022-05-22,7,0,0,0,0,0,0
16,2022-05-23,1,5270,122,1,1,0,0
16,2022-05-24,2,4387,91,1,0,0,0
16,2022-05-25,3,4313,87,1,0,0,0
16,2022-05-26,4,4415,92,1,0,0,0
16,2022-05-27,5,5175,115,1,0,0,0
16,2022-05-28,6,6188,135,1,0,0,0
16,2022-05-29,7,5555,139,1,0,0,0
16,2022-05-30,1,4330,103,1,0,0,0
16,2022-05-31,2,4530,101,1,0,0,0
16,2022-06-01,3,4380,99,1,0,0,1
16,2022-06-02,4,4753,115,1,0,0,1
16,2022-06-03,5,5756,146,1,1,0,1
16,2022-06-04,6,6865,159,1,0,0,1
16,2022-06-05,7,5439,123,1,0,0,1
16,2022-06-06,1,5205,116,1,1,0,1
16,2022-06-07,2,5488,126,1,1,0,1
16,2022-06-08,3,4122,100,1,0,0,1
16,2022-06-09,4,5541,126,1,1,0,1
16,2022-06-10,5,4812,118,1,0,0,1
16,2022-06-11,6,6760,142,1,0,0,1
16,2022-06-12,7,5596,109,1,0,0,1
16,2022-06-13,1,4214,98,1,0,0,1
16,2022-06-14,2,3948,85,1,0,0,1
16,2022-06-15,3,4194,98,1,0,0,1
16,2022-06-16,4,4575,97,1,0,0,1
16,2022-06-17,5,5042,112,1,0,0,1
16,2022-06-18,6,6365,139,1,0,0,1
16,2022-06-19,7,0,0,0,0,0,1
16,2022-06-20,1,4671,100,1,0,0,1
16,2022-06-21,2,4093,85,1,0,0,1
16,2022-06-22,3,5292,114,1,1,0,1
16,2022-06-23,4,4824,111,1,0,0,1
16,2022-06-24,5,4973,107,1,0,0,1
16,2022-06-25,6,8316,183,1,1,0,1
16,2022-06-26,7,0,0,0,0,0,1
16,2022-06-27,1,5545,118,1,1,0,1
16,2022-06-28,2,4387,110,1,0,0,1
16,2022-06-29,3,4178,106,1,0,0,1
16,2022-06-30,4,4449,109,1,0,0,1
16,2022-07-01,5,4825,113,1,0,0,1
16,2022-07-02,6,6327,144,1,0,0,1
16,2022-07-03,7,7151,148,1,1,0,1
16,2022-07-04,1,5488,116,1,1,0,1
16,2022-07-05,2,4653,101,1,0,0,1
16,2022-07-06,3,5953,155,1,1,0,1
16,2022-07-07,4,4838,101,1,0,0,1
16,2022-07-08,5,5431,124,1,0,0,1
16,2022-07-09,6,6888,129,1,0,0,1
16,2022-07-10,7,0,0,0,1,0,1
16,2022-07-11,1,4461,98,1,0,0,1
16,2022-07-12,2,4393,84,1,0,0,1
16,2022-07-13,3,5735,137,1,1,0,1
16,2022-07-14,4,4487,103,1,0,0,1
16,2022-07-15,5,5286,104,1,0,0,1
16,2022-07-16,6,6933,154,1,0,0,1
16,2022-07-17,7,5156,118,1,0,0,1
16,2022-07-18,1,4164,93,1,0,0,1
16,2022-07-19,2,5172,123,1,1,0,1
16,2022-07-20,3,4752,109,1,0,0,1
16,2022-07-21,4,4541,111,1,0,0,1
16,2022-07-22,5,4801,93,1,0,0,1
16,2022-07-23,6,6195,157,1,0,0,1
16,2022-07-24,7,5085,112,1,0,0,1
16,2022-07-25,1,5254,135,1,1,0,1
16,2022-07-26,2,3965,76,1,0,0,1
16,2022-07-27,3,4593,102,1,0,0,1
16,2022-07-28,4,4561,116,1,0,0,1
16,2022-07-29,5,5226,112,1,0,0,1
16,2022-07-30,6,7243,129,1,1,0,1
16,2022-07-31,7,7027,157,1,1,0,1
16,2022-08-01,1,4349,100,1,0,0,0
16,2022-08-02,2,5472,128,1,1,0,0
16,2022-08-03,3,4806,110,1,0,0,0
16,2022-08-04,4,4698,104,1,0,0,0
16,2022-08-05,5,5638,132,1,0,0,0
16,2022-08-06,6,5942,108,1,0,0,0
16,2022-08-07,7,6575,159,1,1,0,0
16,2022-08-08,1,3980,92,1,0,0,0
16,2022-08-09,2,4346,92,1,0,0,0
16,2022-08-10,3,5614,114,1,1,0,0
16,2022-08-11,4,4369,105,1,0,0,0
16,2022-08-12,5,7080,152,1,1,0,0
16,2022-08-13,6,6452,173,1,0,0,0
16,2022-08-14,7,4764,100,1,0,0,0
16,2022-08-15,1,5664,132,1,1,0,0
16,2022-08-16,2,4435,108,1,0,0,0
16,2022-08-17,3,5468,99,1,1,a,0
16,2022-08-18,4,4812,102,1,0,0,0
16,2022-08-19,5,6094,135,1,1,0,0
16,2022-08-20,6,6445,159,1,0,0,0
16,2022-08-21,7,0,0,0,0,0,0
16,2022-08-22,1,5741,132,1,1,0,0
16,2022-08-23,2,4246,98,1,0,0,0
16,2022-08-24,3,5477,107,1,1,0,0
16,2022-08-25,4,5785,130,1,1,0,0
16,2022-08-26,5,5753,124,1,1,0,0
16,2022-08-27,6,8127,169,1,1,0,0
16,2022-08-28,7,4842,115,1,0,0,0
16,2022-08-29,1,4213,104,1,0,0,0
16,2022-08-30,2,3996,80,1,0,0,0
16,2022-08-31,3,4617,119,1,0,0,0
16,2022-09-01,4,4476,107,1,0,0,0
16,2022-09-02,5,5454,120,1,0,0,0
16,2022-09-03,6,5996,164,1,0,0,0
16,2022-09-04,7,5318,117,1,0,0,0
16,2022-09-05,1,4425,96,1,0,0,0
16,2022-09-06,2,5519,135,1,1,0,0
16,2022-09-07,3,4992,115,1,0,0,0
16,2022-09-08,4,4197,91,1,0,0,0
16,2022-09-09,5,6189,148,1,1,0,0
16,2022-09-10,6,7278,155,1,0,0,0
16,2022-09-11,7,6431,146,1,1,0,0
16,2022-09-12,1,4512,92,1,0,0,0
16,2022-09-13,2,4114,88,1,0,0,0
16,2022-09-14,3,4200,110,1,0,0,0
16,2022-09-15,4,5591,120,1,1,0,0
16,2022-09-16,5,5665,131,1,0,0,0
16,2022-09-17,6,7804,165,1,1,0,0
16,2022-09-18,7,5323,130,1,0,0,0
16,2022-09-19,1,4366,99,1,0,0,0
16,2022-09-20,2,4523,89,1,0,0,0
16,2022-09-21,3,4778,105,1,0,0,0
16,2022-09-22,4,4696,103,1,0,0,0
16,2022-09-23,5,5426,117,1,1,0,0
16,2022-09-24,6,6346,146,1,0,0,0
16,2022-09-25,7,5089,102,1,0,0,0
16,2022-09-26,1,4687,97,1,0,0,0
16,2022-09-27,2,5166,133,1,1,0,0
16,2022-09-28,3,6140,148,1,1,0,0
16,2022-09-29,4,5969,131,1,1,0,0
16,2022-09-30,5,6834,151,1,1,0,0
16,2022-10-01,6,9255,193,1,1,0,0
16,2022-10-02,7,6458,151,1,1,0,0
16,2022-10-03,1,5098,123,1,1,0,0
16,2022-10-04,2,4381,97,1,0,0,0
16,2022-10-05,3,4755,98,1,0,0,0
16,2022-10-06,4,4532,98,1,0,0,0
16,2022-10-07,5,5192,103,1,0,0,0
16,2022-10-08,6,7071,175,1,0,0,0
16,2022-10-09,7,0,0,0,0,0,0
16,2022-10-10,1,5396,123,1,1,0,0
16,2022-10-11,2,4407,99,1,0,0,0
16,2022-10-12,3,5418,106,1,1,0,0
16,2022-10-13,4,5445,127,1,1,0,0
16,2022-10-14,5,6931,182,1,1,0,0
16,2022-10-15,6,7456,168,1,1,0,0
16,2022-10-16,7,6868,149,1,1,0,0
16,2022-10-17,1,4371,87,1,0,0,0
16,2022-10-18,2,4475,108,1,0,0,0
16,2022-10-19,3,4399,87,1,0,0,0
16,2022-10-20,4,6217,142,1,1,0,0
16,2022-10-21,5,6429,137,1,1,0,0
16,2022-10-22,6,8968,203,1,1,0,0
16,2022-10-23,7,0,0,0,0,0,0
16,2022-10-24,1,4227,92,1,0,0,0
16,2022-10-25,2,4482,104,1,0,0,0
16,2022-10-26,3,4658,94,1,0,0,0
16,2022-10-27,4,4688,92,1,0,0,0
16,2022-10-28,5,5016,98,1,0,0,0
16,2022-10-29,6,8737,193,1,1,0,0
16,2022-10-30,7,0,0,0,0,0,0
16,2022-10-31,1,4277,86,1,0,0,0
16,2022-11-01,2,5608,96,1,1,0,0
16,2022-11-02,3,4523,94,1,0,0,0
16,2022-11-03,4,4258,82,1,0,0,0
16,2022-11-04,5,4969,102,1,0,0,0
16,2022-11-05,6,6849,139,1,0,0,0
16,2022-11-06,7,5397,114,1,0,0,0
16,2022-11-07,1,4455,107,1,0,0,0
16,2022-11-08,2,4436,81,1,0,0,0
16,2022-11-09,3,4684,105,1,0,0,0
16,2022-11-10,4,4757,107,1,0,0,0
16,2022-11-11,5,5449,120,1,1,0,0
16,2022-11-12,6,6706,150,1,0,0,0
16,2022-11-13,7,0,0,0,1,0,0
16,2022-11-14,1,4492,91,1,0,0,0
16,2022-11-15,2,4621,103,1,0,0,0
16,2022-11-16,3,5427,126,1,1,0,0
16,2022-11-17,4,4755,110,1,0,0,0
16,2022-11-18,5,5363,124,1,0,0,0
16,2022-11-19,6,6632,145,1,0,0,0
16,2022-11-20,7,0,0,0,0,0,0
16,2022-11-21,1,5279,141,1,1,0,0
16,2022-11-22,2,5484,127,1,1,0,0
16,2022-11-23,3,4453,108,1,0,0,0
16,2022-11-24,4,4289,96,1,0,0,0
16,2022-11-25,5,5038,118,1,0,0,0
16,2022-11-26,6,7887,175,1,1,0,0
16,2022-11-27,7,0,0,0,1,0,0
16,2022-11-28,1,5209,126,1,1,0,0
16,2022-11-29,2,4715,113,1,0,0,0
16,2022-11-30,3,6376,143,1,1,0,0
16,2022-12-01,4,4579,101,1,0,0,0
16,2022-12-02,5,5095,124,1,0,0,0
16,2022-12-03,6,8849,192,1,1,0,0
16,2022-12-04,7,5808,127,1,0,0,0
16,2022-12-05,1,5498,120,1,1,0,0
16,2022-12-06,2,4313,86,1,0,0,0
16,2022-12-07,3,5640,117,1,1,0,0
16,2022-12-08,4,4560,106,1,0,0,0
16,2022-12-09,5,5506,111,1,0,0,0
16,2022-12-10,6,6825,165,1,0,0,0
16,2022-12-11,7,5319,116,1,0,0,0
16,2022-12-12,1,4532,119,1,0,0,0
16,2022-12-13,2,4334,84,1,0,0,0
16,2022-12-14,3,5198,103,1,0,0,0
16,2022-12-15,4,4712,92,1,0,0,0
16,2022-12-16,5,5470,130,1,0,0,0
16,2022-12-17,6,6932,133,1,0,0,0
16,2022-12-18,7,6859,173,1,1,0,0
16,2022-12-19,1,5781,143,1,1,0,0
16,2022-12-20,2,4472,98,1,0,0,0
16,2022-12-21,3,5203,118,1,0,0,0
16,2022-12-22,4,5946,123,1,1,0,0
16,2022-12-23,5,4596,120,1,0,0,0
16,2022-12-24,6,7540,172,1,0,0,0
16,2022-12-25,7,0,0,0,0,a,0
16,2022-12-26,1,4553,117,1,0,0,0
16,2022-12-27,2,4313,86,1,0,0,0
16,2022-12-28,3,4497,111,1,0,0,0
16,2022-12-29,4,4521,100,1,0,0,0
16,2022-12-30,5,4764,126,1,0,0,0
16,2022-12-31,6,6564,149,1,0,0,0
16,2023-01-01,7,5691,124,1,0,a,0
16,2023-01-02,1,4167,89,1,0,0,0
16,2023-01-03,2,4553,99,1,0,0,0
16,2023-01-04,3,6478,146,1,1,0,0
16,2023-01-05,4,4866,110,1,0,0,0
16,2023-01-06,5,4935,122,1,0,0,0
16,2023-01-07,6,6957,159,1,0,0,0
16,2023-01-08,7,5824,127,1,0,0,0
16,2023-01-09,1,4845,118,1,0,0,0
16,2023-01-10,2,4491,101,1,0,0,0
16,2023-01-11,3,5991,144,1,1,0,0
16,2023-01-12,4,5009,126,1,0,0,0
16,2023-01-13,5,6840,153,1,1,0,0
16,2023-01-14,6,6940,145,1,0,0,0
16,2023-01-15,7,0,0,0,1,0,0
16,2023-01-16,1,5968,127,1,1,0,0
16,2023-01-17,2,5422,112,1,1,0,0
16,2023-01-18,3,5267,95,1,0,0,0
16,2023-01-19,4,4660,94,1,0,0,0
16,2023-01-20,5,6919,162,1,1,0,0
16,2023-01-21,6,8008,186,1,1,0,0
16,2023-01-22,7,6806,134,1,1,0,0
16,2023-01-23,1,4430,95,1,0,0,0
16,2023-01-24,2,5199,119,1,1,0,0
16,2023-01-25,3,4534,94,1,0,0,0
16,2023-01-26,4,4909,105,1,0,0,0
16,2023-01-27,5,5265,115,1,0,0,0
16,2023-01-28,6,7264,160,1,0,0,0
16,2023-01-29,7,6659,144,1,1,0,0
16,2023-01-30,1,4732,102,1,0,0,0
16,2023-01-31,2,4340,89,1,0,0,0
16,2023-02-01,3,4941,108,1,0,0,0
16,2023-02-02,4,5019,115,1,0,0,0
16,2023-02-03,5,5610,128,1,0,0,0
16,2023-02-04,6,6812,152,1,0,0,0
16,2023-02-05,7,5969,119,1,0,0,0
16,2023-02-06,1,5250,112,1,1,0,0
16,2023-02-07,2,5725,128,1,1,0,0
16,2023-02-08,3,4717,110,1,0,0,0
16,2023-02-09,4,5040,107,1,0,0,0
16,2023-02-10,5,5329,143,1,0,0,0
16,2023-02-11,6,8176,209,1,1,0,0
16,2023-02-12,7,5301,98,1,0,0,0
16,2023-02-13,1,4586,111,1,0,0,0
16,2023-02-14,2,4429,95,1,0,0,0
16,2023-02-15,3,6117,134,1,1,0,0
16,2023-02-16,4,5078,116,1,0,0,0
16,2023-02-17,5,5371,110,1,0,0,0
16,2023-02-18,6,8625,215,1,1,0,0
16,2023-02-19,7,5915,127,1,0,0,0
16,2023-02-20,1,5675,121,1,1,0,0
16,2023-02-21,2,4449,98,1,0,0,0
16,2023-02-22,3,5487,106,1,1,0,0
16,2023-02-23,4,5069,114,1,0,0,0
16,2023-02-24,5,6680,128,1,1,0,0
16,2023-02-25,6,7295,182,1,0,0,0
16,2023-02-26,7,0,0,0,1,0,0
16,2023-02-27,1,4491,99,1,0,0,0
16,2023-02-28,2,4716,88,1,0,0,0
16,2023-03-01,3,5982,123,1,1,0,0
16,2023-03-02,4,4576,113,1,0,0,0
16,2023-03-03,5,5625,124,1,0,0,0
16,2023-03-04,6,6464,170,1,0,0,0
16,2023-03-05,7,7336,145,1,1,0,0
16,2023-03-06,1,4386,97,1,0,0,0
16,2023-03-07,2,5980,119,1,1,0,0
16,2023-03-08,3,4744,101,1,0,0,0
16,2023-03-09,4,4956,107,1,0,0,0
16,2023-03-10,5,5364,122,1,0,0,0
16,2023-03-11,6,6957,153,1,0,0,0
16,2023-03-12,7,0,0,0,0,0,0
16,2023-03-13,1,4783,112,1,0,0,0
16,2023-03-14,2,4504,105,1,0,0,0
16,2023-03-15,3,6338,157,1,1,0,0
16,2023-03-16,4,4701,92,1,0,0,0
16,2023-03-17,5,5628,114,1,0,0,0
16,2023-03-18,6,7134,184,1,0,0,0
16,2023-03-19,7,0,0,0,0,0,0
16,2023-03-20,1,4656,109,1,0,0,0
16,2023-03-21,2,4601,108,1,0,0,0
16,2023-03-22,3,6011,133,1,1,0,0
16,2023-03-23,4,4592,105,1,0,0,0
16,2023-03-24,5,5511,130,1,0,0,0
16,2023-03-25,6,8087,206,1,0,0,0
16,2023-03-26,7,0,0,0,0,0,0
16,2023-03-27,1,4455,97,1,0,0,0
16,2023-03-28,2,4126,85,1,0,0,0
16,2023-03-29,3,4754,93,1,0,0,0
16,2023-03-30,4,5162,115,1,0,0,0
16,2023-03-31,5,6754,162,1,1,0,0
16,2023-04-01,6,7620,188,1,0,0,0
16,2023-04-02,7,0,0,0,0,0,0
16,2023-04-03,1,4696,109,1,0,0,0
16,2023-04-04,2,4517,95,1,0,0,0
16,2023-04-05,3,4923,121,1,0,0,0
16,2023-04-06,4,5102,102,1,0,0,0
16,2023-04-07,5,7182,154,1,1,0,0
16,2023-04-08,6,6931,148,1,0,0,0
16,2023-04-09,7,6042,135,1,0,0,0
16,2023-04-10,1,4732,115,1,0,0,0
16,2023-04-11,2,4859,108,1,0,0,0
16,2023-04-12,3,5114,108,1,0,0,0
16,2023-04-13,4,4918,113,1,0,0,0
16,2023-04-14,5,5249,108,1,0,0,0
16,2023-04-15,6,12703,288,1,0,0,0
16,2023-04-16,7,10757,253,1,0,0,0
16,2023-04-17,1,9696,201,1,1,0,0
16,2023-04-18,2,8000,160,1,0,0,0
16,2023-04-19,3,8871,196,1,0,0,0
16,2023-04-20,4,9642,200,1,1,0,0
16,2023-04-21,5,11611,239,1,1,0,0
16,2023-04-22,6,0,0,0,1,b,0
16,2023-04-23,7,0,0,0,0,b,0
16,2023-04-24,1,5741,124,1,1,0,0
16,2023-04-25,2,4496,89,1,0,0,0
16,2023-04-26,3,4456,102,1,0,0,0
16,2023-04-27,4,5367,124,1,0,0,0
16,2023-04-28,5,6607,154,1,1,0,0
16,2023-04-29,6,6343,144,1,0,0,0
16,2023-04-30,7,6038,128,1,0,0,0
16,2023-05-01,1,4494,109,1,0,0,0
16,2023-05-02,2,4296,84,1,0,0,0
16,2023-05-03,3,6180,123,1,1,0,0
16,2023-05-04,4,4811,108,1,0,0,0
16,2023-05-05,5,5506,126,1,0,0,0
16,2023-05-06,6,8499,163,1,1,0,0
16,2023-05-07,7,5591,112,1,0,0,0
16,2023-05-08,1,4451,99,1,0,0,0
16,2023-05-09,2,5378,120,1,1,0,0
16,2023-05-10,3,7027,172,1,1,0,0
16,2023-05-11,4,5928,116,1,1,0,0
16,2023-05-12,5,5069,104,1,0,0,0
16,2023-05-13,6,7431,147,1,0,0,0
16,2023-05-14,7,0,0,0,0,0,0
16,2023-05-15,1,4696,99,1,0,0,0
16,2023-05-16,2,4476,102,1,0,0,0
16,2023-05-17,3,4701,100,1,0,0,0
16,2023-05-18,4,6103,137,1,1,0,0
16,2023-05-19,5,5790,127,1,0,0,0
16,2023-05-20,6,6958,140,1,0,0,0
16,2023-05-21,7,6071,126,1,0,0,0
16,2023-05-22,1,1121,27,1,0,0,0
16,2023-05-23,2,5686,134,1,1,0,0
16,2023-05-24,3,4561,106,1,0,0,0
16,2023-05-25,4,5496,119,1,0,0,0
16,2023-05-26,5,5492,114,1,0,0,0
16,2023-05-27,6,7057,161,1,0,0,0
16,2023-05-28,7,6287,135,1,0,0,0
16,2023-05-29,1,6007,128,1,1,0,0
16,2023-05-30,2,4725,106,1,0,0,0
16,2023-05-31,3,4829,97,1,0,0,0
16,2023-06-01,4,4780,116,1,0,0,1
16,2023-06-02,5,7290,165,1,1,0,1
16,2023-06-03,6,8211,196,1,1,0,1
16,2023-06-04,7,5480,118,1,0,0,1
16,2023-06-05,1,4532,98,1,0,0,1
16,2023-06-06,2,5837,125,1,1,0,1
16,2023-06-07,3,6023,123,1,1,0,1
16,2023-06-08,4,5646,117,1,1,0,1
16,2023-06-09,5,7681,162,1,1,0,1
16,2023-06-10,6,7350,178,1,0,0,1
16,2023-06-11,7,5630,126,1,0,0,1
16,2023-06-12,1,6032,123,1,1,0,1
16,2023-06-13,2,5903,133,1,1,0,1
16,2023-06-14,3,4751,104,1,0,0,1
16,2023-06-15,4,5087,112,1,0,0,1
16,2023-06-16,5,7034,130,1,1,0,1
16,2023-06-17,6,7480,163,1,0,0,1
16,2023-06-18,7,7251,173,1,1,0,1
16,2023-06-19,1,4807,110,1,0,0,1
16,2023-06-20,2,4579,97,1,0,0,1
16,2023-06-21,3,4734,118,1,0,0,1
16,2023-06-22,4,4805,104,1,0,0,1
16,2023-06-23,5,5303,120,1,0,0,1
16,2023-06-24,6,6940,149,1,0,0,1
16,2023-06-25,7,0,0,0,1,0,1
16,2023-06-26,1,6222,144,1,1,0,1
16,2023-06-27,2,4547,110,1,0,0,1
16,2023-06-28,3,4766,104,1,0,0,1
16,2023-06-29,4,4933,100,1,0,0,1
16,2023-06-30,5,5521,124,1,0,0,1
16,2023-07-01,6,7721,165,1,0,0,1
16,2023-07-02,7,5691,130,1,0,0,1
16,2023-07-03,1,4880,102,1,0,0,1
16,2023-07-04,2,4724,103,1,0,0,1
16,2023-07-05,3,4870,117,1,0,0,1
16,2023-07-06,4,5968,129,1,1,0,1
16,2023-07-07,5,5689,128,1,0,0,1
16,2023-07-08,6,8053,181,1,1,0,1
16,2023-07-09,7,6892,178,1,1,0,1
16,2023-07-10,1,5783,134,1,1,0,1
16,2023-07-11,2,5748,123,1,1,0,1
16,2023-07-12,3,4883,110,1,0,0,1
16,2023-07-13,4,5372,113,1,0,0,1
16,2023-07-14,5,5728,151,1,0,0,1
16,2023-07-15,6,9001,184,1,1,0,1
16,2023-07-16,7,0,0,0,1,0,1
16,2023-07-17,1,5857,130,1,1,0,1
16,2023-07-18,2,4394,89,1,0,0,1
16,2023-07-19,3,5447,126,1,1,0,1
16,2023-07-20,4,4710,99,1,0,0,1
16,2023-07-21,5,5888,123,1,0,0,1
16,2023-07-22,6,8623,206,1,1,0,1
16,2023-07-23,7,5677,120,1,0,0,1
16,2023-07-24,1,6268,141,1,1,0,1
16,2023-07-25,2,4050,92,1,0,0,1
16,2023-07-26,3,5920,140,1,1,0,1
16,2023-07-27,4,4763,112,1,0,0,1
16,2023-07-28,5,7066,131,1,1,0,1
16,2023-07-29,6,9205,194,1,1,0,1
16,2023-07-30,7,0,0,0,1,0,1
16,2023-07-31,1,5139,124,1,0,0,1
16,2023-08-01,2,6004,123,1,1,0,0
16,2023-08-02,3,4948,106,1,0,0,0
16,2023-08-03,4,5662,126,1,0,0,0
16,2023-08-04,5,4987,108,1,0,0,0
16,2023-08-05,6,9958,234,1,1,0,0
16,2023-08-06,7,0,0,0,0,0,0
16,2023-08-07,1,5939,124,1,1,0,0
16,2023-08-08,2,5645,124,1,1,0,0
16,2023-08-09,3,4734,120,1,0,0,0
16,2023-08-10,4,6229,139,1,1,0,0
16,2023-08-11,5,5924,147,1,0,0,0
16,2023-08-12,6,7877,181,1,1,0,0
16,2023-08-13,7,0,0,0,0,0,0
16,2023-08-14,1,4794,116,1,0,0,0
16,2023-08-15,2,4965,117,1,0,0,0
16,2023-08-16,3,4602,105,1,0,0,0
16,2023-08-17,4,5248,119,1,0,a,0
16,2023-08-18,5,5707,133,1,0,0,0
16,2023-08-19,6,7403,165,1,0,0,0
16,2023-08-20,7,0,0,0,0,0,0
16,2023-08-21,1,4711,99,1,0,0,0
16,2023-08-22,2,5509,119,1,1,0,0
16,2023-08-23,3,5099,105,1,0,0,0
16,2023-08-24,4,6767,173,1,1,0,0
16,2023-08-25,5,5687,107,1,0,0,0
16,2023-08-26,6,6246,137,1,0,0,0
16,2023-08-27,7,6277,132,1,0,0,0
16,2023-08-28,1,4839,104,1,0,0,0
16,2023-08-29,2,4080,77,1,0,0,0
16,2023-08-30,3,4501,94,1,0,0,0
16,2023-08-31,4,6017,139,1,1,0,0
16,2023-09-01,5,7022,143,1,1,0,0
16,2023-09-02,6,6855,169,1,0,0,0
16,2023-09-03,7,7032,146,1,1,0,0
16,2023-09-04,1,5039,97,1,0,0,0
16,2023-09-05,2,4992,125,1,0,0,0
16,2023-09-06,3,5162,119,1,0,0,0
16,2023-09-07,4,5842,136,1,1,0,0
16,2023-09-08,5,7365,193,1,1,0,0
16,2023-09-09,6,8828,173,1,1,0,0
16,2023-09-10,7,6476,158,1,0,0,0
16,2023-09-11,1,4889,92,1,0,0,0
16,2023-09-12,2,6259,125,1,1,0,0
16,2023-09-13,3,5073,121,1,0,0,0
16,2023-09-14,4,5208,118,1,0,0,0
16,2023-09-15,5,5532,99,1,0,0,0
16,2023-09-16,6,7685,161,1,0,0,0
16,2023-09-17,7,0,0,0,0,0,0
16,2023-09-18,1,4754,111,1,0,0,0
16,2023-09-19,2,4624,105,1,0,0,0
16,2023-09-20,3,4768,110,1,0,0,0
16,2023-09-21,4,5315,107,1,0,0,0
16,2023-09-22,5,5712,121,1,0,0,0
16,2023-09-23,6,7364,169,1,0,0,0
16,2023-09-24,7,5810,130,1,0,0,0
16,2023-09-25,1,5195,124,1,0,0,0
16,2023-09-26,2,4383,89,1,0,0,0
16,2023-09-27,3,6432,127,1,1,0,0
16,2023-09-28,4,6707,151,1,1,0,0
16,2023-09-29,5,5565,138,1,0,0,0
16,2023-09-30,6,6745,129,1,0,0,0
16,2023-10-01,7,0,0,0,1,0,0
16,2023-10-02,1,5140,109,1,0,0,0
16,2023-10-03,2,5164,113,1,0,0,0
16,2023-10-04,3,5123,122,1,0,0,0
16,2023-10-05,4,4966,100,1,0,0,0
16,2023-10-06,5,5860,126,1,0,0,0
16,2023-10-07,6,9332,195,1,1,0,0
16,2023-10-08,7,7540,175,1,1,0,0
16,2023-10-09,1,4643,106,1,0,0,0
16,2023-10-10,2,4893,117,1,0,0,0
16,2023-10-11,3,5085,119,1,0,0,0
16,2023-10-12,4,5754,139,1,0,0,0
16,2023-10-13,5,5698,122,1,0,0,0
16,2023-10-14,6,7914,197,1,0,0,0
16,2023-10-15,7,6359,122,1,0,0,0
16,2023-10-16,1,4878,120,1,0,0,0
16,2023-10-17,2,5053,104,1,0,0,0
16,2023-10-18,3,5977,145,1,1,0,0
16,2023-10-19,4,5090,122,1,0,0,0
16,2023-10-20,5,6912,147,1,1,0,0
16,2023-10-21,6,7250,156,1,0,0,0
16,2023-10-22,7,0,0,0,0,0,0
16,2023-10-23,1,5312,108,1,0,0,0
16,2023-10-24,2,4694,106,1,0,0,0
16,2023-10-25,3,5181,101,1,0,0,0
16,2023-10-26,4,6514,161,1,1,0,0
16,2023-10-27,5,7018,161,1,1,0,0
16,2023-10-28,6,6852,153,1,0,0,0
16,2023-10-29,7,5693,121,1,0,0,0
16,2023-10-30,1,4824,119,1,0,0,0
16,2023-10-31,2,4661,109,1,0,0,0
16,2023-11-01,3,4749,99,1,0,0,0
16,2023-11-02,4,4979,107,1,0,0,0
16,2023-11-03,5,5832,139,1,0,0,0
16,2023-11-04,6,7653,172,1,0,0,0
16,2023-11-05,7,5626,119,1,0,0,0
16,2023-11-06,1,4675,109,1,0,0,0
16,2023-11-07,2,4834,112,1,0,0,0
16,2023-11-08,3,6200,139,1,1,0,0
16,2023-11-09,4,5070,99,1,0,0,0
16,2023-11-10,5,7467,153,1,1,0,0
16,2023-11-11,6,9264,210,1,1,0,0
16,2023-11-12,7,6874,131,1,1,0,0
16,2023-11-13,1,5877,124,1,1,0,0
16,2023-11-14,2,4392,96,1,0,0,0
16,2023-11-15,3,6205,139,1,1,0,0
16,2023-11-16,4,4830,103,1,0,0,0
16,2023-11-17,5,5216,113,1,0,0,0
16,2023-11-18,6,2021,40,1,1,0,0
16,2023-11-19,7,0,0,0,1,0,0
16,2023-11-20,1,5713,130,1,1,0,0
16,2023-11-21,2,5902,123,1,1,0,0
16,2023-11-22,3,6290,135,1,1,0,0
16,2023-11-23,4,6516,150,1,1,0,0
16,2023-11-24,5,7383,169,1,1,0,0
16,2023-11-25,6,7348,153,1,0,0,0
16,2023-11-26,7,7335,170,1,1,0,0
16,2023-11-27,1,6209,135,1,1,0,0
16,2023-11-28,2,6070,140,1,1,0,0
16,2023-11-29,3,5038,93,1,0,0,0
16,2023-11-30,4,5356,124,1,0,0,0
16,2023-12-01,5,5558,128,1,0,0,0
16,2023-12-02,6,9131,207,1,1,0,0
16,2023-12-03,7,5615,121,1,0,0,0
16,2023-12-04,1,4861,112,1,0,0,0
16,2023-12-05,2,4660,106,1,0,0,0
16,2023-12-06,3,6623,141,1,1,0,0
16,2023-12-07,4,6023,138,1,1,0,0
16,2023-12-08,5,7013,148,1,1,0,0
16,2023-12-09,6,7197,138,1,0,0,0
16,2023-12-10,7,0,0,0,0,0,0
16,2023-12-11,1,4615,106,1,0,0,0
16,2023-12-12,2,4822,106,1,0,0,0
16,2023-12-13,3,6326,142,1,1,0,0
16,2023-12-14,4,5447,107,1,0,0,0
16,2023-12-15,5,5510,122,1,0,0,0
16,2023-12-16,6,6919,155,1,0,0,0
16,2023-12-17,7,0,0,0,0,0,0
16,2023-12-18,1,5741,138,1,1,0,0
16,2023-12-19,2,4702,106,1,0,0,0
16,2023-12-20,3,6236,145,1,1,0,0
16,2023-12-21,4,5376,105,1,0,0,0
16,2023-12-22,5,5321,123,1,0,0,0
16,2023-12-23,6,7305,165,1,0,0,0
16,2023-12-24,7,6051,141,1,0,0,0
16,2023-12-25,1,5915,125,1,1,a,0
16,2023-12-26,2,4750,108,1,0,0,0
16,2023-12-27,3,5282,105,1,0,0,0
16,2023-12-28,4,5091,107,1,0,0,0
16,2023-12-29,5,5670,116,1,0,0,0
16,2023-12-30,6,9694,181,1,1,0,0
16,2023-12-31,7,0,0,0,0,0,0
16,2024-01-01,1,5285,113,1,0,a,0
16,2024-01-02,2,5559,128,1,1,0,0
16,2024-01-03,3,4996,108,1,0,0,0
16,2024-01-04,4,5435,114,1,0,0,0
16,2024-01-05,5,5576,119,1,0,0,0
16,2024-01-06,6,7351,170,1,0,0,0
16,2024-01-07,7,8056,191,1,1,0,0
16,2024-01-08,1,4769,99,1,0,0,0
16,2024-01-09,2,6211,140,1,1,0,0
16,2024-01-10,3,5263,130,1,0,0,0
16,2024-01-11,4,6575,149,1,1,0,0
16,2024-01-12,5,5805,127,1,0,0,0
16,2024-01-13,6,7068,166,1,0,0,0
16,2024-01-14,7,0,0,0,0,0,0
16,2024-01-15,1,4657,100,1,0,0,0
16,2024-01-16,2,6193,134,1,1,0,0
16,2024-01-17,3,6187,130,1,1,0,0
16,2024-01-18,4,5145,109,1,0,0,0
16,2024-01-19,5,5744,133,1,0,0,0
16,2024-01-20,6,7648,185,1,0,0,0
16,2024-01-21,7,0,0,0,1,0,0
16,2024-01-22,1,6256,148,1,1,0,0
16,2024-01-23,2,4692,108,1,0,0,0
16,2024-01-24,3,5904,128,1,1,0,0
16,2024-01-25,4,6952,141,1,1,0,0
16,2024-01-26,5,5863,134,1,0,0,0
16,2024-01-27,6,9234,217,1,1,0,0
16,2024-01-28,7,6109,118,1,0,0,0
16,2024-01-29,1,5176,110,1,0,0,0
16,2024-01-30,2,4775,106,1,0,0,0
16,2024-01-31,3,4928,116,1,0,0,0
16,2024-02-01,4,4920,118,1,0,0,0
16,2024-02-02,5,5507,120,1,0,0,0
16,2024-02-03,6,9196,182,1,1,0,0
16,2024-02-04,7,0,0,0,0,0,0
16,2024-02-05,1,4866,128,1,0,0,0
16,2024-02-06,2,6183,139,1,1,0,0
16,2024-02-07,3,5393,119,1,0,0,0
16,2024-02-08,4,5374,112,1,0,0,0
16,2024-02-09,5,8007,192,1,1,0,0
16,2024-02-10,6,9404,195,1,1,0,0
16,2024-02-11,7,6063,146,1,0,0,0
16,2024-02-12,1,4905,118,1,0,0,0
16,2024-02-13,2,6722,152,1,1,0,0
16,2024-02-14,3,5426,126,1,0,0,0
16,2024-02-15,4,4897,101,1,0,0,0
16,2024-02-16,5,6455,144,1,0,0,0
16,2024-02-17,6,7696,152,1,0,0,0
16,2024-02-18,7,0,0,0,1,0,0
16,2024-02-19,1,6423,123,1,1,0,0
16,2024-02-20,2,5829,109,1,1,0,0
16,2024-02-21,3,6466,134,1,1,0,0
16,2024-02-22,4,5209,105,1,0,0,0
16,2024-02-23,5,5743,128,1,0,0,0
16,2024-02-24,6,9852,225,1,1,0,0
16,2024-02-25,7,6049,139,1,0,0,0
16,2024-02-26,1,5041,109,1,0,0,0
16,2024-02-27,2,6233,152,1,1,0,0
16,2024-02-28,3,5372,123,1,0,0,0
16,2024-02-29,4,5635,124,1,0,0,0
16,2024-03-01,5,7328,175,1,1,0,0
16,2024-03-02,6,9238,208,1,1,0,0
16,2024-03-03,7,6724,153,1,0,0,0
16,2024-03-04,1,5470,105,1,1,0,0
16,2024-03-05,2,5127,108,1,0,0,0
16,2024-03-06,3,5101,116,1,0,0,0
16,2024-03-07,4,6823,150,1,1,0,0
16,2024-03-08,5,7349,176,1,1,0,0
16,2024-03-09,6,8029,187,1,0,0,0
16,2024-03-10,7,6278,146,1,0,0,0
16,2024-03-11,1,4675,96,1,0,0,0
16,2024-03-12,2,4561,114,1,0,0,0
16,2024-03-13,3,5091,125,1,0,0,0
16,2024-03-14,4,5477,124,1,0,0,0
16,2024-03-15,5,6260,130,1,0,0,0
16,2024-03-16,6,7304,143,1,0,0,0
16,2024-03-17,7,5478,116,1,0,0,0
16,2024-03-18,1,6436,137,1,1,0,0
16,2024-03-19,2,4940,117,1,0,0,0
16,2024-03-20,3,5192,126,1,0,0,0
16,2024-03-21,4,6288,127,1,1,0,0
16,2024-03-22,5,7796,166,1,1,0,0
16,2024-03-23,6,7260,165,1,0,0,0
16,2024-03-24,7,6264,138,1,0,0,0
16,2024-03-25,1,6397,154,1,1,0,0
16,2024-03-26,2,5073,103,1,0,0,0
16,2024-03-27,3,6213,150,1,1,0,0
16,2024-03-28,4,5086,108,1,0,0,0
16,2024-03-29,5,6146,157,1,0,0,0
16,2024-03-30,6,7790,185,1,0,0,0
16,2024-03-31,7,0,0,0,1,0,0
16,2024-04-01,1,6676,133,1,1,0,0
16,2024-04-02,2,5029,96,1,0,0,0
16,2024-04-03,3,9135,190,1,0,0,0
16,2024-04-04,4,9862,205,1,0,0,0
16,2024-04-05,5,10867,235,1,0,0,0
16,2024-04-06,6,17490,352,1,1,0,0
16,2024-04-07,7,0,0,0,0,0,0
16,2024-04-08,1,10836,245,1,1,0,0
16,2024-04-09,2,9307,171,1,0,0,0
16,2024-04-10,3,0,0,0,1,b,0
16,2024-04-11,4,0,0,0,1,b,0
16,2024-04-12,5,5508,118,1,0,0,0
16,2024-04-13,6,7103,143,1,0,0,0
16,2024-04-14,7,0,0,0,0,0,0
16,2024-04-15,1,5060,113,1,0,0,0
16,2024-04-16,2,4969,98,1,0,0,0
16,2024-04-17,3,5095,112,1,0,0,0
16,2024-04-18,4,6342,134,1,1,0,0
16,2024-04-19,5,6148,141,1,0,0,0
16,2024-04-20,6,9831,226,1,1,0,0
16,2024-04-21,7,7486,192,1,1,0,0
16,2024-04-22,1,6795,147,1,1,0,0
16,2024-04-23,2,5153,124,1,0,0,0
16,2024-04-24,3,4973,116,1,0,0,0
16,2024-04-25,4,5289,107,1,0,0,0
16,2024-04-26,5,5823,147,1,0,0,0
16,2024-04-27,6,7748,174,1,0,0,0
16,2024-04-28,7,0,0,0,1,0,0
16,2024-04-29,1,4908,99,1,0,0,0
16,2024-04-30,2,5174,124,1,0,0,0
16,2024-05-01,3,5988,115,1,1,0,0
16,2024-05-02,4,5321,95,1,0,0,0
16,2024-05-03,5,5577,145,1,0,0,0
16,2024-05-04,6,9986,239,1,1,0,0
16,2024-05-05,7,0,0,0,0,0,0
16,2024-05-06,1,4722,102,1,0,0,0
16,2024-05-07,2,4724,100,1,0,0,0
16,2024-05-08,3,6519,152,1,1,0,0
16,2024-05-09,4,4762,97,1,0,0,0
16,2024-05-10,5,5623,114,1,0,0,0
16,2024-05-11,6,7337,155,1,0,0,0
16,2024-05-12,7,6637,159,1,0,0,0
16,2024-05-13,1,4957,101,1,0,0,0
16,2024-05-14,2,5156,124,1,0,0,0
16,2024-05-15,3,5096,117,1,0,0,0
16,2024-05-16,4,5592,129,1,0,0,0
16,2024-05-17,5,5497,106,1,0,0,0
16,2024-05-18,6,7387,155,1,0,0,0
16,2024-05-19,7,0,0,0,0,0,0
16,2024-05-20,1,5157,118,1,0,0,0
16,2024-05-21,2,5080,107,1,0,0,0
16,2024-05-22,3,6597,166,1,1,0,0
16,2024-05-23,4,6920,150,1,1,0,0
16,2024-05-24,5,5965,136,1,0,0,0
16,2024-05-25,6,7743,173,1,0,0,0
16,2024-05-26,7,5939,139,1,0,0,0
16,2024-05-27,1,4705,105,1,0,0,0
16,2024-05-28,2,4727,94,1,0,0,0
16,2024-05-29,3,4794,103,1,0,0,0
16,2024-05-30,4,6835,141,1,1,0,0
16,2024-05-31,5,6259,116,1,0,0,0
16,2024-06-01,6,7323,178,1,0,0,1
16,2024-06-02,7,8227,206,1,1,0,1
16,2024-06-03,1,5243,114,1,0,0,1
16,2024-06-04,2,4876,107,1,0,0,1
16,2024-06-05,3,6440,135,1,1,0,1
16,2024-06-06,4,7147,159,1,1,0,1
16,2024-06-07,5,6615,164,1,1,0,1
16,2024-06-08,6,8128,203,1,0,0,1
16,2024-06-09,7,6556,147,1,0,0,1
16,2024-06-10,1,6230,120,1,1,0,1
16,2024-06-11,2,4999,121,1,0,0,1
16,2024-06-12,3,7099,149,1,1,0,1
16,2024-06-13,4,5069,109,1,0,0,1
16,2024-06-14,5,5942,137,1,0,0,1
16,2024-06-15,6,9951,209,1,1,0,1
16,2024-06-16,7,0,0,0,0,0,1
16,2024-06-17,1,5157,113,1,0,0,1
16,2024-06-18,2,5487,115,1,0,0,1
16,2024-06-19,3,4968,113,1,0,0,1
16,2024-06-20,4,5144,109,1,0,0,1
16,2024-06-21,5,5251,116,1,0,0,1
16,2024-06-22,6,7307,145,1,0,0,1
16,2024-06-23,7,0,0,0,1,0,1
16,2024-06-24,1,5234,102,1,0,0,1
16,2024-06-25,2,6600,145,1,1,0,1
16,2024-06-26,3,5014,118,1,0,0,1
16,2024-06-27,4,5402,131,1,0,0,1
16,2024-06-28,5,6435,142,1,0,0,1
16,2024-06-29,6,9579,204,1,1,0,1
16,2024-06-30,7,8085,182,1,1,0,1
17,2022-01-01,6,8361,164,1,1,a,0
17,2022-01-02,7,4923,89,1,0,0,0
17,2022-01-03,1,3986,89,1,0,0,0
17,2022-01-04,2,5584,127,1,1,0,0
17,2022-01-05,3,5558,124,1,1,0,0
17,2022-01-06,4,5209,118,1,1,0,0
17,2022-01-07,5,4674,116,1,0,0,0
17,2022-01-08,6,7853,175,1,1,0,0
17,2022-01-09,7,0,0,0,0,0,0
17,2022-01-10,1,4441,95,1,0,0,0
17,2022-01-11,2,4361,88,1,0,0,0
17,2022-01-12,3,4235,100,1,0,0,0
17,2022-01-13,4,5588,102,1,1,0,0
17,2022-01-14,5,5934,113,1,1,0,0
17,2022-01-15,6,7783,196,1,1,0,0
17,2022-01-16,7,4891,114,1,0,0,0
17,2022-01-17,1,4056,92,1,0,0,0
17,2022-01-18,2,4997,128,1,1,0,0
17,2022-01-19,3,4306,101,1,0,0,0
17,2022-01-20,4,5719,118,1,1,0,0
17,2022-01-21,5,5366,113,1,0,0,0
17,2022-01-22,6,6254,155,1,0,0,0
17,2022-01-23,7,0,0,0,0,0,0
17,2022-01-24,1,5264,116,1,1,0,0
17,2022-01-25,2,4356,86,1,0,0,0
17,2022-01-26,3,4073,86,1,0,0,0
17,2022-01-27,4,5461,121,1,1,0,0
17,2022-01-28,5,5128,126,1,0,0,0
17,2022-01-29,6,8211,206,1,1,0,0
17,2022-01-30,7,5358,123,1,0,0,0
17,2022-01-31,1,4558,107,1,0,0,0
17,2022-02-01,2,4754,103,1,1,0,0
17,2022-02-02,3,4081,84,1,0,0,0
17,2022-02-03,4,4624,101,1,0,0,0
17,2022-02-04,5,5175,121,1,0,0,0
17,2022-02-05,6,6605,133,1,0,0,0
17,2022-02-06,7,0,0,0,0,0,0
17,2022-02-07,1,4070,96,1,0,0,0
17,2022-02-08,2,5311,100,1,1,0,0
17,2022-02-09,3,5434,108,1,1,0,0
17,2022-02-10,4,4646,102,1,0,0,0
17,2022-02-11,5,5076,134,1,0,0,0
17,2022-02-12,6,6241,132,1,0,0,0
17,2022-02-13,7,5323,121,1,0,0,0
17,2022-02-14,1,4292,94,1,0,0,0
17,2022-02-15,2,4207,93,1,0,0,0
17,2022-02-16,3,4619,85,1,0,0,0
17,2022-02-17,4,5075,126,1,0,0,0
17,2022-02-18,5,4514,93,1,0,0,0
17,2022-02-19,6,8541,170,1,1,0,0
17,2022-02-20,7,0,0,0,1,0,0
17,2022-02-21,1,4123,89,1,0,0,0
17,2022-02-22,2,5140,127,1,1,0,0
17,2022-02-23,3,4573,92,1,0,0,0
17,2022-02-24,4,5669,136,1,1,0,0
17,2022-02-25,5,4989,119,1,0,0,0
17,2022-02-26,6,7763,170,1,1,0,0
17,2022-02-27,7,0,0,0,0,0,0
17,2022-02-28,1,4083,85,1,0,0,0
17,2022-03-01,2,4089,98,1,0,0,0
17,2022-03-02,3,4360,96,1,0,0,0
17,2022-03-03,4,4612,90,1,0,0,0
17,2022-03-04,5,4804,112,1,0,0,0
17,2022-03-05,6,8359,188,1,1,0,0
17,2022-03-06,7,5013,113,1,0,0,0
17,2022-03-07,1,4463,86,1,0,0,0
17,2022-03-08,2,4022,103,1,0,0,0
17,2022-03-09,3,6049,134,1,1,0,0
17,2022-03-10,4,5860,131,1,1,0,0
17,2022-03-11,5,6539,145,1,1,0,0
17,2022-03-12,6,6400,154,1,0,0,0
17,2022-03-13,7,5421,132,1,0,0,0
17,2022-03-14,1,4037,92,1,0,0,0
17,2022-03-15,2,4006,100,1,0,0,0
17,2022-03-16,3,4337,100,1,0,0,0
17,2022-03-17,4,4894,106,1,0,0,0
17,2022-03-18,5,5282,112,1,0,0,0
17,2022-03-19,6,5745,130,1,0,0,0
17,2022-03-20,7,5012,85,1,0,0,0
17,2022-03-21,1,5370,118,1,1,0,0
17,2022-03-22,2,4485,98,1,0,0,0
17,2022-03-23,3,5583,117,1,1,0,0
17,2022-03-24,4,3979,88,1,0,0,0
17,2022-03-25,5,4743,109,1,0,0,0
17,2022-03-26,6,6714,156,1,0,0,0
17,2022-03-27,7,0,0,0,1,0,0
17,2022-03-28,1,4352,97,1,0,0,0
17,2022-03-29,2,5578,140,1,1,0,0
17,2022-03-30,3,4344,109,1,0,0,0
17,2022-03-31,4,4726,101,1,0,0,0
17,2022-04-01,5,6828,166,1,1,0,0
17,2022-04-02,6,6565,136,1,0,0,0
17,2022-04-03,7,0,0,0,1,0,0
17,2022-04-04,1,4238,88,1,0,0,0
17,2022-04-05,2,4044,94,1,0,0,0
17,2022-04-06,3,4916,102,1,1,0,0
17,2022-04-07,4,5492,123,1,1,0,0
17,2022-04-08,5,5218,118,1,0,0,0
17,2022-04-09,6,8135,170,1,1,0,0
17,2022-04-10,7,5662,131,1,0,0,0
17,2022-04-11,1,5462,136,1,1,0,0
17,2022-04-12,2,4431,101,1,0,0,0
17,2022-04-13,3,4047,93,1,0,0,0
17,2022-04-14,4,4483,112,1,0,0,0
17,2022-04-15,5,4999,106,1,0,0,0
17,2022-04-16,6,6248,147,1,0,0,0
17,2022-04-17,7,0,0,0,0,0,0
17,2022-04-18,1,3927,90,1,0,0,0
17,2022-04-19,2,5284,120,1,1,0,0
17,2022-04-20,3,4698,102,1,0,0,0
17,2022-04-21,4,4767,103,1,0,0,0
17,2022-04-22,5,4980,117,1,0,0,0
17,2022-04-23,6,7794,193,1,1,0,0
17,2022-04-24,7,5612,125,1,0,0,0
17,2022-04-25,1,7635,179,1,0,0,0
17,2022-04-26,2,7348,171,1,0,0,0
17,2022-04-27,3,8418,198,1,0,0,0
17,2022-04-28,4,8408,177,1,0,0,0
17,2022-04-29,5,8994,199,1,0,0,0
17,2022-04-30,6,11965,246,1,0,0,0
17,2022-05-01,7,9810,217,1,0,0,0
17,2022-05-02,1,0,0,0,0,b,0
17,2022-05-03,2,0,0,0,0,b,0
17,2022-05-04,3,3980,77,1,0,0,0
17,2022-05-05,4,5731,120,1,1,0,0
17,2022-05-06,5,6166,132,1,1,0,0
17,2022-05-07,6,6291,143,1,0,0,0
17,2022-05-08,7,0,0,0,0,0,0
17,2022-05-09,1,4263,96,1,0,0,0
17,2022-05-10,2,4212,91,1,0,0,0
17,2022-05-11,3,4508,101,1,0,0,0
17,2022-05-12,4,4448,101,1,0,0,0
17,2022-05-13,5,6547,154,1,1,0,0
17,2022-05-14,6,8509,203,1,1,0,0
17,2022-05-15,7,5545,115,1,0,0,0
17,2022-05-16,1,4584,107,1,0,0,0
17,2022-05-17,2,5202,104,1,1,0,0
17,2022-05-18,3,5523,125,1,1,0,0
17,2022-05-19,4,5854,132,1,1,0,0
17,2022-05-20,5,5006,112,1,0,0,0
17,2022-05-21,6,6197,128,1,0,0,0
17,2022-05-22,7,5226,116,1,0,0,0
17,2022-05-23,1,4746,101,1,0,0,0
17,2022-05-24,2,4132,90,1,0,0,0
17,2022-05-25,3,4309,109,1,0,0,0
17,2022-05-26,4,5635,127,1,1,0,0
17,2022-05-27,5,6583,157,1,1,0,0
17,2022-05-28,6,6704,172,1,0,0,0
17,2022-05-29,7,6951,144,1,1,0,0
17,2022-05-30,1,4952,100,1,0,0,0
17,2022-05-31,2,5594,138,1,1,0,0
17,2022-06-01,3,4698,94,1,0,0,1
17,2022-06-02,4,5307,109,1,0,0,1
17,2022-06-03,5,5259,122,1,0,0,1
17,2022-06-04,6,6473,137,1,0,0,1
17,2022-06-05,7,5299,120,1,0,0,1
17,2022-06-06,1,4636,107,1,0,0,1
17,2022-06-07,2,5047,95,1,1,0,1
17,2022-06-08,3,4065,103,1,0,0,1
17,2022-06-09,4,4461,118,1,0,0,1
17,2022-06-10,5,5354,118,1,0,0,1
17,2022-06-11,6,6810,161,1,0,0,1
17,2022-06-12,7,5348,142,1,0,0,1
17,2022-06-13,1,5809,132,1,1,0,1
17,2022-06-14,2,4446,88,1,0,0,1
17,2022-06-15,3,4590,105,1,0,0,1
17,2022-06-16,4,5821,120,1,1,0,1
17,2022-06-17,5,5383,118,1,0,0,1
17,2022-06-18,6,6876,168,1,0,0,1
17,2022-06-19,7,6659,163,1,1,0,1
17,2022-06-20,1,4600,91,1,0,0,1
17,2022-06-21,2,4181,97,1,0,0,1
17,2022-06-22,3,5717,124,1,1,0,1
17,2022-06-23,4,4762,98,1,0,0,1
17,2022-06-24,5,5075,115,1,0,0,1
17,2022-06-25,6,8354,194,1,1,0,1
17,2022-06-26,7,5575,137,1,0,0,1
17,2022-06-27,1,4188,97,1,0,0,1
17,2022-06-28,2,5463,119,1,1,0,1
17,2022-06-29,3,6288,138,1,1,0,1
17,2022-06-30,4,4484,111,1,0,0,1
17,2022-07-01,5,5438,117,1,0,0,1
17,2022-07-02,6,8273,179,1,1,0,1
17,2022-07-03,7,0,0,0,1,0,1
17,2022-07-04,1,4276,95,1,0,0,1
17,2022-07-05,2,4340,94,1,0,0,1
17,2022-07-06,3,5039,123,1,0,0,1
17,2022-07-07,4,5807,132,1,1,0,1
17,2022-07-08,5,6681,168,1,1,0,1
17,2022-07-09,6,8576,215,1,1,0,1
17,2022-07-10,7,0,0,0,1,0,1
17,2022-07-11,1,4543,99,1,0,0,1
17,2022-07-12,2,4078,81,1,0,0,1
17,2022-07-13,3,5861,124,1,1,0,1
17,2022-07-14,4,5903,147,1,1,0,1
17,2022-07-15,5,4901,106,1,0,0,1
17,2022-07-16,6,6278,131,1,0,0,1
17,2022-07-17,7,6776,165,1,1,0,1
17,2022-07-18,1,5005,113,1,0,0,1
17,2022-07-19,2,4708,104,1,0,0,1
17,2022-07-20,3,4635,109,1,0,0,1
17,2022-07-21,4,4824,97,1,0,0,1
17,2022-07-22,5,5356,116,1,0,0,1
17,2022-07-23,6,8135,198,1,1,0,1
17,2022-07-24,7,5261,121,1,0,0,1
17,2022-07-25,1,4650,109,1,0,0,1
17,2022-07-26,2,4231,104,1,0,0,1
17,2022-07-27,3,6113,147,1,1,0,1
17,2022-07-28,4,5491,119,1,1,0,1
17,2022-07-29,5,6218,139,1,1,0,1
17,2022-07-30,6,8967,170,1,1,0,1
17,2022-07-31,7,0,0,0,0,0,1
17,2022-08-01,1,4441,102,1,0,0,0
17,2022-08-02,2,4511,93,1,0,0,0
17,2022-08-03,3,4835,94,1,0,0,0
17,2022-08-04,4,6080,130,1,1,0,0
17,2022-08-05,5,5294,116,1,0,0,0
17,2022-08-06,6,8725,195,1,1,0,0
17,2022-08-07,7,0,0,0,0,0,0
17,2022-08-08,1,4719,98,1,0,0,0
17,2022-08-09,2,5004,114,1,0,0,0
17,2022-08-10,3,4694,126,1,0,0,0
17,2022-08-11,4,4526,103,1,0,0,0
17,2022-08-12,5,5500,126,1,0,0,0
17,2022-08-13,6,6674,133,1,0,0,0
17,2022-08-14,7,5572,124,1,0,0,0
17,2022-08-15,1,4567,91,1,0,0,0
17,2022-08-16,2,4259,94,1,0,0,0
17,2022-08-17,3,4502,115,1,0,a,0
17,2022-08-18,4,4191,88,1,0,0,0
17,2022-08-19,5,5211,118,1,0,0,0
17,2022-08-20,6,6925,142,1,0,0,0
17,2022-08-21,7,0,0,0,0,0,0
17,2022-08-22,1,4389,95,1,0,0,0
17,2022-08-23,2,4477,86,1,0,0,0
17,2022-08-24,3,4378,97,1,0,0,0
17,2022-08-25,4,4495,115,1,0,0,0
17,2022-08-26,5,6731,156,1,1,0,0
17,2022-08-27,6,6944,157,1,0,0,0
17,2022-08-28,7,5640,120,1,0,0,0
17,2022-08-29,1,5542,119,1,1,0,0
17,2022-08-30,2,4643,116,1,0,0,0
17,2022-08-31,3,5431,119,1,1,0,0
17,2022-09-01,4,4684,107,1,0,0,0
17,2022-09-02,5,5453,126,1,0,0,0
17,2022-09-03,6,8813,177,1,1,0,0
17,2022-09-04,7,5297,96,1,0,0,0
17,2022-09-05,1,4992,101,1,0,0,0
17,2022-09-06,2,4381,86,1,0,0,0
17,2022-09-07,3,4632,114,1,0,0,0
17,2022-09-08,4,4996,102,1,0,0,0
17,2022-09-09,5,5675,120,1,0,0,0
17,2022-09-10,6,8491,197,1,1,0,0
17,2022-09-11,7,0,0,0,1,0,0
17,2022-09-12,1,4414,105,1,0,0,0
17,2022-09-13,2,5983,157,1,1,0,0
17,2022-09-14,3,4629,113,1,0,0,0
17,2022-09-15,4,4847,115,1,0,0,0
17,2022-09-16,5,6480,137,1,1,0,0
17,2022-09-17,6,8572,187,1,1,0,0
17,2022-09-18,7,6659,149,1,1,0,0
17,2022-09-19,1,4511,110,1,0,0,0
17,2022-09-20,2,4430,99,1,0,0,0
17,2022-09-21,3,5480,120,1,1,0,0
17,2022-09-22,4,4644,116,1,0,0,0
17,2022-09-23,5,4730,114,1,0,0,0
17,2022-09-24,6,6375,124,1,0,0,0
17,2022-09-25,7,6919,161,1,1,0,0
17,2022-09-26,1,4751,102,1,0,0,0
17,2022-09-27,2,4355,118,1,0,0,0
17,2022-09-28,3,4629,102,1,0,0,0
17,2022-09-29,4,5067,116,1,0,0,0
17,2022-09-30,5,6894,166,1,1,0,0
17,2022-10-01,6,7087,176,1,0,0,0
17,2022-10-02,7,0,0,0,0,0,0
17,2022-10-03,1,4430,103,1,0,0,0
17,2022-10-04,2,4530,109,1,0,0,0
17,2022-10-05,3,4943,110,1,0,0,0
17,2022-10-06,4,5231,115,1,0,0,0
17,2022-10-07,5,5942,141,1,0,0,0
17,2022-10-08,6,7343,173,1,0,0,0
17,2022-10-09,7,6964,157,1,1,0,0
17,2022-10-10,1,5345,124,1,1,0,0
17,2022-10-11,2,4584,113,1,0,0,0
17,2022-10-12,3,4908,107,1,0,0,0
17,2022-10-13,4,5241,101,1,1,0,0
17,2022-10-14,5,4920,106,1,0,0,0
17,2022-10-15,6,6677,158,1,0,0,0
17,2022-10-16,7,0,0,0,1,0,0
17,2022-10-17,1,4191,92,1,0,0,0
17,2022-10-18,2,4542,96,1,0,0,0
17,2022-10-19,3,4951,114,1,0,0,0
17,2022-10-20,4,4769,112,1,0,0,0
17,2022-10-21,5,6101,133,1,1,0,0
17,2022-10-22,6,6916,161,1,0,0,0
17,2022-10-23,7,0,0,0,0,0,0
17,2022-10-24,1,5419,113,1,1,0,0
17,2022-10-25,2,5850,128,1,1,0,0
17,2022-10-26,3,4950,111,1,0,0,0
17,2022-10-27,4,4753,104,1,0,0,0
17,2022-10-28,5,5527,119,1,0,0,0
17,2022-10-29,6,8111,188,1,1,0,0
17,2022-10-30,7,0,0,0,0,0,0
17,2022-10-31,1,4486,109,1,0,0,0
17,2022-11-01,2,4177,93,1,0,0,0
17,2022-11-02,3,4466,94,1,0,0,0
17,2022-11-03,4,4931,112,1,0,0,0
17,2022-11-04,5,4946,125,1,0,0,0
17,2022-11-05,6,6773,154,1,0,0,0
17,2022-11-06,7,5898,135,1,0,0,0
17,2022-11-07,1,4469,110,1,0,0,0
17,2022-11-08,2,4136,85,1,0,0,0
17,2022-11-09,3,5777,133,1,1,0,0
17,2022-11-10,4,6255,136,1,1,0,0
17,2022-11-11,5,5004,101,1,0,0,0
17,2022-11-12,6,7290,162,1,0,0,0
17,2022-11-13,7,5823,132,1,0,0,0
17,2022-11-14,1,4671,89,1,0,0,0
17,2022-11-15,2,4619,86,1,0,0,0
17,2022-11-16,3,4724,99,1,0,0,0
17,2022-11-17,4,6162,142,1,1,0,0
17,2022-11-18,5,5380,119,1,0,0,0
17,2022-11-19,6,7198,181,1,0,0,0
17,2022-11-20,7,0,0,0,0,0,0
17,2022-11-21,1,5512,122,1,1,0,0
17,2022-11-22,2,4339,98,1,0,0,0
17,2022-11-23,3,5764,137,1,1,0,0
17,2022-11-24,4,4710,100,1,0,0,0
17,2022-11-25,5,7093,166,1,1,0,0
17,2022-11-26,6,7985,186,1,1,0,0
17,2022-11-27,7,0,0,0,1,0,0
17,2022-11-28,1,4926,119,1,0,0,0
17,2022-11-29,2,4375,104,1,0,0,0
17,2022-11-30,3,5058,123,1,0,0,0
17,2022-12-01,4,6434,152,1,1,0,0
17,2022-12-02,5,5286,131,1,0,0,0
17,2022-12-03,6,7201,169,1,0,0,0
17,2022-12-04,7,5405,105,1,0,0,0
17,2022-12-05,1,4360,82,1,0,0,0
17,2022-12-06,2,4408,100,1,0,0,0
17,2022-12-07,3,5038,124,1,0,0,0
17,2022-12-08,4,4763,95,1,0,0,0
17,2022-12-09,5,5400,123,1,0,0,0
17,2022-12-10,6,8228,200,1,1,0,0
17,2022-12-11,7,7366,150,1,1,0,0
17,2022-12-12,1,6018,132,1,1,0,0
17,2022-12-13,2,4362,100,1,0,0,0
17,2022-12-14,3,5225,105,1,1,0,0
17,2022-12-15,4,4795,117,1,0,0,0
17,2022-12-16,5,5518,124,1,0,0,0
17,2022-12-17,6,6938,153,1,0,0,0
17,2022-12-18,7,0,0,0,0,0,0
17,2022-12-19,1,4712,106,1,0,0,0
17,2022-12-20,2,5517,114,1,1,0,0
17,2022-12-21,3,4439,107,1,0,0,0
17,2022-12-22,4,5072,116,1,0,0,0
17,2022-12-23,5,5169,104,1,0,0,0
17,2022-12-24,6,6537,133,1,0,0,0
17,2022-12-25,7,5810,128,1,0,a,0
17,2022-12-26,1,4382,102,1,0,0,0
17,2022-12-27,2,5439,128,1,1,0,0
17,2022-12-28,3,5119,100,1,0,0,0
17,2022-12-29,4,5289,114,1,0,0,0
17,2022-12-30,5,7175,146,1,1,0,0
17,2022-12-31,6,9039,217,1,1,0,0
17,2023-01-01,7,0,0,0,1,a,0
17,2023-01-02,1,5103,107,1,0,0,0
17,2023-01-03,2,4793,119,1,0,0,0
17,2023-01-04,3,4812,113,1,0,0,0
17,2023-01-05,4,6404,142,1,1,0,0
17,2023-01-06,5,6626,141,1,1,0,0
17,2023-01-07,6,7030,129,1,0,0,0
17,2023-01-08,7,0,0,0,0,0,0
17,2023-01-09,1,5779,126,1,1,0,0
17,2023-01-10,2,4481,109,1,0,0,0
17,2023-01-11,3,5067,101,1,0,0,0
17,2023-01-12,4,4683,107,1,0,0,0
17,2023-01-13,5,5476,128,1,0,0,0
17,2023-01-14,6,8176,176,1,1,0,0
17,2023-01-15,7,5126,114,1,0,0,0
17,2023-01-16,1,4942,114,1,0,0,0
17,2023-01-17,2,4854,107,1,0,0,0
17,2023-01-18,3,4653,120,1,0,0,0
17,2023-01-19,4,4938,120,1,0,0,0
17,2023-01-20,5,5367,123,1,0,0,0
17,2023-01-21,6,6902,153,1,0,0,0
17,2023-01-22,7,5569,132,1,0,0,0
17,2023-01-23,1,5973,132,1,1,0,0
17,2023-01-24,2,4482,90,1,0,0,0
17,2023-01-25,3,4877,113,1,0,0,0
17,2023-01-26,4,6682,144,1,1,0,0
17,2023-01-27,5,5561,127,1,0,0,0
17,2023-01-28,6,8824,190,1,1,0,0
17,2023-01-29,7,0,0,0,0,0,0
17,2023-01-30,1,5845,152,1,1,0,0
17,2023-01-31,2,5243,108,1,1,0,0
17,2023-02-01,3,5154,119,1,0,0,0
17,2023-02-02,4,5883,142,1,1,0,0
17,2023-02-03,5,6176,142,1,1,0,0
17,2023-02-04,6,6991,171,1,0,0,0
17,2023-02-05,7,0,0,0,0,0,0
17,2023-02-06,1,4998,90,1,0,0,0
17,2023-02-07,2,5801,115,1,1,0,0
17,2023-02-08,3,5016,113,1,0,0,0
17,2023-02-09,4,5182,105,1,0,0,0
17,2023-02-10,5,5702,131,1,0,0,0
17,2023-02-11,6,6641,171,1,0,0,0
17,2023-02-12,7,5884,136,1,0,0,0
17,2023-02-13,1,4370,99,1,0,0,0
17,2023-02-14,2,6313,155,1,1,0,0
17,2023-02-15,3,4970,123,1,0,0,0
17,2023-02-16,4,4805,113,1,0,0,0
17,2023-02-17,5,5587,120,1,0,0,0
17,2023-02-18,6,6696,147,1,0,0,0
17,2023-02-19,7,5301,111,1,0,0,0
17,2023-02-20,1,4910,106,1,0,0,0
17,2023-02-21,2,4375,103,1,0,0,0
17,2023-02-22,3,4767,111,1,0,0,0
17,2023-02-23,4,5020,112,1,0,0,0
17,2023-02-24,5,5443,125,1,0,0,0
17,2023-02-25,6,8376,197,1,1,0,0
17,2023-02-26,7,0,0,0,0,0,0
17,2023-02-27,1,5933,134,1,1,0,0
17,2023-02-28,2,6011,141,1,1,0,0
17,2023-03-01,3,5408,114,1,0,0,0
17,2023-03-02,4,5607,131,1,1,0,0
17,2023-03-03,5,5283,97,1,0,0,0
17,2023-03-04,6,7155,162,1,0,0,0
17,2023-03-05,7,6059,129,1,0,0,0
17,2023-03-06,1,6002,107,1,1,0,0
17,2023-03-07,2,4875,112,1,0,0,0
17,2023-03-08,3,5588,121,1,1,0,0
17,2023-03-09,4,4907,97,1,0,0,0
17,2023-03-10,5,7394,173,1,1,0,0
17,2023-03-11,6,6784,140,1,0,0,0
17,2023-03-12,7,4940,108,1,0,0,0
17,2023-03-13,1,4535,111,1,0,0,0
17,2023-03-14,2,4725,108,1,0,0,0
17,2023-03-15,3,4818,98,1,0,0,0
17,2023-03-16,4,5842,135,1,1,0,0
17,2023-03-17,5,5322,130,1,0,0,0
17,2023-03-18,6,8285,187,1,1,0,0
17,2023-03-19,7,5436,125,1,0,0,0
17,2023-03-20,1,5660,132,1,1,0,0
17,2023-03-21,2,4656,104,1,0,0,0
17,2023-03-22,3,4265,95,1,0,0,0
17,2023-03-23,4,6681,153,1,1,0,0
17,2023-03-24,5,5502,126,1,0,0,0
17,2023-03-25,6,6719,155,1,0,0,0
17,2023-03-26,7,5515,129,1,0,0,0
17,2023-03-27,1,4594,78,1,0,0,0
17,2023-03-28,2,4641,105,1,0,0,0
17,2023-03-29,3,6111,135,1,1,0,0
17,2023-03-30,4,4963,124,1,0,0,0
17,2023-03-31,5,5331,117,1,0,0,0
17,2023-04-01,6,7121,162,1,0,0,0
17,2023-04-02,7,0,0,0,0,0,0
17,2023-04-03,1,4464,105,1,0,0,0
17,2023-04-04,2,5613,116,1,1,0,0
17,2023-04-05,3,5668,125,1,1,0,0
17,2023-04-06,4,4965,140,1,0,0,0
17,2023-04-07,5,6473,138,1,1,0,0
17,2023-04-08,6,7749,165,1,0,0,0
17,2023-04-09,7,6741,138,1,1,0,0
17,2023-04-10,1,5120,111,1,0,0,0
17,2023-04-11,2,4189,83,1,0,0,0
17,2023-04-12,3,5357,110,1,0,0,0
17,2023-04-13,4,5175,118,1,0,0,0
17,2023-04-14,5,5779,138,1,0,0,0
17,2023-04-15,6,11990,219,1,0,0,0
17,2023-04-16,7,0,0,0,0,0,0
17,2023-04-17,1,8473,207,1,0,0,0
17,2023-04-18,2,8352,171,1,0,0,0
17,2023-04-19,3,9337,237,1,0,0,0
17,2023-04-20,4,9380,230,1,0,0,0
17,2023-04-21,5,9941,208,1,0,0,0
17,2023-04-22,6,0,0,0,0,b,0
17,2023-04-23,7,0,0,0,1,b,0
17,2023-04-24,1,5801,138,1,1,0,0
17,2023-04-25,2,4532,99,1,0,0,0
17,2023-04-26,3,5413,113,1,0,0,0
17,2023-04-27,4,4985,121,1,0,0,0
17,2023-04-28,5,6749,150,1,1,0,0
17,2023-04-29,6,7118,145,1,0,0,0
17,2023-04-30,7,6161,97,1,0,0,0
17,2023-05-01,1,4957,105,1,0,0,0
17,2023-05-02,2,4650,105,1,0,0,0
17,2023-05-03,3,5043,123,1,0,0,0
17,2023-05-04,4,5118,101,1,0,0,0
17,2023-05-05,5,5548,120,1,0,0,0
17,2023-05-06,6,7078,157,1,0,0,0
17,2023-05-07,7,5900,150,1,0,0,0
17,2023-05-08,1,4693,90,1,0,0,0
17,2023-05-09,2,4704,105,1,0,0,0
17,2023-05-10,3,6112,131,1,1,0,0
17,2023-05-11,4,4696,97,1,0,0,0
17,2023-05-12,5,5449,126,1,0,0,0
17,2023-05-13,6,7105,173,1,0,0,0
17,2023-05-14,7,0,0,0,0,0,0
17,2023-05-15,1,4763,98,1,0,0,0
17,2023-05-16,2,4760,92,1,0,0,0
17,2023-05-17,3,5438,120,1,0,0,0
17,2023-05-18,4,4671,105,1,0,0,0
17,2023-05-19,5,5176,122,1,0,0,0
17,2023-05-20,6,6930,154,1,0,0,0
17,2023-05-21,7,5779,129,1,0,0,0
17,2023-05-22,1,4753,119,1,0,0,0
17,2023-05-23,2,4583,108,1,0,0,0
17,2023-05-24,3,4615,86,1,0,0,0
17,2023-05-25,4,5327,125,1,0,0,0
17,2023-05-26,5,5489,117,1,0,0,0
17,2023-05-27,6,7650,166,1,0,0,0
17,2023-05-28,7,6984,154,1,1,0,0
17,2023-05-29,1,6612,137,1,1,0,0
17,2023-05-30,2,4319,101,1,0,0,0
17,2023-05-31,3,4923,95,1,0,0,0
17,2023-06-01,4,4835,116,1,0,0,1
17,2023-06-02,5,5636,138,1,0,0,1
17,2023-06-03,6,8600,196,1,1,0,1
17,2023-06-04,7,0,0,0,1,0,1
17,2023-06-05,1,5796,112,1,1,0,1
17,2023-06-06,2,5096,102,1,0,0,1
17,2023-06-07,3,4688,105,1,0,0,1
17,2023-06-08,4,6533,137,1,1,0,1
17,2023-06-09,5,5637,114,1,0,0,1
17,2023-06-10,6,8853,215,1,1,0,1
17,2023-06-11,7,0,0,0,0,0,1
17,2023-06-12,1,4757,114,1,0,0,1
17,2023-06-13,2,4767,94,1,0,0,1
17,2023-06-14,3,4964,101,1,0,0,1
17,2023-06-15,4,5508,129,1,0,0,1
17,2023-06-16,5,5222,116,1,0,0,1
17,2023-06-17,6,8073,194,1,0,0,1
17,2023-06-18,7,6366,144,1,0,0,1
17,2023-06-19,1,4938,124,1,0,0,1
17,2023-06-20,2,4882,118,1,0,0,1
17,2023-06-21,3,6119,142,1,1,0,1
17,2023-06-22,4,5153,105,1,0,0,1
17,2023-06-23,5,5773,118,1,0,0,1
17,2023-06-24,6,8676,166,1,1,0,1
17,2023-06-25,7,7970,187,1,1,0,1
17,2023-06-26,1,4904,107,1,0,0,1
17,2023-06-27,2,5971,113,1,1,0,1
17,2023-06-28,3,4745,104,1,0,0,1
17,2023-06-29,4,5422,120,1,0,0,1
17,2023-06-30,5,5650,124,1,0,0,1
17,2023-07-01,6,7092,156,1,0,0,1
17,2023-07-02,7,7017,176,1,1,0,1
17,2023-07-03,1,6023,133,1,1,0,1
17,2023-07-04,2,5591,109,1,1,0,1
17,2023-07-05,3,6318,137,1,1,0,1
17,2023-07-06,4,5330,123,1,0,0,1
17,2023-07-07,5,5561,116,1,0,0,1
17,2023-07-08,6,9227,212,1,1,0,1
17,2023-07-09,7,0,0,0,1,0,1
17,2023-07-10,1,6030,146,1,1,0,1
17,2023-07-11,2,5917,139,1,1,0,1
17,2023-07-12,3,4978,107,1,0,0,1
17,2023-07-13,4,6283,135,1,1,0,1
17,2023-07-14,5,6978,143,1,1,0,1
17,2023-07-15,6,8783,197,1,1,0,1
17,2023-07-16,7,6084,134,1,0,0,1
17,2023-07-17,1,4857,93,1,0,0,1
17,2023-07-18,2,4910,104,1,0,0,1
17,2023-07-19,3,5239,118,1,0,0,1
17,2023-07-20,4,4878,101,1,0,0,1
17,2023-07-21,5,5454,133,1,0,0,1
17,2023-07-22,6,7573,171,1,0,0,1
17,2023-07-23,7,5890,121,1,0,0,1
17,2023-07-24,1,4902,109,1,0,0,1
17,2023-07-25,2,4795,107,1,0,0,1
17,2023-07-26,3,4756,110,1,0,0,1
17,2023-07-27,4,5288,113,1,0,0,1
17,2023-07-28,5,5772,130,1,0,0,1
17,2023-07-29,6,6962,142,1,0,0,1
17,2023-07-30,7,5926,121,1,0,0,1
17,2023-07-31,1,4864,110,1,0,0,1
17,2023-08-01,2,6202,122,1,1,0,0
17,2023-08-02,3,5295,115,1,0,0,0
17,2023-08-03,4,5163,137,1,0,0,0
17,2023-08-04,5,6539,155,1,1,0,0
17,2023-08-05,6,7611,181,1,0,0,0
17,2023-08-06,7,8304,212,1,1,0,0
17,2023-08-07,1,6343,133,1,1,0,0
17,2023-08-08,2,4725,107,1,0,0,0
17,2023-08-09,3,5110,123,1,0,0,0
17,2023-08-10,4,5381,103,1,0,0,0
17,2023-08-11,5,5753,129,1,0,0,0
17,2023-08-12,6,7840,166,1,0,0,0
17,2023-08-13,7,5656,131,1,0,0,0
17,2023-08-14,1,6009,130,1,1,0,0
17,2023-08-15,2,4909,122,1,0,0,0
17,2023-08-16,3,5193,109,1,0,0,0
17,2023-08-17,4,5041,121,1,0,a,0
17,2023-08-18,5,5600,137,1,0,0,0
17,2023-08-19,6,7123,156,1,0,0,0
17,2023-08-20,7,0,0,0,0,0,0
17,2023-08-21,1,5042,97,1,0,0,0
17,2023-08-22,2,5997,153,1,1,0,0
17,2023-08-23,3,5352,128,1,0,0,0
17,2023-08-24,4,4907,113,1,0,0,0
17,2023-08-25,5,5694,114,1,0,0,0
17,2023-08-26,6,7652,190,1,0,0,0
17,2023-08-27,7,6119,135,1,0,0,0
17,2023-08-28,1,5816,129,1,1,0,0
17,2023-08-29,2,6365,166,1,1,0,0
17,2023-08-30,3,5059,115,1,0,0,0
17,2023-08-31,4,5698,137,1,0,0,0
17,2023-09-01,5,5711,113,1,0,0,0
17,2023-09-02,6,7821,172,1,0,0,0
17,2023-09-03,7,0,0,0,0,0,0
17,2023-09-04,1,4873,105,1,0,0,0
17,2023-09-05,2,4942,111,1,0,0,0
17,2023-09-06,3,4614,106,1,0,0,0
17,2023-09-07,4,5853,131,1,1,0,0
17,2023-09-08,5,6954,153,1,1,0,0
17,2023-09-09,6,6924,150,1,0,0,0
17,2023-09-10,7,5354,128,1,0,0,0
17,2023-09-11,1,6403,154,1,1,0,0
17,2023-09-12,2,4639,100,1,0,0,0
17,2023-09-13,3,6205,163,1,1,0,0
17,2023-09-14,4,5253,91,1,0,0,0
17,2023-09-15,5,5913,137,1,0,0,0
17,2023-09-16,6,7522,144,1,0,0,0
17,2023-09-17,7,7633,183,1,1,0,0
17,2023-09-18,1,5063,129,1,0,0,0
17,2023-09-19,2,4717,110,1,0,0,0
17,2023-09-20,3,4879,125,1,0,0,0
17,2023-09-21,4,5775,131,1,1,0,0
17,2023-09-22,5,7452,188,1,1,0,0
17,2023-09-23,6,8968,190,1,1,0,0
17,2023-09-24,7,8319,176,1,1,0,0
17,2023-09-25,1,5138,115,1,0,0,0
17,2023-09-26,2,5076,133,1,0,0,0
17,2023-09-27,3,5246,125,1,0,0,0
17,2023-09-28,4,5373,101,1,0,0,0
17,2023-09-29,5,7405,179,1,1,0,0
17,2023-09-30,6,9567,234,1,1,0,0
17,2023-10-01,7,0,0,0,0,0,0
17,2023-10-02,1,4810,112,1,0,0,0
17,2023-10-03,2,5710,130,1,1,0,0
17,2023-10-04,3,5183,111,1,0,0,0
17,2023-10-05,4,5581,121,1,0,0,0
17,2023-10-06,5,5760,109,1,0,0,0
17,2023-10-07,6,7510,161,1,0,0,0
17,2023-10-08,7,0,0,0,0,0,0
17,2023-10-09,1,4859,106,1,0,0,0
17,2023-10-10,2,4563,100,1,0,0,0
17,2023-10-11,3,5987,154,1,1,0,0
17,2023-10-12,4,5277,121,1,0,0,0
17,2023-10-13,5,5789,138,1,0,0,0
17,2023-10-14,6,9700,227,1,1,0,0
17,2023-10-15,7,0,0,0,0,0,0
17,2023-10-16,1,4762,120,1,0,0,0
17,2023-10-17,2,5498,138,1,1,0,0
17,2023-10-18,3,4851,116,1,0,0,0
17,2023-10-19,4,6341,144,1,1,0,0
17,2023-10-20,5,5975,133,1,0,0,0
17,2023-10-21,6,7707,179,1,0,0,0
17,2023-10-22,7,6080,117,1,0,0,0
17,2023-10-23,1,5172,116,1,0,0,0
17,2023-10-24,2,6879,167,1,1,0,0
17,2023-10-25,3,5071,100,1,0,0,0
17,2023-10-26,4,6509,128,1,1,0,0
17,2023-10-27,5,6974,147,1,1,0,0
17,2023-10-28,6,7610,159,1,0,0,0
17,2023-10-29,7,0,0,0,1,0,0
17,2023-10-30,1,4871,112,1,0,0,0
17,2023-10-31,2,4790,119,1,0,0,0
17,2023-11-01,3,6220,126,1,1,0,0
17,2023-11-02,4,4973,112,1,0,0,0
17,2023-11-03,5,5873,149,1,0,0,0
17,2023-11-04,6,7566,190,1,0,0,0
17,2023-11-05,7,6102,119,1,0,0,0
17,2023-11-06,1,5464,103,1,0,0,0
17,2023-11-07,2,4992,117,1,0,0,0
17,2023-11-08,3,4832,98,1,0,0,0
17,2023-11-09,4,5453,115,1,0,0,0
17,2023-11-10,5,5744,135,1,0,0,0
17,2023-11-11,6,7391,166,1,0,0,0
17,2023-11-12,7,6071,149,1,0,0,0
17,2023-11-13,1,6176,124,1,1,0,0
17,2023-11-14,2,4968,112,1,0,0,0
17,2023-11-15,3,5668,122,1,0,0,0
17,2023-11-16,4,5197,121,1,0,0,0
17,2023-11-17,5,5879,134,1,0,0,0
17,2023-11-18,6,7615,175,1,0,0,0
17,2023-11-19,7,0,0,0,1,0,0
17,2023-11-20,1,6149,146,1,1,0,0
17,2023-11-21,2,6442,161,1,1,0,0
17,2023-11-22,3,6254,138,1,1,0,0
17,2023-11-23,4,5067,121,1,0,0,0
17,2023-11-24,5,6385,137,1,0,0,0
17,2023-11-25,6,8856,189,1,1,0,0
17,2023-11-26,7,6416,131,1,0,0,0
17,2023-11-27,1,6222,165,1,1,0,0
17,2023-11-28,2,5773,120,1,1,0,0
17,2023-11-29,3,6307,153,1,1,0,0
17,2023-11-30,4,5251,123,1,0,0,0
17,2023-12-01,5,6741,155,1,1,0,0
17,2023-12-02,6,7713,176,1,0,0,0
17,2023-12-03,7,6255,140,1,0,0,0
17,2023-12-04,1,4949,106,1,0,0,0
17,2023-12-05,2,6303,159,1,1,0,0
17,2023-12-06,3,6504,134,1,1,0,0
17,2023-12-07,4,5664,129,1,0,0,0
17,2023-12-08,5,5564,126,1,0,0,0
17,2023-12-09,6,7452,175,1,0,0,0
17,2023-12-10,7,0,0,0,1,0,0
17,2023-12-11,1,5181,113,1,0,0,0
17,2023-12-12,2,4366,97,1,0,0,0
17,2023-12-13,3,4728,99,1,0,0,0
17,2023-12-14,4,5329,127,1,0,0,0
17,2023-12-15,5,6374,153,1,0,0,0
17,2023-12-16,6,7412,159,1,0,0,0
17,2023-12-17,7,7968,186,1,1,0,0
17,2023-12-18,1,6342,144,1,1,0,0
17,2023-12-19,2,5084,113,1,0,0,0
17,2023-12-20,3,6805,166,1,1,0,0
17,2023-12-21,4,5589,145,1,0,0,0
17,2023-12-22,5,6168,123,1,0,0,0
17,2023-12-23,6,7354,167,1,0,0,0
17,2023-12-24,7,0,0,0,0,0,0
17,2023-12-25,1,6490,132,1,1,a,0
17,2023-12-26,2,5069,111,1,0,0,0
17,2023-12-27,3,5329,113,1,0,0,0
17,2023-12-28,4,6091,118,1,1,0,0
17,2023-12-29,5,6263,154,1,0,0,0
17,2023-12-30,6,8691,194,1,1,0,0
17,2023-12-31,7,7451,163,1,1,0,0
17,2024-01-01,1,5118,113,1,0,a,0
17,2024-01-02,2,6187,148,1,1,0,0
17,2024-01-03,3,5551,117,1,0,0,0
17,2024-01-04,4,5041,110,1,0,0,0
17,2024-01-05,5,5811,108,1,0,0,0
17,2024-01-06,6,6862,151,1,0,0,0
17,2024-01-07,7,0,0,0,1,0,0
17,2024-01-08,1,5024,117,1,0,0,0
17,2024-01-09,2,4657,98,1,0,0,0
17,2024-01-10,3,6915,151,1,1,0,0
17,2024-01-11,4,5652,114,1,0,0,0
17,2024-01-12,5,5950,130,1,0,0,0
17,2024-01-13,6,8058,200,1,0,0,0
17,2024-01-14,7,0,0,0,1,0,0
17,2024-01-15,1,5266,110,1,0,0,0
17,2024-01-16,2,5188,108,1,0,0,0
17,2024-01-17,3,4922,112,1,0,0,0
17,2024-01-18,4,5487,140,1,0,0,0
17,2024-01-19,5,7485,159,1,1,0,0
17,2024-01-20,6,7245,160,1,0,0,0
17,2024-01-21,7,0,0,0,0,0,0
17,2024-01-22,1,5220,109,1,0,0,0
17,2024-01-23,2,6139,136,1,1,0,0
17,2024-01-24,3,6034,139,1,1,0,0
17,2024-01-25,4,5536,109,1,0,0,0
17,2024-01-26,5,6225,155,1,0,0,0
17,2024-01-27,6,7200,151,1,0,0,0
17,2024-01-28,7,0,0,0,0,0,0
17,2024-01-29,1,5488,100,1,0,0,0
17,2024-01-30,2,4762,94,1,0,0,0
17,2024-01-31,3,5662,146,1,0,0,0
17,2024-02-01,4,6626,135,1,1,0,0
17,2024-02-02,5,5936,127,1,0,0,0
17,2024-02-03,6,8908,219,1,1,0,0
17,2024-02-04,7,5819,123,1,0,0,0
17,2024-02-05,1,6177,139,1,1,0,0
17,2024-02-06,2,5218,110,1,0,0,0
17,2024-02-07,3,5837,124,1,0,0,0
17,2024-02-08,4,7625,146,1,1,0,0
17,2024-02-09,5,5929,130,1,0,0,0
17,2024-02-10,6,7536,181,1,0,0,0
17,2024-02-11,7,5945,140,1,0,0,0
17,2024-02-12,1,6753,161,1,1,0,0
17,2024-02-13,2,4823,105,1,0,0,0
17,2024-02-14,3,6464,155,1,1,0,0
17,2024-02-15,4,5540,125,1,0,0,0
17,2024-02-16,5,6111,113,1,0,0,0
17,2024-02-17,6,7450,159,1,0,0,0
17,2024-02-18,7,0,0,0,0,0,0
17,2024-02-19,1,4976,117,1,0,0,0
17,2024-02-20,2,4804,101,1,0,0,0
17,2024-02-21,3,4973,108,1,0,0,0
17,2024-02-22,4,5016,131,1,0,0,0
17,2024-02-23,5,6094,131,1,0,0,0
17,2024-02-24,6,9505,217,1,1,0,0
17,2024-02-25,7,7396,168,1,1,0,0
17,2024-02-26,1,6023,130,1,1,0,0
17,2024-02-27,2,4709,95,1,0,0,0
17,2024-02-28,3,6362,159,1,1,0,0
17,2024-02-29,4,5728,140,1,0,0,0
17,2024-03-01,5,5790,129,1,0,0,0
17,2024-03-02,6,9905,239,1,1,0,0
17,2024-03-03,7,0,0,0,1,0,0
17,2024-03-04,1,5185,121,1,0,0,0
17,2024-03-05,2,4836,109,1,0,0,0
17,2024-03-06,3,5235,133,1,0,0,0
17,2024-03-07,4,5419,112,1,0,0,0
17,2024-03-08,5,8153,172,1,1,0,0
17,2024-03-09,6,7053,150,1,0,0,0
17,2024-03-10,7,8305,186,1,1,0,0
17,2024-03-11,1,4701,103,1,0,0,0
17,2024-03-12,2,6551,150,1,1,0,0
17,2024-03-13,3,6449,131,1,1,0,0
17,2024-03-14,4,5936,124,1,0,0,0
17,2024-03-15,5,6216,145,1,0,0,0
17,2024-03-16,6,9944,243,1,1,0,0
17,2024-03-17,7,0,0,0,0,0,0
17,2024-03-18,1,5624,106,1,0,0,0
17,2024-03-19,2,5755,128,1,0,0,0
17,2024-03-20,3,5805,137,1,0,0,0
17,2024-03-21,4,6469,129,1,1,0,0
17,2024-03-22,5,5966,136,1,0,0,0
17,2024-03-23,6,9107,179,1,1,0,0
17,2024-03-24,7,6120,135,1,0,0,0
17,2024-03-25,1,6549,167,1,1,0,0
17,2024-03-26,2,5237,111,1,0,0,0
17,2024-03-27,3,5424,128,1,0,0,0
17,2024-03-28,4,4987,110,1,0,0,0
17,2024-03-29,5,7527,180,1,1,0,0
17,2024-03-30,6,7959,204,1,0,0,0
17,2024-03-31,7,8278,156,1,1,0,0
17,2024-04-01,1,5285,110,1,0,0,0
17,2024-04-02,2,5184,113,1,0,0,0
17,2024-04-03,3,11764,280,1,1,0,0
17,2024-04-04,4,9971,217,1,0,0,0
17,2024-04-05,5,12281,332,1,0,0,0
17,2024-04-06,6,14830,294,1,0,0,0
17,2024-04-07,7,0,0,0,0,0,0
17,2024-04-08,1,9668,214,1,0,0,0
17,2024-04-09,2,9158,206,1,0,0,0
17,2024-04-10,3,0,0,0,0,b,0
17,2024-04-11,4,0,0,0,1,b,0
17,2024-04-12,5,7338,151,1,1,0,0
17,2024-04-13,6,7732,152,1,0,0,0
17,2024-04-14,7,5908,104,1,0,0,0
17,2024-04-15,1,5392,112,1,0,0,0
17,2024-04-16,2,6685,171,1,1,0,0
17,2024-04-17,3,5468,110,1,0,0,0
17,2024-04-18,4,5418,117,1,0,0,0
17,2024-04-19,5,7559,182,1,1,0,0
17,2024-04-20,6,7852,154,1,0,0,0
17,2024-04-21,7,0,0,0,1,0,0
17,2024-04-22,1,5468,120,1,0,0,0
17,2024-04-23,2,4719,95,1,0,0,0
17,2024-04-24,3,6354,135,1,1,0,0
17,2024-04-25,4,5610,143,1,0,0,0
17,2024-04-26,5,7080,169,1,1,0,0
17,2024-04-27,6,8165,192,1,0,0,0
17,2024-04-28,7,0,0,0,1,0,0
17,2024-04-29,1,5391,124,1,0,0,0
17,2024-04-30,2,5101,127,1,0,0,0
17,2024-05-01,3,5298,113,1,0,0,0
17,2024-05-02,4,5201,113,1,0,0,0
17,2024-05-03,5,5913,107,1,0,0,0
17,2024-05-04,6,7774,195,1,0,0,0
17,2024-05-05,7,6325,155,1,0,0,0
17,2024-05-06,1,5404,118,1,0,0,0
17,2024-05-07,2,4936,111,1,0,0,0
17,2024-05-08,3,5325,121,1,0,0,0
17,2024-05-09,4,5922,138,1,0,0,0
17,2024-05-10,5,7924,176,1,1,0,0
17,2024-05-11,6,7872,178,1,0,0,0
17,2024-05-12,7,5917,119,1,0,0,0
17,2024-05-13,1,4864,112,1,0,0,0
17,2024-05-14,2,6588,162,1,1,0,0
17,2024-05-15,3,5539,119,1,0,0,0
17,2024-05-16,4,4980,113,1,0,0,0
17,2024-05-17,5,6312,139,1,0,0,0
17,2024-05-18,6,7623,159,1,0,0,0
17,2024-05-19,7,7828,184,1,1,0,0
17,2024-05-20,1,5463,121,1,0,0,0
17,2024-05-21,2,5303,119,1,0,0,0
17,2024-05-22,3,6654,175,1,1,0,0
17,2024-05-23,4,5715,137,1,0,0,0
17,2024-05-24,5,7497,147,1,1,0,0
17,2024-05-25,6,7545,158,1,0,0,0
17,2024-05-26,7,8507,181,1,1,0,0
17,2024-05-27,1,6983,147,1,1,0,0
17,2024-05-28,2,4959,106,1,0,0,0
17,2024-05-29,3,6519,156,1,1,0,0
17,2024-05-30,4,5780,140,1,0,0,0
17,2024-05-31,5,5906,150,1,0,0,0
17,2024-06-01,6,8182,191,1,0,0,1
17,2024-06-02,7,6083,148,1,0,0,1
17,2024-06-03,1,6465,156,1,1,0,1
17,2024-06-04,2,5383,116,1,0,0,1
17,2024-06-05,3,6383,134,1,1,0,1
17,2024-06-06,4,5379,139,1,0,0,1
17,2024-06-07,5,6242,153,1,0,0,1
17,2024-06-08,6,7171,139,1,0,0,1
17,2024-06-09,7,6445,141,1,0,0,1
17,2024-06-10,1,6951,176,1,1,0,1
17,2024-06-11,2,6702,164,1,1,0,1
17,2024-06-12,3,6701,143,1,1,0,1
17,2024-06-13,4,6946,160,1,1,0,1
17,2024-06-14,5,6594,138,1,0,0,1
17,2024-06-15,6,8432,177,1,0,0,1
17,2024-06-16,7,0,0,0,0,0,1
17,2024-06-17,1,5098,110,1,0,0,1
17,2024-06-18,2,5368,126,1,0,0,1
17,2024-06-19,3,5687,143,1,0,0,1
17,2024-06-20,4,5943,137,1,0,0,1
17,2024-06-21,5,6325,138,1,0,0,1
17,2024-06-22,6,9704,261,1,1,0,1
17,2024-06-23,7,5904,138,1,0,0,1
17,2024-06-24,1,5782,116,1,0,0,1
17,2024-06-25,2,5569,128,1,0,0,1
17,2024-06-26,3,6480,162,1,1,0,1
17,2024-06-27,4,7026,161,1,1,0,1
17,2024-06-28,5,6088,148,1,0,0,1
17,2024-06-29,6,7942,178,1,0,0,1
17,2024-06-30,7,7903,176,1,1,0,1
18,2022-01-01,6,5109,130,1,0,a,0
18,2022-01-02,7,4176,95,1,1,0,0
18,2022-01-03,1,3552,93,1,1,0,0
18,2022-01-04,2,3362,95,1,0,0,0
18,2022-01-05,3,3037,79,1,0,0,0
18,2022-01-06,4,3533,87,1,0,0,0
18,2022-01-07,5,3742,110,1,0,0,0
18,2022-01-08,6,5882,136,1,1,0,0
18,2022-01-09,7,4509,115,1,1,0,0
18,2022-01-10,1,3487,82,1,1,0,0
18,2022-01-11,2,3462,90,1,0,0,0
18,2022-01-12,3,3379,89,1,0,0,0
18,2022-01-13,4,3509,95,1,0,0,0
18,2022-01-14,5,4025,126,1,0,0,0
18,2022-01-15,6,4807,113,1,0,0,0
18,2022-01-16,7,0,0,0,0,0,0
18,2022-01-17,1,3402,83,1,0,0,0
18,2022-01-18,2,3443,99,1,1,0,0
18,2022-01-19,3,3309,83,1,0,0,0
18,2022-01-20,4,3601,75,1,1,0,0
18,2022-01-21,5,3921,101,1,0,0,0
18,2022-01-22,6,4922,122,1,0,0,0
18,2022-01-23,7,4522,111,1,1,0,0
18,2022-01-24,1,3334,89,1,1,0,0
18,2022-01-25,2,3155,90,1,0,0,0
18,2022-01-26,3,3222,94,1,0,0,0
18,2022-01-27,4,3586,80,1,0,0,0
18,2022-01-28,5,3753,108,1,0,0,0
18,2022-01-29,6,5602,159,1,1,0,0
18,2022-01-30,7,3948,101,1,0,0,0
18,2022-01-31,1,3589,99,1,0,0,0
18,2022-02-01,2,3580,89,1,1,0,0
18,2022-02-02,3,3550,77,1,0,0,0
18,2022-02-03,4,3487,90,1,0,0,0
18,2022-02-04,5,4056,106,1,0,0,0
18,2022-02-05,6,4793,108,1,0,0,0
18,2022-02-06,7,4055,111,1,0,0,0
18,2022-02-07,1,3248,98,1,0,0,0
18,2022-02-08,2,3556,98,1,0,0,0
18,2022-02-09,3,3519,94,1,1,0,0
18,2022-02-10,4,4264,124,1,1,0,0
18,2022-02-11,5,3617,109,1,0,0,0
18,2022-02-12,6,5179,120,1,0,0,0
18,2022-02-13,7,3945,95,1,0,0,0
18,2022-02-14,1,3374,87,1,0,0,0
18,2022-02-15,2,3554,94,1,1,0,0
18,2022-02-16,3,3266,73,1,0,0,0
18,2022-02-17,4,3534,99,1,0,0,0
18,2022-02-18,5,3810,96,1,0,0,0
18,2022-02-19,6,5148,139,1,0,0,0
18,2022-02-20,7,0,0,0,0,0,0
18,2022-02-21,1,3759,113,1,1,0,0
18,2022-02-22,2,3747,94,1,1,0,0
18,2022-02-23,3,3735,98,1,1,0,0
18,2022-02-24,4,3623,99,1,1,0,0
18,2022-02-25,5,4660,121,1,1,0,0
18,2022-02-26,6,5131,130,1,0,0,0
18,2022-02-27,7,0,0,0,0,0,0
18,2022-02-28,1,3770,97,1,1,0,0
18,2022-03-01,2,2997,77,1,0,0,0
18,2022-03-02,3,3622,95,1,0,0,0
18,2022-03-03,4,3908,105,1,0,0,0
18,2022-03-04,5,4067,108,1,0,0,0
18,2022-03-05,6,4772,108,1,0,0,0
18,2022-03-06,7,3687,106,1,0,0,0
18,2022-03-07,1,3579,91,1,0,0,0
18,2022-03-08,2,3578,103,1,1,0,0
18,2022-03-09,3,3360,91,1,0,0,0
18,2022-03-10,4,4121,111,1,1,0,0
18,2022-03-11,5,3798,87,1,0,0,0
18,2022-03-12,6,5225,128,1,0,0,0
18,2022-03-13,7,4107,101,1,0,0,0
18,2022-03-14,1,3399,87,1,0,0,0
18,2022-03-15,2,3551,84,1,0,0,0
18,2022-03-16,3,3685,98,1,1,0,0
18,2022-03-17,4,3788,115,1,1,0,0
18,2022-03-18,5,4269,104,1,1,0,0
18,2022-03-19,6,4739,139,1,0,0,0
18,2022-03-20,7,4302,105,1,0,0,0
18,2022-03-21,1,3499,78,1,0,0,0
18,2022-03-22,2,3288,77,1,0,0,0
18,2022-03-23,3,3281,81,1,0,0,0
18,2022-03-24,4,3065,73,1,0,0,0
18,2022-03-25,5,3765,102,1,0,0,0
18,2022-03-26,6,4994,125,1,0,0,0
18,2022-03-27,7,3727,110,1,0,0,0
18,2022-03-28,1,3790,110,1,0,0,0
18,2022-03-29,2,3364,89,1,0,0,0
18,2022-03-30,3,3894,105,1,1,0,0
18,2022-03-31,4,3533,85,1,0,0,0
18,2022-04-01,5,4081,107,1,0,0,0
18,2022-04-02,6,4985,127,1,0,0,0
18,2022-04-03,7,0,0,0,0,0,0
18,2022-04-04,1,3975,111,1,1,0,0
18,2022-04-05,2,3832,98,1,1,0,0
18,2022-04-06,3,3451,101,1,0,0,0
18,2022-04-07,4,3927,114,1,0,0,0
18,2022-04-08,5,4320,113,1,1,0,0
18,2022-04-09,6,4943,157,1,0,0,0
18,2022-04-10,7,0,0,0,1,0,0
18,2022-04-11,1,3433,93,1,0,0,0
18,2022-04-12,2,3111,84,1,0,0,0
18,2022-04-13,3,3898,107,1,1,0,0
18,2022-04-14,4,3951,92,1,0,0,0
18,2022-04-15,5,4138,108,1,0,0,0
18,2022-04-16,6,5249,128,1,0,0,0
18,2022-04-17,7,0,0,0,0,0,0
18,2022-04-18,1,3542,101,1,1,0,0
18,2022-04-19,2,3149,89,1,0,0,0
18,2022-04-20,3,3494,94,1,0,0,0
18,2022-04-21,4,3854,106,1,1,0,0
18,2022-04-22,5,3672,82,1,0,0,0
18,2022-04-23,6,5001,128,1,0,0,0
18,2022-04-24,7,0,0,0,1,0,0
18,2022-04-25,1,6917,160,1,1,0,0
18,2022-04-26,2,5728,148,1,0,0,0
18,2022-04-27,3,6236,176,1,0,0,0
18,2022-04-28,4,7249,193,1,1,0,0
18,2022-04-29,5,7353,173,1,1,0,0
18,2022-04-30,6,9707,265,1,1,0,0
18,2022-05-01,7,7476,209,1,0,0,0
18,2022-05-02,1,0,0,0,0,b,0
18,2022-05-03,2,0,0,0,0,b,0
18,2022-05-04,3,4304,108,1,1,0,0
18,2022-05-05,4,3655,91,1,1,0,0
18,2022-05-06,5,4256,121,1,0,0,0
18,2022-05-07,6,5196,122,1,0,0,0
18,2022-05-08,7,3909,106,1,0,0,0
18,2022-05-09,1,3876,102,1,1,0,0
18,2022-05-10,2,3340,83,1,0,0,0
18,2022-05-11,3,3695,94,1,0,0,0
18,2022-05-12,4,3719,90,1,0,0,0
18,2022-05-13,5,4019,104,1,0,0,0
18,2022-05-14,6,5040,133,1,0,0,0
18,2022-05-15,7,0,0,0,1,0,0
18,2022-05-16,1,3682,81,1,1,0,0
18,2022-05-17,2,3105,90,1,0,0,0
18,2022-05-18,3,3161,84,1,0,0,0
18,2022-05-19,4,3722,102,1,1,0,0
18,2022-05-20,5,4147,107,1,0,0,0
18,2022-05-21,6,5035,140,1,0,0,0
18,2022-05-22,7,4420,99,1,1,0,0
18,2022-05-23,1,3681,96,1,1,0,0
18,2022-05-24,2,3832,95,1,1,0,0
18,2022-05-25,3,3609,89,1,0,0,0
18,2022-05-26,4,3643,103,1,0,0,0
18,2022-05-27,5,3875,90,1,0,0,0
18,2022-05-28,6,5037,144,1,0,0,0
18,2022-05-29,7,4575,113,1,1,0,0
18,2022-05-30,1,3273,83,1,0,0,0
18,2022-05-31,2,3666,97,1,1,0,0
18,2022-06-01,3,3339,89,1,0,0,1
18,2022-06-02,4,3686,102,1,0,0,1
18,2022-06-03,5,4508,108,1,1,0,1
18,2022-06-04,6,5434,131,1,0,0,1
18,2022-06-05,7,0,0,0,0,0,1
18,2022-06-06,1,3472,87,1,0,0,1
18,2022-06-07,2,3217,82,1,0,0,1
18,2022-06-08,3,3503,82,1,0,0,1
18,2022-06-09,4,3441,92,1,0,0,1
18,2022-06-10,5,3668,89,1,0,0,1
18,2022-06-11,6,5597,161,1,1,0,1
18,2022-06-12,7,4097,96,1,0,0,1
18,2022-06-13,1,3545,86,1,0,0,1
18,2022-06-14,2,3202,79,1,0,0,1
18,2022-06-15,3,4012,112,1,0,0,1
18,2022-06-16,4,3546,89,1,0,0,1
18,2022-06-17,5,4003,90,1,0,0,1
18,2022-06-18,6,5019,137,1,0,0,1
18,2022-06-19,7,4811,130,1,1,0,1
18,2022-06-20,1,3750,93,1,1,0,1
18,2022-06-21,2,3525,98,1,1,0,1
18,2022-06-22,3,3201,94,1,0,0,1
18,2022-06-23,4,3744,93,1,0,0,1
18,2022-06-24,5,4570,117,1,1,0,1
18,2022-06-25,6,5264,133,1,0,0,1
18,2022-06-26,7,0,0,0,1,0,1
18,2022-06-27,1,3397,93,1,0,0,1
18,2022-06-28,2,3507,102,1,0,0,1
18,2022-06-29,3,3864,99,1,1,0,1
18,2022-06-30,4,4237,117,1,1,0,1
18,2022-07-01,5,4413,134,1,1,0,1
18,2022-07-02,6,5665,153,1,1,0,1
18,2022-07-03,7,4304,100,1,0,0,1
18,2022-07-04,1,3699,90,1,0,0,1
18,2022-07-05,2,3940,104,1,1,0,1
18,2022-07-06,3,3529,112,1,0,0,1
18,2022-07-07,4,3585,95,1,0,0,1
18,2022-07-08,5,3795,103,1,0,0,1
18,2022-07-09,6,5374,160,1,0,0,1
18,2022-07-10,7,3856,117,1,0,0,1
18,2022-07-11,1,3760,113,1,0,0,1
18,2022-07-12,2,3885,107,1,1,0,1
18,2022-07-13,3,3752,96,1,1,0,1
18,2022-07-14,4,3885,115,1,0,0,1
18,2022-07-15,5,4157,118,1,0,0,1
18,2022-07-16,6,5325,127,1,0,0,1
18,2022-07-17,7,0,0,0,0,0,1
18,2022-07-18,1,3567,93,1,0,0,1
18,2022-07-19,2,3154,75,1,0,0,1
18,2022-07-20,3,3561,89,1,0,0,1
18,2022-07-21,4,3542,93,1,0,0,1
18,2022-07-22,5,3995,102,1,0,0,1
18,2022-07-23,6,5034,139,1,0,0,1
18,2022-07-24,7,4113,99,1,0,0,1
18,2022-07-25,1,3701,94,1,0,0,1
18,2022-07-26,2,3157,77,1,0,0,1
18,2022-07-27,3,3992,92,1,1,0,1
18,2022-07-28,4,3466,88,1,0,0,1
18,2022-07-29,5,4762,118,1,1,0,1
18,2022-07-30,6,5334,149,1,0,0,1
18,2022-07-31,7,4353,118,1,1,0,1
18,2022-08-01,1,3542,96,1,0,0,0
18,2022-08-02,2,3617,96,1,1,0,0
18,2022-08-03,3,3603,89,1,0,0,0
18,2022-08-04,4,3779,89,1,1,0,0
18,2022-08-05,5,4319,117,1,0,0,0
18,2022-08-06,6,4710,104,1,0,0,0
18,2022-08-07,7,0,0,0,1,0,0
18,2022-08-08,1,3301,92,1,0,0,0
18,2022-08-09,2,3826,97,1,1,0,0
18,2022-08-10,3,3481,99,1,0,0,0
18,2022-08-11,4,3653,106,1,0,0,0
18,2022-08-12,5,4340,113,1,1,0,0
18,2022-08-13,6,4883,141,1,0,0,0
18,2022-08-14,7,0,0,0,0,0,0
18,2022-08-15,1,3595,81,1,1,0,0
18,2022-08-16,2,3417,88,1,1,0,0
18,2022-08-17,3,4057,120,1,1,a,0
18,2022-08-18,4,3465,89,1,0,0,0
18,2022-08-19,5,4381,126,1,0,0,0
18,2022-08-20,6,5623,157,1,0,0,0
18,2022-08-21,7,0,0,0,0,0,0
18,2022-08-22,1,3634,90,1,1,0,0
18,2022-08-23,2,3789,107,1,0,0,0
18,2022-08-24,3,3161,68,1,0,0,0
18,2022-08-25,4,3537,96,1,0,0,0
18,2022-08-26,5,4687,130,1,1,0,0
18,2022-08-27,6,6005,158,1,1,0,0
18,2022-08-28,7,4132,125,1,0,0,0
18,2022-08-29,1,3371,99,1,0,0,0
18,2022-08-30,2,3734,102,1,1,0,0
18,2022-08-31,3,3573,86,1,0,0,0
18,2022-09-01,4,3620,89,1,0,0,0
18,2022-09-02,5,4438,116,1,0,0,0
18,2022-09-03,6,5090,148,1,0,0,0
18,2022-09-04,7,4610,119,1,0,0,0
18,2022-09-05,1,3945,94,1,1,0,0
18,2022-09-06,2,3613,102,1,0,0,0
18,2022-09-07,3,3326,101,1,0,0,0
18,2022-09-08,4,4295,97,1,1,0,0
18,2022-09-09,5,4740,119,1,1,0,0
18,2022-09-10,6,5104,146,1,0,0,0
18,2022-09-11,7,4485,120,1,0,0,0
18,2022-09-12,1,3261,95,1,0,0,0
18,2022-09-13,2,3362,83,1,0,0,0
18,2022-09-14,3,3812,94,1,0,0,0
18,2022-09-15,4,3686,97,1,0,0,0
18,2022-09-16,5,4058,103,1,0,0,0
18,2022-09-17,6,5661,147,1,0,0,0
18,2022-09-18,7,3890,100,1,0,0,0
18,2022-09-19,1,3497,72,1,0,0,0
18,2022-09-20,2,3439,88,1,0,0,0
18,2022-09-21,3,3464,90,1,0,0,0
18,2022-09-22,4,3983,108,1,0,0,0
18,2022-09-23,5,3933,103,1,0,0,0
18,2022-09-24,6,5061,121,1,0,0,0
18,2022-09-25,7,0,0,0,0,0,0
18,2022-09-26,1,3731,100,1,0,0,0
18,2022-09-27,2,3740,89,1,1,0,0
18,2022-09-28,3,3911,84,1,1,0,0
18,2022-09-29,4,3694,103,1,0,0,0
18,2022-09-30,5,4811,125,1,1,0,0
18,2022-10-01,6,5736,160,1,0,0,0
18,2022-10-02,7,0,0,0,0,0,0
18,2022-10-03,1,3804,91,1,1,0,0
18,2022-10-04,2,3266,78,1,0,0,0
18,2022-10-05,3,3581,101,1,0,0,0
18,2022-10-06,4,3723,105,1,0,0,0
18,2022-10-07,5,3780,97,1,0,0,0
18,2022-10-08,6,5416,130,1,0,0,0
18,2022-10-09,7,0,0,0,0,0,0
18,2022-10-10,1,3685,84,1,0,0,0
18,2022-10-11,2,3474,89,1,0,0,0
18,2022-10-12,3,3316,96,1,0,0,0
18,2022-10-13,4,4248,111,1,1,0,0
18,2022-10-14,5,4251,107,1,1,0,0
18,2022-10-15,6,4999,123,1,0,0,0
18,2022-10-16,7,4273,113,1,0,0,0
18,2022-10-17,1,3853,111,1,1,0,0
18,2022-10-18,2,3170,84,1,0,0,0
18,2022-10-19,3,3607,100,1,0,0,0
18,2022-10-20,4,3737,104,1,0,0,0
18,2022-10-21,5,4535,133,1,1,0,0
18,2022-10-22,6,4886,119,1,0,0,0
18,2022-10-23,7,0,0,0,0,0,0
18,2022-10-24,1,3670,104,1,0,0,0
18,2022-10-25,2,3247,74,1,0,0,0
18,2022-10-26,3,3445,88,1,0,0,0
18,2022-10-27,4,3908,107,1,0,0,0
18,2022-10-28,5,4485,117,1,0,0,0
18,2022-10-29,6,5302,146,1,0,0,0
18,2022-10-30,7,4259,118,1,0,0,0
18,2022-10-31,1,3961,103,1,1,0,0
18,2022-11-01,2,4096,102,1,1,0,0
18,2022-11-02,3,3492,90,1,0,0,0
18,2022-11-03,4,3676,87,1,0,0,0
18,2022-11-04,5,4058,95,1,0,0,0
18,2022-11-05,6,4976,138,1,0,0,0
18,2022-11-06,7,5006,141,1,1,0,0
18,2022-11-07,1,3619,86,1,0,0,0
18,2022-11-08,2,3141,86,1,0,0,0
18,2022-11-09,3,4016,108,1,1,0,0
18,2022-11-10,4,4496,104,1,1,0,0
18,2022-11-11,5,4229,129,1,0,0,0
18,2022-11-12,6,5795,150,1,0,0,0
18,2022-11-13,7,0,0,0,0,0,0
18,2022-11-14,1,4127,111,1,1,0,0
18,2022-11-15,2,4103,108,1,1,0,0
18,2022-11-16,3,3647,100,1,0,0,0
18,2022-11-17,4,3702,109,1,0,0,0
18,2022-11-18,5,4409,135,1,0,0,0
18,2022-11-19,6,5520,148,1,0,0,0
18,2022-11-20,7,4589,124,1,0,0,0
18,2022-11-21,1,3659,112,1,0,0,0
18,2022-11-22,2,3492,92,1,0,0,0
18,2022-11-23,3,4015,98,1,1,0,0
18,2022-11-24,4,3720,94,1,0,0,0
18,2022-11-25,5,4270,111,1,0,0,0
18,2022-11-26,6,5336,134,1,0,0,0
18,2022-11-27,7,4888,142,1,1,0,0
18,2022-11-28,1,3449,86,1,0,0,0
18,2022-11-29,2,3699,87,1,1,0,0
18,2022-11-30,3,3780,100,1,0,0,0
18,2022-12-01,4,4254,119,1,1,0,0
18,2022-12-02,5,4514,126,1,1,0,0
18,2022-12-03,6,5765,148,1,0,0,0
18,2022-12-04,7,4637,121,1,1,0,0
18,2022-12-05,1,3676,97,1,0,0,0
18,2022-12-06,2,3599,86,1,0,0,0
18,2022-12-07,3,3689,95,1,0,0,0
18,2022-12-08,4,4041,97,1,0,0,0
18,2022-12-09,5,4997,116,1,1,0,0
18,2022-12-10,6,5601,166,1,1,0,0
18,2022-12-11,7,0,0,0,0,0,0
18,2022-12-12,1,3516,94,1,0,0,0
18,2022-12-13,2,3351,90,1,0,0,0
18,2022-12-14,3,3605,97,1,0,0,0
18,2022-12-15,4,4153,117,1,0,0,0
18,2022-12-16,5,5254,129,1,1,0,0
18,2022-12-17,6,5156,140,1,0,0,0
18,2022-12-18,7,4461,121,1,0,0,0
18,2022-12-19,1,4011,109,1,1,0,0
18,2022-12-20,2,3592,94,1,0,0,0
18,2022-12-21,3,3439,93,1,0,0,0
18,2022-12-22,4,4049,112,1,0,0,0
18,2022-12-23,5,4406,121,1,0,0,0
18,2022-12-24,6,5821,155,1,1,0,0
18,2022-12-25,7,0,0,0,0,a,0
18,2022-12-26,1,3356,80,1,0,0,0
18,2022-12-27,2,3238,83,1,0,0,0
18,2022-12-28,3,3748,99,1,0,0,0
18,2022-12-29,4,4293,108,1,1,0,0
18,2022-12-30,5,4608,116,1,1,0,0
18,2022-12-31,6,6305,148,1,1,0,0
18,2023-01-01,7,0,0,0,0,a,0
18,2023-01-02,1,3841,97,1,0,0,0
18,2023-01-03,2,3683,95,1,0,0,0
18,2023-01-04,3,4050,107,1,0,0,0
18,2023-01-05,4,3488,83,1,0,0,0
18,2023-01-06,5,4128,101,1,0,0,0
18,2023-01-07,6,5714,151,1,1,0,0
18,2023-01-08,7,4607,124,1,0,0,0
18,2023-01-09,1,3915,104,1,0,0,0
18,2023-01-10,2,3483,83,1,0,0,0
18,2023-01-11,3,3823,98,1,0,0,0
18,2023-01-12,4,4110,108,1,0,0,0
18,2023-01-13,5,4307,115,1,0,0,0
18,2023-01-14,6,5642,154,1,0,0,0
18,2023-01-15,7,0,0,0,0,0,0
18,2023-01-16,1,4312,112,1,1,0,0
18,2023-01-17,2,3502,90,1,0,0,0
18,2023-01-18,3,4214,114,1,0,0,0
18,2023-01-19,4,3677,98,1,0,0,0
18,2023-01-20,5,4346,108,1,0,0,0
18,2023-01-21,6,6254,163,1,1,0,0
18,2023-01-22,7,3893,113,1,0,0,0
18,2023-01-23,1,3965,110,1,0,0,0
18,2023-01-24,2,4063,87,1,1,0,0
18,2023-01-25,3,3446,95,1,0,0,0
18,2023-01-26,4,3918,101,1,0,0,0
18,2023-01-27,5,4330,132,1,0,0,0
18,2023-01-28,6,5433,155,1,0,0,0
18,2023-01-29,7,4757,129,1,1,0,0
18,2023-01-30,1,3636,101,1,0,0,0
18,2023-01-31,2,3722,112,1,0,0,0
18,2023-02-01,3,3884,104,1,0,0,0
18,2023-02-02,4,3855,89,1,0,0,0
18,2023-02-03,5,4309,116,1,0,0,0
18,2023-02-04,6,5444,147,1,0,0,0
18,2023-02-05,7,0,0,0,0,0,0
18,2023-02-06,1,3644,90,1,0,0,0
18,2023-02-07,2,3787,105,1,1,0,0
18,2023-02-08,3,3551,98,1,0,0,0
18,2023-02-09,4,3393,81,1,0,0,0
18,2023-02-10,5,4180,105,1,0,0,0
18,2023-02-11,6,6274,166,1,1,0,0
18,2023-02-12,7,5221,137,1,1,0,0
18,2023-02-13,1,4117,96,1,1,0,0
18,2023-02-14,2,3348,89,1,0,0,0
18,2023-02-15,3,4086,106,1,1,0,0
18,2023-02-16,4,3644,90,1,0,0,0
18,2023-02-17,5,4683,120,1,0,0,0
18,2023-02-18,6,5391,131,1,0,0,0
18,2023-02-19,7,4807,128,1,1,0,0
18,2023-02-20,1,4220,101,1,1,0,0
18,2023-02-21,2,3937,104,1,1,0,0
18,2023-02-22,3,4346,118,1,1,0,0
18,2023-02-23,4,3656,88,1,0,0,0
18,2023-02-24,5,4301,105,1,0,0,0
18,2023-02-25,6,5647,159,1,0,0,0
18,2023-02-26,7,4291,116,1,1,0,0
18,2023-02-27,1,3548,105,1,0,0,0
18,2023-02-28,2,3831,102,1,1,0,0
18,2023-03-01,3,3767,100,1,0,0,0
18,2023-03-02,4,3820,106,1,0,0,0
18,2023-03-03,5,4353,106,1,0,0,0
18,2023-03-04,6,5452,141,1,0,0,0
18,2023-03-05,7,0,0,0,1,0,0
18,2023-03-06,1,4068,111,1,0,0,0
18,2023-03-07,2,3329,79,1,0,0,0
18,2023-03-08,3,3768,96,1,0,0,0
18,2023-03-09,4,4098,115,1,0,0,0
18,2023-03-10,5,4146,112,1,0,0,0
18,2023-03-11,6,5604,154,1,0,0,0
18,2023-03-12,7,0,0,0,1,0,0
18,2023-03-13,1,3501,98,1,0,0,0
18,2023-03-14,2,3422,85,1,0,0,0
18,2023-03-15,3,3304,85,1,0,0,0
18,2023-03-16,4,3926,95,1,0,0,0
18,2023-03-17,5,4354,109,1,0,0,0
18,2023-03-18,6,5272,129,1,0,0,0
18,2023-03-19,7,0,0,0,0,0,0
18,2023-03-20,1,3426,103,1,0,0,0
18,2023-03-21,2,3707,111,1,0,0,0
18,2023-03-22,3,4071,97,1,1,0,0
18,2023-03-23,4,4456,115,1,1,0,0
18,2023-03-24,5,4242,90,1,0,0,0
18,2023-03-25,6,5271,142,1,0,0,0
18,2023-03-26,7,4398,111,1,0,0,0
18,2023-03-27,1,3978,113,1,0,0,0
18,2023-03-28,2,4396,118,1,1,0,0
18,2023-03-29,3,3847,88,1,1,0,0
18,2023-03-30,4,4084,103,1,0,0,0
18,2023-03-31,5,4080,111,1,0,0,0
18,2023-04-01,6,5344,135,1,0,0,0
18,2023-04-02,7,4574,125,1,0,0,0
18,2023-04-03,1,4175,95,1,1,0,0
18,2023-04-04,2,3492,88,1,0,0,0
18,2023-04-05,3,3905,111,1,0,0,0
18,2023-04-06,4,4145,99,1,0,0,0
18,2023-04-07,5,4484,116,1,0,0,0
18,2023-04-08,6,5295,153,1,0,0,0
18,2023-04-09,7,4434,114,1,0,0,0
18,2023-04-10,1,3874,104,1,0,0,0
18,2023-04-11,2,4302,121,1,1,0,0
18,2023-04-12,3,3910,91,1,1,0,0
18,2023-04-13,4,3980,103,1,0,0,0
18,2023-04-14,5,4943,144,1,1,0,0
18,2023-04-15,6,9332,242,1,0,0,0
18,2023-04-16,7,9453,268,1,1,0,0
18,2023-04-17,1,8139,204,1,1,0,0
18,2023-04-18,2,6762,176,1,0,0,0
18,2023-04-19,3,7741,240,1,1,0,0
18,2023-04-20,4,6803,192,1,0,0,0
18,2023-04-21,5,7623,214,1,0,0,0
18,2023-04-22,6,0,0,0,0,b,0
18,2023-04-23,7,0,0,0,1,b,0
18,2023-04-24,1,4047,110,1,1,0,0
18,2023-04-25,2,3698,94,1,0,0,0
18,2023-04-26,3,3645,82,1,0,0,0
18,2023-04-27,4,3865,105,1,0,0,0
18,2023-04-28,5,4860,156,1,1,0,0
18,2023-04-29,6,5001,114,1,0,0,0
18,2023-04-30,7,5252,123,1,1,0,0
18,2023-05-01,1,3770,91,1,0,0,0
18,2023-05-02,2,3690,107,1,0,0,0
18,2023-05-03,3,4036,104,1,0,0,0
18,2023-05-04,4,4538,115,1,1,0,0
18,2023-05-05,5,4488,120,1,0,0,0
18,2023-05-06,6,6249,163,1,1,0,0
18,2023-05-07,7,4564,125,1,0,0,0
18,2023-05-08,1,3628,97,1,0,0,0
18,2023-05-09,2,3827,80,1,1,0,0
18,2023-05-10,3,4285,118,1,1,0,0
18,2023-05-11,4,4427,108,1,1,0,0
18,2023-05-12,5,4394,106,1,0,0,0
18,2023-05-13,6,5235,135,1,0,0,0
18,2023-05-14,7,3966,89,1,0,0,0
18,2023-05-15,1,3753,101,1,0,0,0
18,2023-05-16,2,3657,100,1,1,0,0
18,2023-05-17,3,3889,111,1,0,0,0
18,2023-05-18,4,4339,113,1,0,0,0
18,2023-05-19,5,4443,109,1,0,0,0
18,2023-05-20,6,5498,132,1,0,0,0
18,2023-05-21,7,4342,119,1,0,0,0
18,2023-05-22,1,3641,92,1,0,0,0
18,2023-05-23,2,3660,77,1,0,0,0
18,2023-05-24,3,4040,103,1,0,0,0
18,2023-05-25,4,4387,126,1,1,0,0
18,2023-05-26,5,4314,125,1,0,0,0
18,2023-05-27,6,5820,143,1,0,0,0
18,2023-05-28,7,5420,135,1,1,0,0
18,2023-05-29,1,4196,108,1,1,0,0
18,2023-05-30,2,4079,102,1,1,0,0
18,2023-05-31,3,3874,112,1,1,0,0
18,2023-06-01,4,3697,97,1,0,0,1
18,2023-06-02,5,4059,110,1,0,0,1
18,2023-06-03,6,5586,136,1,0,0,1
18,2023-06-04,7,0,0,0,0,0,1
18,2023-06-05,1,4035,93,1,1,0,1
18,2023-06-06,2,3523,95,1,0,0,1
18,2023-06-07,3,4072,108,1,1,0,1
18,2023-06-08,4,3966,107,1,1,0,1
18,2023-06-09,5,4441,130,1,0,0,1
18,2023-06-10,6,6432,163,1,1,0,1
18,2023-06-11,7,4621,130,1,0,0,1
18,2023-06-12,1,3837,100,1,0,0,1
18,2023-06-13,2,4148,118,1,1,0,1
18,2023-06-14,3,3936,100,1,0,0,1
18,2023-06-15,4,4564,111,1,1,0,1
18,2023-06-16,5,4662,110,1,0,0,1
18,2023-06-17,6,6106,169,1,0,0,1
18,2023-06-18,7,4585,116,1,1,0,1
18,2023-06-19,1,3863,89,1,0,0,1
18,2023-06-20,2,3468,93,1,0,0,1
18,2023-06-21,3,4132,104,1,0,0,1
18,2023-06-22,4,4400,99,1,1,0,1
18,2023-06-23,5,4469,99,1,0,0,1
18,2023-06-24,6,6272,173,1,1,0,1
18,2023-06-25,7,0,0,0,0,0,1
18,2023-06-26,1,4092,105,1,0,0,1
18,2023-06-27,2,4320,115,1,1,0,1
18,2023-06-28,3,4177,124,1,0,0,1
18,2023-06-29,4,3955,118,1,0,0,1
18,2023-06-30,5,4341,110,1,1,0,1
18,2023-07-01,6,6479,188,1,1,0,1
18,2023-07-02,7,4369,117,1,0,0,1
18,2023-07-03,1,3719,93,1,0,0,1
18,2023-07-04,2,4062,96,1,1,0,1
18,2023-07-05,3,4261,113,1,1,0,1
18,2023-07-06,4,4542,125,1,1,0,1
18,2023-07-07,5,4218,97,1,0,0,1
18,2023-07-08,6,6452,173,1,1,0,1
18,2023-07-09,7,4591,108,1,0,0,1
18,2023-07-10,1,4287,113,1,0,0,1
18,2023-07-11,2,3415,94,1,0,0,1
18,2023-07-12,3,3904,106,1,0,0,1
18,2023-07-13,4,4130,105,1,0,0,1
18,2023-07-14,5,4339,117,1,0,0,1
18,2023-07-15,6,5534,122,1,0,0,1
18,2023-07-16,7,4951,140,1,0,0,1
18,2023-07-17,1,3960,113,1,0,0,1
18,2023-07-18,2,3568,89,1,0,0,1
18,2023-07-19,3,3598,104,1,0,0,1
18,2023-07-20,4,4132,108,1,0,0,1
18,2023-07-21,5,4509,129,1,0,0,1
18,2023-07-22,6,5869,126,1,0,0,1
18,2023-07-23,7,5082,124,1,1,0,1
18,2023-07-24,1,4367,100,1,1,0,1
18,2023-07-25,2,4422,106,1,1,0,1
18,2023-07-26,3,4190,119,1,0,0,1
18,2023-07-27,4,3856,99,1,0,0,1
18,2023-07-28,5,5000,127,1,0,0,1
18,2023-07-29,6,6495,158,1,1,0,1
18,2023-07-30,7,4326,119,1,0,0,1
18,2023-07-31,1,3896,97,1,0,0,1
18,2023-08-01,2,3771,95,1,0,0,0
18,2023-08-02,3,3876,95,1,0,0,0
18,2023-08-03,4,4385,131,1,1,0,0
18,2023-08-04,5,5069,133,1,1,0,0
18,2023-08-05,6,6520,172,1,1,0,0
18,2023-08-06,7,0,0,0,0,0,0
18,2023-08-07,1,4088,94,1,1,0,0
18,2023-08-08,2,3627,88,1,0,0,0
18,2023-08-09,3,4259,112,1,1,0,0
18,2023-08-10,4,4213,124,1,0,0,0
18,2023-08-11,5,4728,131,1,0,0,0
18,2023-08-12,6,5674,142,1,0,0,0
18,2023-08-13,7,4931,122,1,0,0,0
18,2023-08-14,1,4301,127,1,1,0,0
18,2023-08-15,2,4142,100,1,1,0,0
18,2023-08-16,3,4277,100,1,0,0,0
18,2023-08-17,4,4107,108,1,0,a,0
18,2023-08-18,5,4437,117,1,0,0,0
18,2023-08-19,6,6583,159,1,1,0,0
18,2023-08-20,7,0,0,0,0,0,0
18,2023-08-21,1,3789,102,1,0,0,0
18,2023-08-22,2,3796,102,1,0,0,0
18,2023-08-23,3,4059,104,1,0,0,0
18,2023-08-24,4,4506,113,1,1,0,0
18,2023-08-25,5,4186,107,1,0,0,0
18,2023-08-26,6,5499,132,1,0,0,0
18,2023-08-27,7,0,0,0,1,0,0
18,2023-08-28,1,3884,103,1,0,0,0
18,2023-08-29,2,3510,95,1,0,0,0
18,2023-08-30,3,4201,106,1,0,0,0
18,2023-08-31,4,4117,111,1,0,0,0
18,2023-09-01,5,4546,122,1,0,0,0
18,2023-09-02,6,6285,192,1,1,0,0
18,2023-09-03,7,0,0,0,1,0,0
18,2023-09-04,1,4248,82,1,1,0,0
18,2023-09-05,2,4290,107,1,1,0,0
18,2023-09-06,3,3901,104,1,0,0,0
18,2023-09-07,4,4278,109,1,0,0,0
18,2023-09-08,5,4475,142,1,0,0,0
18,2023-09-09,6,6571,184,1,1,0,0
18,2023-09-10,7,4679,103,1,0,0,0
18,2023-09-11,1,3923,95,1,0,0,0
18,2023-09-12,2,3929,100,1,0,0,0
18,2023-09-13,3,3725,108,1,0,0,0
18,2023-09-14,4,4199,117,1,0,0,0
18,2023-09-15,5,5207,134,1,1,0,0
18,2023-09-16,6,6416,169,1,0,0,0
18,2023-09-17,7,5202,138,1,1,0,0
18,2023-09-18,1,3452,89,1,0,0,0
18,2023-09-19,2,3780,104,1,1,0,0
18,2023-09-20,3,4146,109,1,1,0,0
18,2023-09-21,4,4769,130,1,1,0,0
18,2023-09-22,5,4998,132,1,0,0,0
18,2023-09-23,6,5674,142,1,0,0,0
18,2023-09-24,7,0,0,0,0,0,0
18,2023-09-25,1,3364,98,1,0,0,0
18,2023-09-26,2,3901,115,1,0,0,0
18,2023-09-27,3,4375,115,1,1,0,0
18,2023-09-28,4,4030,105,1,0,0,0
18,2023-09-29,5,4294,100,1,0,0,0
18,2023-09-30,6,5699,147,1,0,0,0
18,2023-10-01,7,4851,136,1,1,0,0
18,2023-10-02,1,4073,113,1,1,0,0
18,2023-10-03,2,3544,83,1,0,0,0
18,2023-10-04,3,3756,113,1,0,0,0
18,2023-10-05,4,4236,103,1,1,0,0
18,2023-10-06,5,4649,118,1,0,0,0
18,2023-10-07,6,5477,159,1,0,0,0
18,2023-10-08,7,5196,144,1,1,0,0
18,2023-10-09,1,4031,103,1,1,0,0
18,2023-10-10,2,3591,87,1,0,0,0
18,2023-10-11,3,3747,112,1,0,0,0
18,2023-10-12,4,4294,108,1,0,0,0
18,2023-10-13,5,4485,116,1,0,0,0
18,2023-10-14,6,5603,143,1,0,0,0
18,2023-10-15,7,4505,122,1,0,0,0
18,2023-10-16,1,3621,96,1,0,0,0
18,2023-10-17,2,3660,103,1,0,0,0
18,2023-10-18,3,3685,104,1,0,0,0
18,2023-10-19,4,4011,100,1,0,0,0
18,2023-10-20,5,4373,105,1,0,0,0
18,2023-10-21,6,5603,159,1,0,0,0
18,2023-10-22,7,5046,124,1,0,0,0
18,2023-10-23,1,3841,101,1,0,0,0
18,2023-10-24,2,4145,106,1,1,0,0
18,2023-10-25,3,4232,107,1,0,0,0
18,2023-10-26,4,4211,114,1,1,0,0
18,2023-10-27,5,4430,117,1,0,0,0
18,2023-10-28,6,5387,147,1,0,0,0
18,2023-10-29,7,4776,130,1,0,0,0
18,2023-10-30,1,4013,101,1,0,0,0
18,2023-10-31,2,3682,113,1,1,0,0
18,2023-11-01,3,4570,109,1,1,0,0
18,2023-11-02,4,4596,120,1,1,0,0
18,2023-11-03,5,4556,140,1,0,0,0
18,2023-11-04,6,5486,146,1,0,0,0
18,2023-11-05,7,4951,124,1,0,0,0
18,2023-11-06,1,4229,120,1,0,0,0
18,2023-11-07,2,3737,110,1,0,0,0
18,2023-11-08,3,4319,106,1,1,0,0
18,2023-11-09,4,4538,127,1,1,0,0
18,2023-11-10,5,4464,123,1,0,0,0
18,2023-11-11,6,5806,149,1,0,0,0
18,2023-11-12,7,5020,143,1,0,0,0
18,2023-11-13,1,3894,106,1,0,0,0
18,2023-11-14,2,3877,101,1,0,0,0
18,2023-11-15,3,4842,134,1,1,0,0
18,2023-11-16,4,4429,101,1,0,0,0
18,2023-11-17,5,4324,120,1,0,0,0
18,2023-11-18,6,6380,166,1,0,0,0
18,2023-11-19,7,5111,148,1,0,0,0
18,2023-11-20,1,4627,127,1,1,0,0
18,2023-11-21,2,722,22,1,0,0,0
18,2023-11-22,3,4449,106,1,1,0,0
18,2023-11-23,4,4053,108,1,0,0,0
18,2023-11-24,5,5058,127,1,1,0,0
18,2023-11-25,6,6392,175,1,0,0,0
18,2023-11-26,7,4824,117,1,0,0,0
18,2023-11-27,1,3941,98,1,1,0,0
18,2023-11-28,2,4138,115,1,1,0,0
18,2023-11-29,3,4266,107,1,1,0,0
18,2023-11-30,4,4511,118,1,0,0,0
18,2023-12-01,5,4831,120,1,1,0,0
18,2023-12-02,6,6344,175,1,1,0,0
18,2023-12-03,7,4708,125,1,0,0,0
18,2023-12-04,1,4664,136,1,1,0,0
18,2023-12-05,2,4024,114,1,0,0,0
18,2023-12-06,3,4129,90,1,0,0,0
18,2023-12-07,4,4196,117,1,0,0,0
18,2023-12-08,5,5098,149,1,1,0,0
18,2023-12-09,6,5919,144,1,0,0,0
18,2023-12-10,7,0,0,0,0,0,0
18,2023-12-11,1,3683,88,1,0,0,0
18,2023-12-12,2,3314,102,1,0,0,0
18,2023-12-13,3,4111,124,1,0,0,0
18,2023-12-14,4,4445,107,1,0,0,0
18,2023-12-15,5,5098,128,1,1,0,0
18,2023-12-16,6,5853,169,1,1,0,0
18,2023-12-17,7,5492,147,1,1,0,0
18,2023-12-18,1,4102,113,1,1,0,0
18,2023-12-19,2,3605,100,1,0,0,0
18,2023-12-20,3,3831,105,1,0,0,0
18,2023-12-21,4,3826,93,1,0,0,0
18,2023-12-22,5,4646,115,1,0,0,0
18,2023-12-23,6,6296,151,1,1,0,0
18,2023-12-24,7,0,0,0,0,0,0
18,2023-12-25,1,4856,139,1,1,a,0
18,2023-12-26,2,3756,111,1,0,0,0
18,2023-12-27,3,4450,127,1,1,0,0
18,2023-12-28,4,4491,117,1,0,0,0
18,2023-12-29,5,4763,112,1,0,0,0
18,2023-12-30,6,7139,153,1,1,0,0
18,2023-12-31,7,0,0,0,0,0,0
18,2024-01-01,1,4574,132,1,1,a,0
18,2024-01-02,2,3959,119,1,0,0,0
18,2024-01-03,3,4242,118,1,0,0,0
18,2024-01-04,4,4785,129,1,1,0,0
18,2024-01-05,5,4436,120,1,0,0,0
18,2024-01-06,6,7449,191,1,1,0,0
18,2024-01-07,7,4290,121,1,0,0,0
18,2024-01-08,1,3787,102,1,0,0,0
18,2024-01-09,2,4003,115,1,0,0,0
18,2024-01-10,3,4107,100,1,0,0,0
18,2024-01-11,4,4209,115,1,0,0,0
18,2024-01-12,5,4787,114,1,0,0,0
18,2024-01-13,6,5693,170,1,0,0,0
18,2024-01-14,7,0,0,0,0,0,0
18,2024-01-15,1,3939,100,1,0,0,0
18,2024-01-16,2,4149,128,1,0,0,0
18,2024-01-17,3,3992,119,1,0,0,0
18,2024-01-18,4,4285,125,1,0,0,0
18,2024-01-19,5,4777,119,1,0,0,0
18,2024-01-20,6,6223,162,1,0,0,0
18,2024-01-21,7,4861,124,1,0,0,0
18,2024-01-22,1,4305,111,1,1,0,0
18,2024-01-23,2,4106,128,1,1,0,0
18,2024-01-24,3,4159,93,1,0,0,0
18,2024-01-25,4,3796,104,1,0,0,0
18,2024-01-26,5,5179,146,1,1,0,0
18,2024-01-27,6,6077,179,1,0,0,0
18,2024-01-28,7,0,0,0,1,0,0
18,2024-01-29,1,4230,120,1,1,0,0
18,2024-01-30,2,3926,103,1,0,0,0
18,2024-01-31,3,4099,96,1,0,0,0
18,2024-02-01,4,4365,120,1,1,0,0
18,2024-02-02,5,5107,126,1,1,0,0
18,2024-02-03,6,5572,163,1,0,0,0
18,2024-02-04,7,0,0,0,0,0,0
18,2024-02-05,1,4101,116,1,0,0,0
18,2024-02-06,2,3980,115,1,0,0,0
18,2024-02-07,3,4338,104,1,1,0,0
18,2024-02-08,4,4956,122,1,1,0,0
18,2024-02-09,5,4399,104,1,0,0,0
18,2024-02-10,6,6596,182,1,1,0,0
18,2024-02-11,7,4590,109,1,0,0,0
18,2024-02-12,1,3953,94,1,0,0,0
18,2024-02-13,2,4150,109,1,0,0,0
18,2024-02-14,3,4176,108,1,0,0,0
18,2024-02-15,4,4020,107,1,0,0,0
18,2024-02-16,5,4537,127,1,0,0,0
18,2024-02-17,6,6465,133,1,1,0,0
18,2024-02-18,7,0,0,0,1,0,0
18,2024-02-19,1,4050,111,1,0,0,0
18,2024-02-20,2,4335,120,1,0,0,0
18,2024-02-21,3,3972,121,1,0,0,0
18,2024-02-22,4,5091,133,1,1,0,0
18,2024-02-23,5,4665,124,1,0,0,0
18,2024-02-24,6,6097,167,1,0,0,0
18,2024-02-25,7,4954,141,1,0,0,0
18,2024-02-26,1,3663,99,1,0,0,0
18,2024-02-27,2,4003,101,1,0,0,0
18,2024-02-28,3,3955,99,1,1,0,0
18,2024-02-29,4,4699,121,1,1,0,0
18,2024-03-01,5,4711,111,1,0,0,0
18,2024-03-02,6,5549,143,1,0,0,0
18,2024-03-03,7,0,0,0,0,0,0
18,2024-03-04,1,4345,105,1,1,0,0
18,2024-03-05,2,3890,92,1,0,0,0
18,2024-03-06,3,4070,102,1,0,0,0
18,2024-03-07,4,4109,98,1,0,0,0
18,2024-03-08,5,4699,121,1,0,0,0
18,2024-03-09,6,6280,165,1,0,0,0
18,2024-03-10,7,4847,131,1,0,0,0
18,2024-03-11,1,4005,95,1,0,0,0
18,2024-03-12,2,4054,118,1,0,0,0
18,2024-03-13,3,4572,116,1,0,0,0
18,2024-03-14,4,4200,108,1,0,0,0
18,2024-03-15,5,4289,116,1,0,0,0
18,2024-03-16,6,5759,169,1,0,0,0
18,2024-03-17,7,5062,140,1,0,0,0
18,2024-03-18,1,4758,114,1,1,0,0
18,2024-03-19,2,3747,93,1,0,0,0
18,2024-03-20,3,4103,102,1,0,0,0
18,2024-03-21,4,4252,112,1,0,0,0
18,2024-03-22,5,4515,129,1,0,0,0
18,2024-03-23,6,6502,192,1,0,0,0
18,2024-03-24,7,5729,153,1,1,0,0
18,2024-03-25,1,4097,94,1,0,0,0
18,2024-03-26,2,3856,100,1,0,0,0
18,2024-03-27,3,4747,132,1,1,0,0
18,2024-03-28,4,4800,131,1,1,0,0
18,2024-03-29,5,5060,146,1,1,0,0
18,2024-03-30,6,6976,191,1,1,0,0
18,2024-03-31,7,5522,145,1,1,0,0
18,2024-04-01,1,3699,94,1,0,0,0
18,2024-04-02,2,3749,94,1,0,0,0
18,2024-04-03,3,6932,181,1,0,0,0
18,2024-04-04,4,8871,227,1,1,0,0
18,2024-04-05,5,8999,210,1,1,0,0
18,2024-04-06,6,11245,273,1,0,0,0
18,2024-04-07,7,9851,292,1,0,0,0
18,2024-04-08,1,8317,235,1,1,0,0
18,2024-04-09,2,7660,221,1,1,0,0
18,2024-04-10,3,0,0,0,0,b,0
18,2024-04-11,4,0,0,0,1,b,0
18,2024-04-12,5,4475,102,1,0,0,0
18,2024-04-13,6,5720,144,1,0,0,0
18,2024-04-14,7,4746,124,1,0,0,0
18,2024-04-15,1,4154,121,1,0,0,0
18,2024-04-16,2,3854,104,1,0,0,0
18,2024-04-17,3,4501,120,1,1,0,0
18,2024-04-18,4,4812,124,1,1,0,0
18,2024-04-19,5,5387,116,1,1,0,0
18,2024-04-20,6,5490,146,1,0,0,0
18,2024-04-21,7,0,0,0,0,0,0
18,2024-04-22,1,3975,113,1,0,0,0
18,2024-04-23,2,3743,86,1,0,0,0
18,2024-04-24,3,4322,108,1,0,0,0
18,2024-04-25,4,4182,107,1,0,0,0
18,2024-04-26,5,5158,146,1,0,0,0
18,2024-04-27,6,6531,164,1,1,0,0
18,2024-04-28,7,0,0,0,0,0,0
18,2024-04-29,1,4316,110,1,1,0,0
18,2024-04-30,2,4067,102,1,0,0,0
18,2024-05-01,3,4683,131,1,1,0,0
18,2024-05-02,4,4478,122,1,0,0,0
18,2024-05-03,5,4708,104,1,0,0,0
18,2024-05-04,6,6483,188,1,0,0,0
18,2024-05-05,7,0,0,0,1,0,0
18,2024-05-06,1,3935,117,1,0,0,0
18,2024-05-07,2,3850,106,1,0,0,0
18,2024-05-08,3,4740,120,1,1,0,0
18,2024-05-09,4,4566,122,1,0,0,0
18,2024-05-10,5,4481,125,1,0,0,0
18,2024-05-11,6,6334,149,1,0,0,0
18,2024-05-12,7,4606,123,1,0,0,0
18,2024-05-13,1,3946,101,1,0,0,0
18,2024-05-14,2,4080,118,1,0,0,0
18,2024-05-15,3,3988,111,1,0,0,0
18,2024-05-16,4,4616,109,1,0,0,0
18,2024-05-17,5,5389,140,1,1,0,0
18,2024-05-18,6,5753,162,1,0,0,0
18,2024-05-19,7,5147,117,1,0,0,0
18,2024-05-20,1,3809,93,1,0,0,0
18,2024-05-21,2,3989,112,1,0,0,0
18,2024-05-22,3,4354,96,1,0,0,0
18,2024-05-23,4,4460,110,1,0,0,0
18,2024-05-24,5,4741,104,1,0,0,0
18,2024-05-25,6,6620,170,1,1,0,0
18,2024-05-26,7,0,0,0,0,0,0
18,2024-05-27,1,4122,98,1,0,0,0
18,2024-05-28,2,4155,114,1,0,0,0
18,2024-05-29,3,4608,128,1,0,0,0
18,2024-05-30,4,4637,114,1,1,0,0
18,2024-05-31,5,4971,127,1,0,0,0
18,2024-06-01,6,6368,165,1,0,0,1
18,2024-06-02,7,4880,135,1,0,0,1
18,2024-06-03,1,4238,95,1,0,0,1
18,2024-06-04,2,3837,96,1,0,0,1
18,2024-06-05,3,4237,108,1,0,0,1
18,2024-06-06,4,4275,117,1,0,0,1
18,2024-06-07,5,4883,120,1,0,0,1
18,2024-06-08,6,6304,177,1,0,0,1
18,2024-06-09,7,4874,134,1,0,0,1
18,2024-06-10,1,4095,106,1,0,0,1
18,2024-06-11,2,3981,118,1,0,0,1
18,2024-06-12,3,4358,123,1,1,0,1
18,2024-06-13,4,4248,102,1,0,0,1
18,2024-06-14,5,5110,139,1,1,0,1
18,2024-06-15,6,5806,159,1,0,0,1
18,2024-06-16,7,0,0,0,1,0,1
18,2024-06-17,1,4050,94,1,0,0,1
18,2024-06-18,2,4024,115,1,0,0,1
18,2024-06-19,3,4329,115,1,1,0,1
18,2024-06-20,4,5054,134,1,1,0,1
18,2024-06-21,5,4938,126,1,0,0,1
18,2024-06-22,6,6136,174,1,0,0,1
18,2024-06-23,7,0,0,0,0,0,1
18,2024-06-24,1,4473,113,1,1,0,1
18,2024-06-25,2,3964,101,1,0,0,1
18,2024-06-26,3,3976,82,1,0,0,1
18,2024-06-27,4,4498,127,1,1,0,1
18,2024-06-28,5,5481,144,1,1,0,1
18,2024-06-29,6,6071,163,1,0,0,1
18,2024-06-30,7,5252,131,1,0,0,1
19,2022-01-01,6,7414,160,1,1,a,0
19,2022-01-02,7,0,0,0,0,0,0
19,2022-01-03,1,5126,114,1,1,0,0
19,2022-01-04,2,3962,87,1,0,0,0
19,2022-01-05,3,4288,98,1,0,0,0
19,2022-01-06,4,4203,108,1,0,0,0
19,2022-01-07,5,4278,98,1,0,0,0
19,2022-01-08,6,6937,166,1,1,0,0
19,2022-01-09,7,4688,109,1,0,0,0
19,2022-01-10,1,4114,97,1,0,0,0
19,2022-01-11,2,3802,88,1,0,0,0
19,2022-01-12,3,4098,94,1,0,0,0
19,2022-01-13,4,4302,108,1,0,0,0
19,2022-01-14,5,4671,112,1,0,0,0
19,2022-01-15,6,5275,123,1,0,0,0
19,2022-01-16,7,5710,127,1,1,0,0
19,2022-01-17,1,5406,109,1,1,0,0
19,2022-01-18,2,3950,94,1,0,0,0
19,2022-01-19,3,3516,75,1,0,0,0
19,2022-01-20,4,4213,101,1,0,0,0
19,2022-01-21,5,5060,111,1,0,0,0
19,2022-01-22,6,7564,171,1,1,0,0
19,2022-01-23,7,0,0,0,0,0,0
19,2022-01-24,1,3618,72,1,0,0,0
19,2022-01-25,2,3841,89,1,0,0,0
19,2022-01-26,3,3738,82,1,0,0,0
19,2022-01-27,4,3949,87,1,0,0,0
19,2022-01-28,5,4313,110,1,0,0,0
19,2022-01-29,6,6501,136,1,0,0,0
19,2022-01-30,7,0,0,0,1,0,0
19,2022-01-31,1,5336,116,1,1,0,0
19,2022-02-01,2,4554,112,1,1,0,0
19,2022-02-02,3,5149,108,1,1,0,0
19,2022-02-03,4,4002,99,1,0,0,0
19,2022-02-04,5,5562,152,1,1,0,0
19,2022-02-05,6,6133,156,1,0,0,0
19,2022-02-06,7,0,0,0,0,0,0
19,2022-02-07,1,5068,102,1,1,0,0
19,2022-02-08,2,3664,84,1,0,0,0
19,2022-02-09,3,5142,113,1,1,0,0
19,2022-02-10,4,4296,94,1,0,0,0
19,2022-02-11,5,5638,121,1,1,0,0
19,2022-02-12,6,5922,129,1,0,0,0
19,2022-02-13,7,0,0,0,0,0,0
19,2022-02-14,1,3573,77,1,0,0,0
19,2022-02-15,2,5387,116,1,1,0,0
19,2022-02-16,3,4138,104,1,0,0,0
19,2022-02-17,4,4154,87,1,0,0,0
19,2022-02-18,5,4864,96,1,0,0,0
19,2022-02-19,6,5753,139,1,0,0,0
19,2022-02-20,7,0,0,0,0,0,0
19,2022-02-21,1,4234,91,1,0,0,0
19,2022-02-22,2,4635,92,1,1,0,0
19,2022-02-23,3,4002,86,1,0,0,0
19,2022-02-24,4,3946,84,1,0,0,0
19,2022-02-25,5,4881,121,1,0,0,0
19,2022-02-26,6,6088,149,1,0,0,0
19,2022-02-27,7,0,0,0,0,0,0
19,2022-02-28,1,5236,111,1,1,0,0
19,2022-03-01,2,3880,76,1,0,0,0
19,2022-03-02,3,4196,94,1,0,0,0
19,2022-03-03,4,4336,96,1,0,0,0
19,2022-03-04,5,4867,94,1,0,0,0
19,2022-03-05,6,6480,170,1,0,0,0
19,2022-03-06,7,4653,98,1,0,0,0
19,2022-03-07,1,4562,91,1,1,0,0
19,2022-03-08,2,3732,82,1,0,0,0
19,2022-03-09,3,4216,104,1,0,0,0
19,2022-03-10,4,4342,88,1,0,0,0
19,2022-03-11,5,4570,112,1,0,0,0
19,2022-03-12,6,7459,168,1,1,0,0
19,2022-03-13,7,0,0,0,0,0,0
19,2022-03-14,1,5017,104,1,1,0,0
19,2022-03-15,2,3809,83,1,0,0,0
19,2022-03-16,3,4464,91,1,0,0,0
19,2022-03-17,4,4544,87,1,0,0,0
19,2022-03-18,5,4883,104,1,0,0,0
19,2022-03-19,6,6070,152,1,0,0,0
19,2022-03-20,7,0,0,0,0,0,0
19,2022-03-21,1,4062,95,1,0,0,0
19,2022-03-22,2,3986,87,1,0,0,0
19,2022-03-23,3,3777,86,1,0,0,0
19,2022-03-24,4,4326,89,1,0,0,0
19,2022-03-25,5,5521,135,1,1,0,0
19,2022-03-26,6,5950,143,1,0,0,0
19,2022-03-27,7,0,0,0,1,0,0
19,2022-03-28,1,3868,91,1,0,0,0
19,2022-03-29,2,4056,86,1,0,0,0
19,2022-03-30,3,4360,90,1,0,0,0
19,2022-03-31,4,4089,103,1,0,0,0
19,2022-04-01,5,4758,98,1,0,0,0
19,2022-04-02,6,5704,140,1,0,0,0
19,2022-04-03,7,4669,89,1,0,0,0
19,2022-04-04,1,4121,92,1,0,0,0
19,2022-04-05,2,5138,100,1,1,0,0
19,2022-04-06,3,3837,78,1,0,0,0
19,2022-04-07,4,4726,93,1,0,0,0
19,2022-04-08,5,4621,103,1,0,0,0
19,2022-04-09,6,7697,179,1,1,0,0
19,2022-04-10,7,0,0,0,0,0,0
19,2022-04-11,1,4007,84,1,0,0,0
19,2022-04-12,2,5347,108,1,1,0,0
19,2022-04-13,3,5588,145,1,1,0,0
19,2022-04-14,4,3940,87,1,0,0,0
19,2022-04-15,5,4614,92,1,0,0,0
19,2022-04-16,6,8759,195,1,1,0,0
19,2022-04-17,7,0,0,0,1,0,0
19,2022-04-18,1,4159,86,1,0,0,0
19,2022-04-19,2,4210,90,1,0,0,0
19,2022-04-20,3,4343,91,1,0,0,0
19,2022-04-21,4,3696,73,1,0,0,0
19,2022-04-22,5,4836,109,1,0,0,0
19,2022-04-23,6,6652,150,1,0,0,0
19,2022-04-24,7,6242,129,1,1,0,0
19,2022-04-25,1,8703,218,1,1,0,0
19,2022-04-26,2,6816,163,1,0,0,0
19,2022-04-27,3,7437,159,1,0,0,0
19,2022-04-28,4,8021,187,1,0,0,0
19,2022-04-29,5,9817,227,1,0,0,0
19,2022-04-30,6,10872,254,1,0,0,0
19,2022-05-01,7,9244,218,1,0,0,0
19,2022-05-02,1,0,0,0,0,b,0
19,2022-05-03,2,0,0,0,0,b,0
19,2022-05-04,3,5097,132,1,1,0,0
19,2022-05-05,4,4415,96,1,0,0,0
19,2022-05-06,5,4754,104,1,0,0,0
19,2022-05-07,6,7696,169,1,1,0,0
19,2022-05-08,7,0,0,0,0,0,0
19,2022-05-09,1,4090,92,1,0,0,0
19,2022-05-10,2,3947,88,1,0,0,0
19,2022-05-11,3,4883,115,1,1,0,0
19,2022-05-12,4,4004,84,1,0,0,0
19,2022-05-13,5,5108,100,1,0,0,0
19,2022-05-14,6,5898,143,1,0,0,0
19,2022-05-15,7,0,0,0,0,0,0
19,2022-05-16,1,4347,92,1,0,0,0
19,2022-05-17,2,3959,100,1,0,0,0
19,2022-05-18,3,5476,135,1,1,0,0
19,2022-05-19,4,5178,125,1,1,0,0
19,2022-05-20,5,5165,106,1,0,0,0
19,2022-05-21,6,6233,126,1,0,0,0
19,2022-05-22,7,5016,121,1,0,0,0
19,2022-05-23,1,5096,121,1,1,0,0
19,2022-05-24,2,4174,99,1,0,0,0
19,2022-05-25,3,4254,93,1,0,0,0
19,2022-05-26,4,4561,111,1,1,0,0
19,2022-05-27,5,5867,140,1,1,0,0
19,2022-05-28,6,6274,154,1,0,0,0
19,2022-05-29,7,5986,130,1,1,0,0
19,2022-05-30,1,5018,114,1,1,0,0
19,2022-05-31,2,3950,85,1,0,0,0
19,2022-06-01,3,4548,113,1,0,0,1
19,2022-06-02,4,5601,120,1,1,0,1
19,2022-06-03,5,4889,99,1,0,0,1
19,2022-06-04,6,5825,130,1,0,0,1
19,2022-06-05,7,4869,112,1,0,0,1
19,2022-06-06,1,5377,113,1,1,0,1
19,2022-06-07,2,5211,102,1,1,0,1
19,2022-06-08,3,3920,77,1,0,0,1
19,2022-06-09,4,5830,137,1,1,0,1
19,2022-06-10,5,5764,141,1,1,0,1
19,2022-06-11,6,7885,177,1,1,0,1
19,2022-06-12,7,5741,131,1,0,0,1
19,2022-06-13,1,4047,102,1,0,0,1
19,2022-06-14,2,4077,87,1,0,0,1
19,2022-06-15,3,4110,96,1,0,0,1
19,2022-06-16,4,4405,95,1,0,0,1
19,2022-06-17,5,6465,153,1,1,0,1
19,2022-06-18,6,6148,129,1,0,0,1
19,2022-06-19,7,6232,127,1,1,0,1
19,2022-06-20,1,4370,99,1,0,0,1
19,2022-06-21,2,3794,87,1,0,0,1
19,2022-06-22,3,4253,94,1,0,0,1
19,2022-06-23,4,4216,83,1,0,0,1
19,2022-06-24,5,4779,100,1,0,0,1
19,2022-06-25,6,7430,153,1,1,0,1
19,2022-06-26,7,4707,106,1,0,0,1
19,2022-06-27,1,3691,78,1,0,0,1
19,2022-06-28,2,3966,103,1,0,0,1
19,2022-06-29,3,4292,99,1,0,0,1
19,2022-06-30,4,4561,109,1,0,0,1
19,2022-07-01,5,4522,98,1,0,0,1
19,2022-07-02,6,6279,146,1,0,0,1
19,2022-07-03,7,6526,145,1,1,0,1
19,2022-07-04,1,4231,95,1,0,0,1
19,2022-07-05,2,5147,126,1,1,0,1
19,2022-07-06,3,3791,96,1,0,0,1
19,2022-07-07,4,5456,128,1,1,0,1
19,2022-07-08,5,4834,108,1,0,0,1
19,2022-07-09,6,6413,133,1,0,0,1
19,2022-07-10,7,5441,126,1,0,0,1
19,2022-07-11,1,5138,105,1,1,0,1
19,2022-07-12,2,4002,92,1,0,0,1
19,2022-07-13,3,4287,91,1,0,0,1
19,2022-07-14,4,4404,89,1,0,0,1
19,2022-07-15,5,4968,113,1,0,0,1
19,2022-07-16,6,6420,131,1,0,0,1
19,2022-07-17,7,5052,109,1,0,0,1
19,2022-07-18,1,4276,93,1,0,0,1
19,2022-07-19,2,4035,91,1,0,0,1
19,2022-07-20,3,3957,102,1,0,0,1
19,2022-07-21,4,4152,104,1,0,0,1
19,2022-07-22,5,4303,91,1,0,0,1
19,2022-07-23,6,8483,177,1,1,0,1
19,2022-07-24,7,5435,124,1,0,0,1
19,2022-07-25,1,5494,124,1,1,0,1
19,2022-07-26,2,4043,85,1,0,0,1
19,2022-07-27,3,5604,106,1,1,0,1
19,2022-07-28,4,4613,97,1,0,0,1
19,2022-07-29,5,4526,102,1,0,0,1
19,2022-07-30,6,6030,125,1,0,0,1
19,2022-07-31,7,0,0,0,1,0,1
19,2022-08-01,1,4084,86,1,0,0,0
19,2022-08-02,2,3950,91,1,0,0,0
19,2022-08-03,3,4458,114,1,0,0,0
19,2022-08-04,4,4240,92,1,0,0,0
19,2022-08-05,5,5496,130,1,0,0,0
19,2022-08-06,6,6790,162,1,0,0,0
19,2022-08-07,7,5071,103,1,0,0,0
19,2022-08-08,1,4457,94,1,0,0,0
19,2022-08-09,2,5176,117,1,1,0,0
19,2022-08-10,3,4201,98,1,0,0,0
19,2022-08-11,4,4869,93,1,0,0,0
19,2022-08-12,5,6243,142,1,1,0,0
19,2022-08-13,6,6018,118,1,0,0,0
19,2022-08-14,7,5253,106,1,0,0,0
19,2022-08-15,1,5693,121,1,1,0,0
19,2022-08-16,2,4110,91,1,0,0,0
19,2022-08-17,3,4343,106,1,0,a,0
19,2022-08-18,4,5466,122,1,1,0,0
19,2022-08-19,5,6242,144,1,1,0,0
19,2022-08-20,6,6003,121,1,0,0,0
19,2022-08-21,7,4939,104,1,0,0,0
19,2022-08-22,1,4138,90,1,0,0,0
19,2022-08-23,2,4152,90,1,0,0,0
19,2022-08-24,3,4545,108,1,0,0,0
19,2022-08-25,4,4414,103,1,0,0,0
19,2022-08-26,5,6400,156,1,1,0,0
19,2022-08-27,6,7729,166,1,1,0,0
19,2022-08-28,7,0,0,0,0,0,0
19,2022-08-29,1,4470,115,1,0,0,0
19,2022-08-30,2,4101,86,1,0,0,0
19,2022-08-31,3,4389,87,1,0,0,0
19,2022-09-01,4,4324,93,1,0,0,0
19,2022-09-02,5,6337,147,1,1,0,0
19,2022-09-03,6,5447,128,1,0,0,0
19,2022-09-04,7,5928,137,1,1,0,0
19,2022-09-05,1,4346,101,1,0,0,0
19,2022-09-06,2,3794,92,1,0,0,0
19,2022-09-07,3,4215,90,1,0,0,0
19,2022-09-08,4,4776,105,1,0,0,0
19,2022-09-09,5,6434,156,1,1,0,0
19,2022-09-10,6,8882,198,1,1,0,0
19,2022-09-11,7,5191,118,1,0,0,0
19,2022-09-12,1,4215,117,1,0,0,0
19,2022-09-13,2,4142,98,1,0,0,0
19,2022-09-14,3,5161,108,1,1,0,0
19,2022-09-15,4,5529,137,1,1,0,0
19,2022-09-16,5,4631,104,1,0,0,0
19,2022-09-17,6,6730,160,1,0,0,0
19,2022-09-18,7,0,0,0,0,0,0
19,2022-09-19,1,3994,86,1,0,0,0
19,2022-09-20,2,4009,99,1,0,0,0
19,2022-09-21,3,4421,89,1,0,0,0
19,2022-09-22,4,5675,127,1,1,0,0
19,2022-09-23,5,4692,108,1,0,0,0
19,2022-09-24,6,6389,121,1,0,0,0
19,2022-09-25,7,0,0,0,1,0,0
19,2022-09-26,1,4375,99,1,0,0,0
19,2022-09-27,2,4504,106,1,0,0,0
19,2022-09-28,3,4399,92,1,0,0,0
19,2022-09-29,4,4209,100,1,0,0,0
19,2022-09-30,5,4697,102,1,0,0,0
19,2022-10-01,6,6780,141,1,0,0,0
19,2022-10-02,7,0,0,0,1,0,0
19,2022-10-03,1,4248,99,1,0,0,0
19,2022-10-04,2,5302,111,1,1,0,0
19,2022-10-05,3,4372,89,1,0,0,0
19,2022-10-06,4,5535,120,1,1,0,0
19,2022-10-07,5,4599,110,1,0,0,0
19,2022-10-08,6,6544,158,1,0,0,0
19,2022-10-09,7,0,0,0,0,0,0
19,2022-10-10,1,4299,86,1,0,0,0
19,2022-10-11,2,4106,95,1,0,0,0
19,2022-10-12,3,5332,137,1,1,0,0
19,2022-10-13,4,4615,100,1,0,0,0
19,2022-10-14,5,5265,132,1,0,0,0
19,2022-10-15,6,6573,152,1,0,0,0
19,2022-10-16,7,5913,110,1,1,0,0
19,2022-10-17,1,4643,94,1,0,0,0
19,2022-10-18,2,5438,119,1,1,0,0
19,2022-10-19,3,5410,130,1,1,0,0
19,2022-10-20,4,4392,101,1,0,0,0
19,2022-10-21,5,4876,118,1,0,0,0
19,2022-10-22,6,8363,175,1,1,0,0
19,2022-10-23,7,4711,100,1,0,0,0
19,2022-10-24,1,4388,99,1,0,0,0
19,2022-10-25,2,5303,114,1,1,0,0
19,2022-10-26,3,5542,129,1,1,0,0
19,2022-10-27,4,5321,115,1,1,0,0
19,2022-10-28,5,4570,105,1,0,0,0
19,2022-10-29,6,7146,168,1,0,0,0
19,2022-10-30,7,5272,123,1,0,0,0
19,2022-10-31,1,4701,106,1,0,0,0
19,2022-11-01,2,4381,94,1,0,0,0
19,2022-11-02,3,4408,103,1,0,0,0
19,2022-11-03,4,4580,77,1,0,0,0
19,2022-11-04,5,6594,139,1,1,0,0
19,2022-11-05,6,8526,172,1,1,0,0
19,2022-11-06,7,0,0,0,1,0,0
19,2022-11-07,1,4528,99,1,0,0,0
19,2022-11-08,2,4438,108,1,0,0,0
19,2022-11-09,3,5579,117,1,1,0,0
19,2022-11-10,4,4398,108,1,0,0,0
19,2022-11-11,5,5139,110,1,0,0,0
19,2022-11-12,6,6207,144,1,0,0,0
19,2022-11-13,7,5155,118,1,0,0,0
19,2022-11-14,1,4386,101,1,0,0,0
19,2022-11-15,2,5237,111,1,1,0,0
19,2022-11-16,3,5860,138,1,1,0,0
19,2022-11-17,4,4393,98,1,0,0,0
19,2022-11-18,5,4488,90,1,0,0,0
19,2022-11-19,6,8603,188,1,1,0,0
19,2022-11-20,7,5277,135,1,0,0,0
19,2022-11-21,1,4329,87,1,0,0,0
19,2022-11-22,2,5060,91,1,1,0,0
19,2022-11-23,3,4989,109,1,1,0,0
19,2022-11-24,4,5456,125,1,1,0,0
19,2022-11-25,5,5175,140,1,0,0,0
19,2022-11-26,6,6406,142,1,0,0,0
19,2022-11-27,7,6483,138,1,1,0,0
19,2022-11-28,1,3949,84,1,0,0,0
19,2022-11-29,2,5754,126,1,1,0,0
19,2022-11-30,3,4401,96,1,0,0,0
19,2022-12-01,4,6366,149,1,1,0,0
19,2022-12-02,5,5133,122,1,0,0,0
19,2022-12-03,6,6985,170,1,0,0,0
19,2022-12-04,7,0,0,0,0,0,0
19,2022-12-05,1,3996,97,1,0,0,0
19,2022-12-06,2,4189,104,1,0,0,0
19,2022-12-07,3,4546,97,1,0,0,0
19,2022-12-08,4,5900,155,1,1,0,0
19,2022-12-09,5,5149,114,1,0,0,0
19,2022-12-10,6,7238,157,1,0,0,0
19,2022-12-11,7,5396,136,1,0,0,0
19,2022-12-12,1,5330,125,1,1,0,0
19,2022-12-13,2,4187,102,1,0,0,0
19,2022-12-14,3,4251,96,1,0,0,0
19,2022-12-15,4,5803,142,1,1,0,0
19,2022-12-16,5,5332,125,1,0,0,0
19,2022-12-17,6,6963,140,1,0,0,0
19,2022-12-18,7,5223,111,1,0,0,0
19,2022-12-19,1,5409,112,1,1,0,0
19,2022-12-20,2,4107,86,1,0,0,0
19,2022-12-21,3,5815,148,1,1,0,0
19,2022-12-22,4,5376,129,1,1,0,0
19,2022-12-23,5,4884,105,1,0,0,0
19,2022-12-24,6,6452,152,1,1,0,0
19,2022-12-25,7,0,0,0,0,a,0
19,2022-12-26,1,4218,92,1,0,0,0
19,2022-12-27,2,4142,94,1,0,0,0
19,2022-12-28,3,5197,117,1,1,0,0
19,2022-12-29,4,4332,101,1,0,0,0
19,2022-12-30,5,5396,116,1,0,0,0
19,2022-12-31,6,6273,128,1,0,0,0
19,2023-01-01,7,4839,91,1,0,a,0
19,2023-01-02,1,4127,95,1,0,0,0
19,2023-01-03,2,4039,91,1,0,0,0
19,2023-01-04,3,4437,117,1,0,0,0
19,2023-01-05,4,4682,111,1,0,0,0
19,2023-01-06,5,4741,104,1,0,0,0
19,2023-01-07,6,6637,151,1,0,0,0
19,2023-01-08,7,7128,172,1,1,0,0
19,2023-01-09,1,5729,127,1,1,0,0
19,2023-01-10,2,4389,91,1,0,0,0
19,2023-01-11,3,4552,91,1,0,0,0
19,2023-01-12,4,5668,138,1,1,0,0
19,2023-01-13,5,6819,167,1,1,0,0
19,2023-01-14,6,6691,143,1,0,0,0
19,2023-01-15,7,5124,116,1,0,0,0
19,2023-01-16,1,4336,93,1,0,0,0
19,2023-01-17,2,4129,110,1,0,0,0
19,2023-01-18,3,4438,95,1,0,0,0
19,2023-01-19,4,6120,140,1,1,0,0
19,2023-01-20,5,5058,121,1,0,0,0
19,2023-01-21,6,6301,149,1,0,0,0
19,2023-01-22,7,7033,165,1,1,0,0
19,2023-01-23,1,5820,124,1,1,0,0
19,2023-01-24,2,5141,122,1,1,0,0
19,2023-01-25,3,6009,145,1,1,0,0
19,2023-01-26,4,4846,112,1,0,0,0
19,2023-01-27,5,6213,122,1,1,0,0
19,2023-01-28,6,8718,167,1,1,0,0
19,2023-01-29,7,5027,113,1,0,0,0
19,2023-01-30,1,4279,85,1,0,0,0
19,2023-01-31,2,4053,89,1,0,0,0
19,2023-02-01,3,5331,131,1,1,0,0
19,2023-02-02,4,4829,110,1,0,0,0
19,2023-02-03,5,5117,102,1,0,0,0
19,2023-02-04,6,6219,124,1,0,0,0
19,2023-02-05,7,5209,127,1,0,0,0
19,2023-02-06,1,4246,94,1,0,0,0
19,2023-02-07,2,4349,105,1,0,0,0
19,2023-02-08,3,6253,138,1,1,0,0
19,2023-02-09,4,4687,87,1,0,0,0
19,2023-02-10,5,5199,134,1,0,0,0
19,2023-02-11,6,7105,156,1,0,0,0
19,2023-02-12,7,0,0,0,0,0,0
19,2023-02-13,1,4693,111,1,0,0,0
19,2023-02-14,2,4212,102,1,0,0,0
19,2023-02-15,3,4419,110,1,0,0,0
19,2023-02-16,4,4571,99,1,0,0,0
19,2023-02-17,5,5111,99,1,0,0,0
19,2023-02-18,6,6550,153,1,0,0,0
19,2023-02-19,7,0,0,0,0,0,0
19,2023-02-20,1,4314,89,1,0,0,0
19,2023-02-21,2,4332,92,1,0,0,0
19,2023-02-22,3,5180,110,1,1,0,0
19,2023-02-23,4,6047,140,1,1,0,0
19,2023-02-24,5,5438,123,1,0,0,0
19,2023-02-25,6,6692,156,1,0,0,0
19,2023-02-26,7,5596,111,1,0,0,0
19,2023-02-27,1,4230,97,1,0,0,0
19,2023-02-28,2,5807,130,1,1,0,0
19,2023-03-01,3,5698,148,1,1,0,0
19,2023-03-02,4,5362,114,1,1,0,0
19,2023-03-03,5,6836,149,1,1,0,0
19,2023-03-04,6,8586,200,1,1,0,0
19,2023-03-05,7,0,0,0,0,0,0
19,2023-03-06,1,4790,83,1,0,0,0
19,2023-03-07,2,5769,120,1,1,0,0
19,2023-03-08,3,4630,107,1,0,0,0
19,2023-03-09,4,4838,102,1,0,0,0
19,2023-03-10,5,4886,111,1,0,0,0
19,2023-03-11,6,8187,204,1,1,0,0
19,2023-03-12,7,0,0,0,0,0,0
19,2023-03-13,1,4047,93,1,0,0,0
19,2023-03-14,2,5500,114,1,1,0,0
19,2023-03-15,3,5652,131,1,1,0,0
19,2023-03-16,4,6099,163,1,1,0,0
19,2023-03-17,5,5225,102,1,0,0,0
19,2023-03-18,6,7057,129,1,0,0,0
19,2023-03-19,7,6783,129,1,1,0,0
19,2023-03-20,1,4609,118,1,0,0,0
19,2023-03-21,2,4419,85,1,0,0,0
19,2023-03-22,3,4472,95,1,0,0,0
19,2023-03-23,4,4586,108,1,0,0,0
19,2023-03-24,5,5513,126,1,0,0,0
19,2023-03-25,6,6873,147,1,0,0,0
19,2023-03-26,7,5702,128,1,0,0,0
19,2023-03-27,1,5905,139,1,1,0,0
19,2023-03-28,2,4235,92,1,0,0,0
19,2023-03-29,3,4485,97,1,0,0,0
19,2023-03-30,4,4616,106,1,0,0,0
19,2023-03-31,5,5459,136,1,0,0,0
19,2023-04-01,6,8383,179,1,1,0,0
19,2023-04-02,7,5491,116,1,0,0,0
19,2023-04-03,1,5273,120,1,1,0,0
19,2023-04-04,2,4534,98,1,0,0,0
19,2023-04-05,3,4749,106,1,0,0,0
19,2023-04-06,4,4836,110,1,0,0,0
19,2023-04-07,5,5242,96,1,0,0,0
19,2023-04-08,6,7036,135,1,0,0,0
19,2023-04-09,7,0,0,0,0,0,0
19,2023-04-10,1,4777,106,1,0,0,0
19,2023-04-11,2,5648,116,1,1,0,0
19,2023-04-12,3,5342,123,1,1,0,0
19,2023-04-13,4,4680,112,1,0,0,0
19,2023-04-14,5,5294,119,1,0,0,0
19,2023-04-15,6,11638,312,1,0,0,0
19,2023-04-16,7,0,0,0,1,0,0
19,2023-04-17,1,7248,161,1,0,0,0
19,2023-04-18,2,8182,190,1,0,0,0
19,2023-04-19,3,8509,186,1,0,0,0
19,2023-04-20,4,7651,177,1,0,0,0
19,2023-04-21,5,9441,210,1,0,0,0
19,2023-04-22,6,0,0,0,0,b,0
19,2023-04-23,7,0,0,0,1,b,0
19,2023-04-24,1,5360,121,1,1,0,0
19,2023-04-25,2,4552,104,1,0,0,0
19,2023-04-26,3,4806,120,1,0,0,0
19,2023-04-27,4,4635,112,1,0,0,0
19,2023-04-28,5,6957,150,1,1,0,0
19,2023-04-29,6,8228,172,1,1,0,0
19,2023-04-30,7,5843,127,1,0,0,0
19,2023-05-01,1,5067,116,1,0,0,0
19,2023-05-02,2,4589,91,1,0,0,0
19,2023-05-03,3,4725,102,1,0,0,0
19,2023-05-04,4,4624,103,1,0,0,0
19,2023-05-05,5,7152,137,1,1,0,0
19,2023-05-06,6,7032,138,1,0,0,0
19,2023-05-07,7,5361,120,1,0,0,0
19,2023-05-08,1,6034,129,1,1,0,0
19,2023-05-09,2,4416,105,1,0,0,0
19,2023-05-10,3,5935,141,1,1,0,0
19,2023-05-11,4,4646,101,1,0,0,0
19,2023-05-12,5,6248,123,1,1,0,0
19,2023-05-13,6,6445,139,1,0,0,0
19,2023-05-14,7,0,0,0,0,0,0
19,2023-05-15,1,4614,97,1,0,0,0
19,2023-05-16,2,4334,101,1,0,0,0
19,2023-05-17,3,4419,94,1,0,0,0
19,2023-05-18,4,5657,126,1,1,0,0
19,2023-05-19,5,6982,167,1,1,0,0
19,2023-05-20,6,6714,140,1,0,0,0
19,2023-05-21,7,4967,112,1,0,0,0
19,2023-05-22,1,5630,132,1,1,0,0
19,2023-05-23,2,5394,122,1,1,0,0
19,2023-05-24,3,4656,112,1,0,0,0
19,2023-05-25,4,5781,123,1,1,0,0
19,2023-05-26,5,5601,123,1,0,0,0
19,2023-05-27,6,6715,138,1,0,0,0
19,2023-05-28,7,5457,115,1,0,0,0
19,2023-05-29,1,5553,113,1,1,0,0
19,2023-05-30,2,4519,94,1,0,0,0
19,2023-05-31,3,4707,105,1,0,0,0
19,2023-06-01,4,4675,89,1,0,0,1
19,2023-06-02,5,5277,111,1,0,0,1
19,2023-06-03,6,6693,152,1,0,0,1
19,2023-06-04,7,0,0,0,0,0,1
19,2023-06-05,1,4230,93,1,0,0,1
19,2023-06-06,2,4347,99,1,0,0,1
19,2023-06-07,3,5723,132,1,1,0,1
19,2023-06-08,4,5109,118,1,0,0,1
19,2023-06-09,5,6988,155,1,1,0,1
19,2023-06-10,6,6923,141,1,0,0,1
19,2023-06-11,7,0,0,0,0,0,1
19,2023-06-12,1,4542,118,1,0,0,1
19,2023-06-13,2,4846,116,1,0,0,1
19,2023-06-14,3,4597,107,1,0,0,1
19,2023-06-15,4,6018,152,1,1,0,1
19,2023-06-16,5,6673,148,1,1,0,1
19,2023-06-17,6,6512,141,1,0,0,1
19,2023-06-18,7,5319,108,1,0,0,1
19,2023-06-19,1,5441,116,1,1,0,1
19,2023-06-20,2,4371,94,1,0,0,1
19,2023-06-21,3,4742,117,1,0,0,1
19,2023-06-22,4,6041,108,1,1,0,1
19,2023-06-23,5,6790,146,1,1,0,1
19,2023-06-24,6,7549,154,1,0,0,1
19,2023-06-25,7,0,0,0,0,0,1
19,2023-06-26,1,4565,103,1,0,0,1
19,2023-06-27,2,5812,117,1,1,0,1
19,2023-06-28,3,6001,124,1,1,0,1
19,2023-06-29,4,5058,105,1,0,0,1
19,2023-06-30,5,6979,162,1,1,0,1
19,2023-07-01,6,8305,154,1,1,0,1
19,2023-07-02,7,0,0,0,0,0,1
19,2023-07-03,1,6125,137,1,1,0,1
19,2023-07-04,2,4667,113,1,0,0,1
19,2023-07-05,3,4815,111,1,0,0,1
19,2023-07-06,4,4904,116,1,0,0,1
19,2023-07-07,5,6712,156,1,1,0,1
19,2023-07-08,6,7105,146,1,0,0,1
19,2023-07-09,7,0,0,0,0,0,1
19,2023-07-10,1,5807,133,1,1,0,1
19,2023-07-11,2,4464,99,1,0,0,1
19,2023-07-12,3,5790,132,1,1,0,1
19,2023-07-13,4,5277,129,1,0,0,1
19,2023-07-14,5,5380,120,1,0,0,1
19,2023-07-15,6,6750,142,1,0,0,1
19,2023-07-16,7,0,0,0,1,0,1
19,2023-07-17,1,4320,94,1,0,0,1
19,2023-07-18,2,4705,121,1,0,0,1
19,2023-07-19,3,5879,154,1,1,0,1
19,2023-07-20,4,4775,106,1,0,0,1
19,2023-07-21,5,6565,143,1,1,0,1
19,2023-07-22,6,7950,187,1,1,0,1
19,2023-07-23,7,0,0,0,0,0,1
19,2023-07-24,1,4649,106,1,0,0,1
19,2023-07-25,2,4907,102,1,0,0,1
19,2023-07-26,3,4649,100,1,0,0,1
19,2023-07-27,4,6218,136,1,1,0,1
19,2023-07-28,5,6968,152,1,1,0,1
19,2023-07-29,6,7084,138,1,0,0,1
19,2023-07-30,7,0,0,0,0,0,1
19,2023-07-31,1,4207,104,1,0,0,1
19,2023-08-01,2,5017,114,1,0,0,0
19,2023-08-02,3,4546,107,1,0,0,0
19,2023-08-03,4,5486,124,1,0,0,0
19,2023-08-04,5,5225,110,1,0,0,0
19,2023-08-05,6,7401,164,1,0,0,0
19,2023-08-06,7,7262,146,1,1,0,0
19,2023-08-07,1,4765,114,1,0,0,0
19,2023-08-08,2,5472,140,1,1,0,0
19,2023-08-09,3,4630,93,1,0,0,0
19,2023-08-10,4,5982,138,1,1,0,0
19,2023-08-11,5,5433,138,1,0,0,0
19,2023-08-12,6,8579,191,1,1,0,0
19,2023-08-13,7,6879,172,1,1,0,0
19,2023-08-14,1,4410,110,1,0,0,0
19,2023-08-15,2,4335,92,1,0,0,0
19,2023-08-16,3,6034,114,1,1,0,0
19,2023-08-17,4,5857,134,1,1,a,0
19,2023-08-18,5,6342,146,1,1,0,0
19,2023-08-19,6,8691,185,1,1,0,0
19,2023-08-20,7,5013,126,1,0,0,0
19,2023-08-21,1,4603,116,1,0,0,0
19,2023-08-22,2,4521,118,1,0,0,0
19,2023-08-23,3,6052,137,1,1,0,0
19,2023-08-24,4,4947,108,1,0,0,0
19,2023-08-25,5,5034,117,1,0,0,0
19,2023-08-26,6,8564,209,1,1,0,0
19,2023-08-27,7,0,0,0,1,0,0
19,2023-08-28,1,4709,110,1,0,0,0
19,2023-08-29,2,4335,90,1,0,0,0
19,2023-08-30,3,4815,116,1,0,0,0
19,2023-08-31,4,5095,110,1,0,0,0
19,2023-09-01,5,6404,154,1,1,0,0
19,2023-09-02,6,6248,127,1,0,0,0
19,2023-09-03,7,0,0,0,1,0,0
19,2023-09-04,1,5866,131,1,1,0,0
19,2023-09-05,2,4415,96,1,0,0,0
19,2023-09-06,3,4609,104,1,0,0,0
19,2023-09-07,4,4916,101,1,0,0,0
19,2023-09-08,5,5676,117,1,0,0,0
19,2023-09-09,6,6415,126,1,0,0,0
19,2023-09-10,7,6927,158,1,1,0,0
19,2023-09-11,1,5010,122,1,0,0,0
19,2023-09-12,2,5891,133,1,1,0,0
19,2023-09-13,3,4908,113,1,0,0,0
19,2023-09-14,4,4988,102,1,0,0,0
19,2023-09-15,5,6860,154,1,1,0,0
19,2023-09-16,6,6787,149,1,0,0,0
19,2023-09-17,7,0,0,0,0,0,0
19,2023-09-18,1,4822,95,1,0,0,0
19,2023-09-19,2,4411,95,1,0,0,0
19,2023-09-20,3,6010,135,1,1,0,0
19,2023-09-21,4,4933,98,1,0,0,0
19,2023-09-22,5,6006,142,1,0,0,0
19,2023-09-23,6,6905,159,1,0,0,0
19,2023-09-24,7,7506,129,1,1,0,0
19,2023-09-25,1,4807,96,1,0,0,0
19,2023-09-26,2,4514,101,1,0,0,0
19,2023-09-27,3,4453,117,1,0,0,0
19,2023-09-28,4,4891,114,1,0,0,0
19,2023-09-29,5,5666,95,1,0,0,0
19,2023-09-30,6,6545,136,1,0,0,0
19,2023-10-01,7,5920,136,1,0,0,0
19,2023-10-02,1,4963,98,1,0,0,0
19,2023-10-03,2,4570,108,1,0,0,0
19,2023-10-04,3,6217,139,1,1,0,0
19,2023-10-05,4,6183,153,1,1,0,0
19,2023-10-06,5,5586,115,1,0,0,0
19,2023-10-07,6,7505,175,1,0,0,0
19,2023-10-08,7,5250,123,1,0,0,0
19,2023-10-09,1,5600,144,1,1,0,0
19,2023-10-10,2,4841,117,1,0,0,0
19,2023-10-11,3,6382,143,1,1,0,0
19,2023-10-12,4,4574,90,1,0,0,0
19,2023-10-13,5,5864,122,1,0,0,0
19,2023-10-14,6,7620,177,1,1,0,0
19,2023-10-15,7,0,0,0,1,0,0
19,2023-10-16,1,5896,143,1,1,0,0
19,2023-10-17,2,4396,90,1,0,0,0
19,2023-10-18,3,4611,99,1,0,0,0
19,2023-10-19,4,4772,118,1,0,0,0
19,2023-10-20,5,5393,123,1,0,0,0
19,2023-10-21,6,7702,171,1,0,0,0
19,2023-10-22,7,5946,111,1,0,0,0
19,2023-10-23,1,5008,106,1,0,0,0
19,2023-10-24,2,4497,94,1,0,0,0
19,2023-10-25,3,6043,151,1,1,0,0
19,2023-10-26,4,5840,144,1,1,0,0
19,2023-10-27,5,5381,119,1,0,0,0
19,2023-10-28,6,6824,153,1,0,0,0
19,2023-10-29,7,5860,134,1,0,0,0
19,2023-10-30,1,5644,128,1,1,0,0
19,2023-10-31,2,4386,99,1,0,0,0
19,2023-11-01,3,6103,143,1,1,0,0
19,2023-11-02,4,6164,136,1,1,0,0
19,2023-11-03,5,5275,103,1,0,0,0
19,2023-11-04,6,6732,140,1,0,0,0
19,2023-11-05,7,0,0,0,1,0,0
19,2023-11-06,1,4879,123,1,0,0,0
19,2023-11-07,2,4681,115,1,0,0,0
19,2023-11-08,3,5767,110,1,1,0,0
19,2023-11-09,4,4775,104,1,0,0,0
19,2023-11-10,5,6451,133,1,1,0,0
19,2023-11-11,6,8628,199,1,1,0,0
19,2023-11-12,7,7217,162,1,1,0,0
19,2023-11-13,1,4490,98,1,0,0,0
19,2023-11-14,2,5095,116,1,0,0,0
19,2023-11-15,3,4952,113,1,0,0,0
19,2023-11-16,4,6191,134,1,1,0,0
19,2023-11-17,5,6884,160,1,1,0,0
19,2023-11-18,6,6562,162,1,0,0,0
19,2023-11-19,7,5403,135,1,0,0,0
19,2023-11-20,1,5015,107,1,0,0,0
19,2023-11-21,2,6220,156,1,1,0,0
19,2023-11-22,3,5347,133,1,1,0,0
19,2023-11-23,4,6357,134,1,1,0,0
19,2023-11-24,5,7340,177,1,1,0,0
19,2023-11-25,6,8679,193,1,1,0,0
19,2023-11-26,7,7743,195,1,1,0,0
19,2023-11-27,1,4892,109,1,0,0,0
19,2023-11-28,2,4712,116,1,0,0,0
19,2023-11-29,3,5949,137,1,1,0,0
19,2023-11-30,4,4999,108,1,0,0,0
19,2023-12-01,5,5379,112,1,0,0,0
19,2023-12-02,6,7180,149,1,0,0,0
19,2023-12-03,7,0,0,0,0,0,0
19,2023-12-04,1,4616,100,1,0,0,0
19,2023-12-05,2,4166,96,1,0,0,0
19,2023-12-06,3,4779,106,1,0,0,0
19,2023-12-07,4,4731,118,1,0,0,0
19,2023-12-08,5,5202,119,1,0,0,0
19,2023-12-09,6,8553,198,1,1,0,0
19,2023-12-10,7,0,0,0,0,0,0
19,2023-12-11,1,4464,112,1,0,0,0
19,2023-12-12,2,4417,93,1,0,0,0
19,2023-12-13,3,5005,90,1,0,0,0
19,2023-12-14,4,4801,101,1,0,0,0
19,2023-12-15,5,6510,144,1,1,0,0
19,2023-12-16,6,9231,200,1,1,0,0
19,2023-12-17,7,0,0,0,0,0,0
19,2023-12-18,1,4750,100,1,0,0,0
19,2023-12-19,2,4578,101,1,0,0,0
19,2023-12-20,3,6180,166,1,1,0,0
19,2023-12-21,4,6465,136,1,1,0,0
19,2023-12-22,5,5494,128,1,0,0,0
19,2023-12-23,6,6577,156,1,0,0,0
19,2023-12-24,7,7350,172,1,1,0,0
19,2023-12-25,1,5826,134,1,1,a,0
19,2023-12-26,2,4836,108,1,0,0,0
19,2023-12-27,3,5790,132,1,1,0,0
19,2023-12-28,4,4930,104,1,0,0,0
19,2023-12-29,5,5127,102,1,0,0,0
19,2023-12-30,6,9249,210,1,1,0,0
19,2023-12-31,7,6159,156,1,0,0,0
19,2024-01-01,1,5792,124,1,1,a,0
19,2024-01-02,2,4600,100,1,0,0,0
19,2024-01-03,3,4660,121,1,0,0,0
19,2024-01-04,4,4838,110,1,0,0,0
19,2024-01-05,5,5738,112,1,0,0,0
19,2024-01-06,6,6952,183,1,0,0,0
19,2024-01-07,7,0,0,0,1,0,0
19,2024-01-08,1,4753,103,1,0,0,0
19,2024-01-09,2,6034,115,1,1,0,0
19,2024-01-10,3,4769,107,1,0,0,0
19,2024-01-11,4,6622,155,1,1,0,0
19,2024-01-12,5,6076,146,1,0,0,0
19,2024-01-13,6,6536,145,1,0,0,0
19,2024-01-14,7,0,0,0,0,0,0
19,2024-01-15,1,4742,107,1,0,0,0
19,2024-01-16,2,4493,100,1,0,0,0
19,2024-01-17,3,4972,87,1,0,0,0
19,2024-01-18,4,6643,149,1,1,0,0
19,2024-01-19,5,6268,143,1,1,0,0
19,2024-01-20,6,8027,167,1,1,0,0
19,2024-01-21,7,6314,144,1,0,0,0
19,2024-01-22,1,5894,131,1,1,0,0
19,2024-01-23,2,5860,118,1,1,0,0
19,2024-01-24,3,4620,101,1,0,0,0
19,2024-01-25,4,5052,120,1,0,0,0
19,2024-01-26,5,5954,126,1,0,0,0
19,2024-01-27,6,7344,145,1,0,0,0
19,2024-01-28,7,0,0,0,0,0,0
19,2024-01-29,1,4357,93,1,0,0,0
19,2024-01-30,2,6060,138,1,1,0,0
19,2024-01-31,3,4890,115,1,0,0,0
19,2024-02-01,4,4895,115,1,0,0,0
19,2024-02-02,5,7201,146,1,1,0,0
19,2024-02-03,6,8592,199,1,1,0,0
19,2024-02-04,7,0,0,0,1,0,0
19,2024-02-05,1,5079,113,1,0,0,0
19,2024-02-06,2,4718,112,1,0,0,0
19,2024-02-07,3,4792,96,1,0,0,0
19,2024-02-08,4,4912,100,1,0,0,0
19,2024-02-09,5,5697,122,1,0,0,0
19,2024-02-10,6,7034,160,1,0,0,0
19,2024-02-11,7,0,0,0,1,0,0
19,2024-02-12,1,4456,93,1,0,0,0
19,2024-02-13,2,4659,114,1,0,0,0
19,2024-02-14,3,4971,102,1,0,0,0
19,2024-02-15,4,6380,137,1,1,0,0
19,2024-02-16,5,5442,120,1,0,0,0
19,2024-02-17,6,7644,195,1,0,0,0
19,2024-02-18,7,0,0,0,0,0,0
19,2024-02-19,1,4980,118,1,0,0,0
19,2024-02-20,2,4540,99,1,0,0,0
19,2024-02-21,3,4813,89,1,0,0,0
19,2024-02-22,4,5197,122,1,0,0,0
19,2024-02-23,5,6624,152,1,1,0,0
19,2024-02-24,6,7452,174,1,0,0,0
19,2024-02-25,7,7310,157,1,1,0,0
19,2024-02-26,1,5066,108,1,0,0,0
19,2024-02-27,2,4604,108,1,0,0,0
19,2024-02-28,3,5365,111,1,0,0,0
19,2024-02-29,4,5185,115,1,0,0,0
19,2024-03-01,5,5763,124,1,0,0,0
19,2024-03-02,6,6973,143,1,0,0,0
19,2024-03-03,7,7452,169,1,1,0,0
19,2024-03-04,1,5857,137,1,1,0,0
19,2024-03-05,2,5436,126,1,1,0,0
19,2024-03-06,3,4879,109,1,0,0,0
19,2024-03-07,4,818,16,1,0,0,0
19,2024-03-08,5,5608,123,1,0,0,0
19,2024-03-09,6,7128,136,1,0,0,0
19,2024-03-10,7,0,0,0,0,0,0
19,2024-03-11,1,5366,112,1,0,0,0
19,2024-03-12,2,6078,144,1,1,0,0
19,2024-03-13,3,4542,81,1,0,0,0
19,2024-03-14,4,4958,117,1,0,0,0
19,2024-03-15,5,5522,114,1,0,0,0
19,2024-03-16,6,6985,154,1,0,0,0
19,2024-03-17,7,0,0,0,1,0,0
19,2024-03-18,1,4694,112,1,0,0,0
19,2024-03-19,2,5757,126,1,1,0,0
19,2024-03-20,3,4980,104,1,0,0,0
19,2024-03-21,4,4712,112,1,0,0,0
19,2024-03-22,5,6296,130,1,1,0,0
19,2024-03-23,6,7709,172,1,0,0,0
19,2024-03-24,7,0,0,0,0,0,0
19,2024-03-25,1,4930,117,1,0,0,0
19,2024-03-26,2,4806,90,1,0,0,0
19,2024-03-27,3,6129,140,1,1,0,0
19,2024-03-28,4,7355,158,1,1,0,0
19,2024-03-29,5,7134,153,1,1,0,0
19,2024-03-30,6,8217,183,1,0,0,0
19,2024-03-31,7,0,0,0,0,0,0
19,2024-04-01,1,4960,110,1,0,0,0
19,2024-04-02,2,5865,127,1,1,0,0
19,2024-04-03,3,11165,228,1,1,0,0
19,2024-04-04,4,9033,199,1,0,0,0
19,2024-04-05,5,10425,199,1,0,0,0
19,2024-04-06,6,13546,326,1,0,0,0
19,2024-04-07,7,0,0,0,0,0,0
19,2024-04-08,1,9883,214,1,0,0,0
19,2024-04-09,2,8214,191,1,0,0,0
19,2024-04-10,3,0,0,0,0,b,0
19,2024-04-11,4,0,0,0,1,b,0
19,2024-04-12,5,6681,132,1,1,0,0
19,2024-04-13,6,9090,179,1,1,0,0
19,2024-04-14,7,5964,103,1,0,0,0
19,2024-04-15,1,4972,116,1,0,0,0
19,2024-04-16,2,4996,120,1,0,0,0
19,2024-04-17,3,4723,107,1,0,0,0
19,2024-04-18,4,5044,123,1,0,0,0
19,2024-04-19,5,7340,173,1,1,0,0
19,2024-04-20,6,7063,165,1,0,0,0
19,2024-04-21,7,0,0,0,1,0,0
19,2024-04-22,1,6277,152,1,1,0,0
19,2024-04-23,2,5786,121,1,1,0,0
19,2024-04-24,3,6030,140,1,1,0,0
19,2024-04-25,4,5176,124,1,0,0,0
19,2024-04-26,5,7111,151,1,1,0,0
19,2024-04-27,6,7679,176,1,0,0,0
19,2024-04-28,7,6986,157,1,1,0,0
19,2024-04-29,1,5430,111,1,0,0,0
19,2024-04-30,2,4434,106,1,0,0,0
19,2024-05-01,3,4892,105,1,0,0,0
19,2024-05-02,4,4929,116,1,0,0,0
19,2024-05-03,5,5712,115,1,0,0,0
19,2024-05-04,6,7333,154,1,0,0,0
19,2024-05-05,7,7525,160,1,1,0,0
19,2024-05-06,1,4950,105,1,0,0,0
19,2024-05-07,2,5091,105,1,0,0,0
19,2024-05-08,3,5036,102,1,0,0,0
19,2024-05-09,4,5519,123,1,0,0,0
19,2024-05-10,5,5206,113,1,0,0,0
19,2024-05-11,6,8170,185,1,1,0,0
19,2024-05-12,7,6018,137,1,0,0,0
19,2024-05-13,1,4974,98,1,0,0,0
19,2024-05-14,2,4658,106,1,0,0,0
19,2024-05-15,3,5002,116,1,0,0,0
19,2024-05-16,4,5447,114,1,0,0,0
19,2024-05-17,5,7382,175,1,1,0,0
19,2024-05-18,6,7227,154,1,0,0,0
19,2024-05-19,7,6048,144,1,0,0,0
19,2024-05-20,1,5087,83,1,0,0,0
19,2024-05-21,2,4499,110,1,0,0,0
19,2024-05-22,3,6013,148,1,1,0,0
19,2024-05-23,4,5416,120,1,0,0,0
19,2024-05-24,5,1315,32,1,0,0,0
19,2024-05-25,6,8699,189,1,1,0,0
19,2024-05-26,7,5635,122,1,0,0,0
19,2024-05-27,1,6418,160,1,1,0,0
19,2024-05-28,2,4540,97,1,0,0,0
19,2024-05-29,3,5219,127,1,0,0,0
19,2024-05-30,4,6367,131,1,1,0,0
19,2024-05-31,5,7802,177,1,1,0,0
19,2024-06-01,6,7419,141,1,0,0,1
19,2024-06-02,7,7910,177,1,1,0,1
19,2024-06-03,1,5030,125,1,0,0,1
19,2024-06-04,2,4700,104,1,0,0,1
19,2024-06-05,3,5025,120,1,0,0,1
19,2024-06-06,4,5195,110,1,0,0,1
19,2024-06-07,5,7011,160,1,1,0,1
19,2024-06-08,6,7711,175,1,0,0,1
19,2024-06-09,7,6772,145,1,0,0,1
19,2024-06-10,1,6191,139,1,1,0,1
19,2024-06-11,2,4988,118,1,0,0,1
19,2024-06-12,3,5169,113,1,0,0,1
19,2024-06-13,4,4522,93,1,0,0,1
19,2024-06-14,5,5891,121,1,0,0,1
19,2024-06-15,6,9447,214,1,1,0,1
19,2024-06-16,7,5650,126,1,0,0,1
19,2024-06-17,1,4491,110,1,0,0,1
19,2024-06-18,2,6158,144,1,1,0,1
19,2024-06-19,3,5458,125,1,0,0,1
19,2024-06-20,4,5113,103,1,0,0,1
19,2024-06-21,5,7079,157,1,1,0,1
19,2024-06-22,6,8260,166,1,0,0,1
19,2024-06-23,7,0,0,0,0,0,1
19,2024-06-24,1,4639,99,1,0,0,1
19,2024-06-25,2,4658,98,1,0,0,1
19,2024-06-26,3,5602,122,1,0,0,1
19,2024-06-27,4,5044,116,1,0,0,1
19,2024-06-28,5,7017,126,1,1,0,1
19,2024-06-29,6,7666,161,1,0,0,1
19,2024-06-30,7,0,0,0,0,0,1
20,2022-01-01,6,8853,203,1,1,a,0
20,2022-01-02,7,0,0,0,0,0,0
20,2022-01-03,1,5735,133,1,1,0,0
20,2022-01-04,2,4793,96,1,0,0,0
20,2022-01-05,3,4425,119,1,0,0,0
20,2022-01-06,4,6139,145,1,1,0,0
20,2022-01-07,5,5241,112,1,0,0,0
20,2022-01-08,6,9390,222,1,1,0,0
20,2022-01-09,7,5608,135,1,0,0,0
20,2022-01-10,1,5076,104,1,0,0,0
20,2022-01-11,2,4433,118,1,0,0,0
20,2022-01-12,3,4762,107,1,0,0,0
20,2022-01-13,4,6447,137,1,1,0,0
20,2022-01-14,5,5150,126,1,0,0,0
20,2022-01-15,6,9350,194,1,1,0,0
20,2022-01-16,7,5676,109,1,0,0,0
20,2022-01-17,1,4735,94,1,0,0,0
20,2022-01-18,2,4661,89,1,0,0,0
20,2022-01-19,3,4727,100,1,0,0,0
20,2022-01-20,4,4703,110,1,0,0,0
20,2022-01-21,5,5444,124,1,0,0,0
20,2022-01-22,6,6268,136,1,0,0,0
20,2022-01-23,7,0,0,0,1,0,0
20,2022-01-24,1,5769,126,1,1,0,0
20,2022-01-25,2,4898,106,1,0,0,0
20,2022-01-26,3,5115,114,1,0,0,0
20,2022-01-27,4,5151,98,1,0,0,0
20,2022-01-28,5,5011,130,1,0,0,0
20,2022-01-29,6,7087,141,1,0,0,0
20,2022-01-30,7,5445,111,1,0,0,0
20,2022-01-31,1,5802,129,1,1,0,0
20,2022-02-01,2,4772,117,1,0,0,0
20,2022-02-02,3,4920,118,1,0,0,0
20,2022-02-03,4,5235,106,1,0,0,0
20,2022-02-04,5,6320,122,1,1,0,0
20,2022-02-05,6,6637,158,1,0,0,0
20,2022-02-06,7,7663,162,1,1,0,0
20,2022-02-07,1,6276,143,1,1,0,0
20,2022-02-08,2,5700,129,1,1,0,0
20,2022-02-09,3,5958,121,1,1,0,0
20,2022-02-10,4,5218,115,1,0,0,0
20,2022-02-11,5,5594,133,1,0,0,0
20,2022-02-12,6,7221,162,1,0,0,0
20,2022-02-13,7,0,0,0,0,0,0
20,2022-02-14,1,4943,111,1,0,0,0
20,2022-02-15,2,4526,106,1,0,0,0
20,2022-02-16,3,4448,100,1,0,0,0
20,2022-02-17,4,5932,133,1,1,0,0
20,2022-02-18,5,5297,119,1,0,0,0
20,2022-02-19,6,7541,148,1,0,0,0
20,2022-02-20,7,0,0,0,1,0,0
20,2022-02-21,1,4774,105,1,0,0,0
20,2022-02-22,2,5122,111,1,1,0,0
20,2022-02-23,3,6268,134,1,1,0,0
20,2022-02-24,4,4752,100,1,0,0,0
20,2022-02-25,5,5577,127,1,0,0,0
20,2022-02-26,6,7172,163,1,0,0,0
20,2022-02-27,7,7394,184,1,1,0,0
20,2022-02-28,1,4770,105,1,0,0,0
20,2022-03-01,2,5029,124,1,0,0,0
20,2022-03-02,3,6062,106,1,1,0,0
20,2022-03-03,4,5515,129,1,0,0,0
20,2022-03-04,5,7069,142,1,1,0,0
20,2022-03-05,6,8931,224,1,1,0,0
20,2022-03-06,7,0,0,0,1,0,0
20,2022-03-07,1,5935,128,1,1,0,0
20,2022-03-08,2,4701,101,1,0,0,0
20,2022-03-09,3,6115,117,1,1,0,0
20,2022-03-10,4,5028,104,1,0,0,0
20,2022-03-11,5,6072,133,1,0,0,0
20,2022-03-12,6,7864,164,1,0,0,0
20,2022-03-13,7,7312,156,1,1,0,0
20,2022-03-14,1,6259,140,1,1,0,0
20,2022-03-15,2,6104,114,1,1,0,0
20,2022-03-16,3,560,14,1,0,0,0
20,2022-03-17,4,6389,145,1,1,0,0
20,2022-03-18,5,7105,140,1,1,0,0
20,2022-03-19,6,7277,161,1,0,0,0
20,2022-03-20,7,0,0,0,0,0,0
20,2022-03-21,1,4704,104,1,0,0,0
20,2022-03-22,2,4339,100,1,0,0,0
20,2022-03-23,3,4966,117,1,0,0,0
20,2022-03-24,4,5093,99,1,0,0,0
20,2022-03-25,5,5704,120,1,0,0,0
20,2022-03-26,6,6814,176,1,0,0,0
20,2022-03-27,7,0,0,0,0,0,0
20,2022-03-28,1,4839,113,1,0,0,0
20,2022-03-29,2,6426,157,1,1,0,0
20,2022-03-30,3,5031,113,1,0,0,0
20,2022-03-31,4,4845,103,1,0,0,0
20,2022-04-01,5,5149,120,1,0,0,0
20,2022-04-02,6,7179,166,1,0,0,0
20,2022-04-03,7,6863,147,1,1,0,0
20,2022-04-04,1,4563,101,1,0,0,0
20,2022-04-05,2,4409,95,1,0,0,0
20,2022-04-06,3,5880,120,1,1,0,0
20,2022-04-07,4,5368,120,1,0,0,0
20,2022-04-08,5,5265,136,1,0,0,0
20,2022-04-09,6,6964,166,1,0,0,0
20,2022-04-10,7,5384,138,1,0,0,0
20,2022-04-11,1,5426,126,1,1,0,0
20,2022-04-12,2,4577,109,1,0,0,0
20,2022-04-13,3,6130,134,1,1,0,0
20,2022-04-14,4,5906,125,1,1,0,0
20,2022-04-15,5,5122,108,1,0,0,0
20,2022-04-16,6,6461,155,1,0,0,0
20,2022-04-17,7,0,0,0,0,0,0
20,2022-04-18,1,4977,113,1,0,0,0
20,2022-04-19,2,4318,98,1,0,0,0
20,2022-04-20,3,4705,115,1,0,0,0
20,2022-04-21,4,5295,104,1,0,0,0
20,2022-04-22,5,6867,154,1,1,0,0
20,2022-04-23,6,7106,179,1,0,0,0
20,2022-04-24,7,5931,140,1,0,0,0
20,2022-04-25,1,10480,207,1,1,0,0
20,2022-04-26,2,8060,187,1,0,0,0
20,2022-04-27,3,8904,200,1,0,0,0
20,2022-04-28,4,8432,204,1,0,0,0
20,2022-04-29,5,9207,198,1,0,0,0
20,2022-04-30,6,12433,294,1,0,0,0
20,2022-05-01,7,10870,216,1,0,0,0
20,2022-05-02,1,0,0,0,0,b,0
20,2022-05-03,2,0,0,0,1,b,0
20,2022-05-04,3,5084,114,1,0,0,0
20,2022-05-05,4,5390,110,1,0,0,0
20,2022-05-06,5,5584,135,1,0,0,0
20,2022-05-07,6,7396,178,1,0,0,0
20,2022-05-08,7,6387,162,1,0,0,0
20,2022-05-09,1,5766,125,1,1,0,0
20,2022-05-10,2,4620,103,1,0,0,0
20,2022-05-11,3,5281,115,1,0,0,0
20,2022-05-12,4,4813,106,1,0,0,0
20,2022-05-13,5,5627,112,1,0,0,0
20,2022-05-14,6,6956,173,1,0,0,0
20,2022-05-15,7,6252,133,1,0,0,0
20,2022-05-16,1,4506,96,1,0,0,0
20,2022-05-17,2,4669,87,1,0,0,0
20,2022-05-18,3,4643,95,1,0,0,0
20,2022-05-19,4,4689,109,1,0,0,0
20,2022-05-20,5,5063,106,1,0,0,0
20,2022-05-21,6,8919,176,1,1,0,0
20,2022-05-22,7,0,0,0,0,0,0
20,2022-05-23,1,6004,148,1,1,0,0
20,2022-05-24,2,4749,105,1,0,0,0
20,2022-05-25,3,4802,118,1,0,0,0
20,2022-05-26,4,5319,118,1,0,0,0
20,2022-05-27,5,5809,132,1,0,0,0
20,2022-05-28,6,7253,162,1,0,0,0
20,2022-05-29,7,0,0,0,0,0,0
20,2022-05-30,1,5870,133,1,1,0,0
20,2022-05-31,2,5160,109,1,0,0,0
20,2022-06-01,3,5116,107,1,0,0,1
20,2022-06-02,4,5053,101,1,0,0,1
20,2022-06-03,5,6958,147,1,1,0,1
20,2022-06-04,6,8851,229,1,1,0,1
20,2022-06-05,7,0,0,0,0,0,1
20,2022-06-06,1,6095,121,1,1,0,1
20,2022-06-07,2,4309,98,1,0,0,1
20,2022-06-08,3,4865,109,1,0,0,1
20,2022-06-09,4,5055,111,1,0,0,1
20,2022-06-10,5,7029,147,1,1,0,1
20,2022-06-11,6,9122,215,1,1,0,1
20,2022-06-12,7,7382,191,1,1,0,1
20,2022-06-13,1,4923,112,1,0,0,1
20,2022-06-14,2,5860,126,1,1,0,1
20,2022-06-15,3,5179,132,1,0,0,1
20,2022-06-16,4,5265,95,1,0,0,1
20,2022-06-17,5,6269,111,1,0,0,1
20,2022-06-18,6,7502,150,1,0,0,1
20,2022-06-19,7,5687,151,1,0,0,1
20,2022-06-20,1,4797,118,1,0,0,1
20,2022-06-21,2,5760,127,1,1,0,1
20,2022-06-22,3,576,13,1,0,0,1
20,2022-06-23,4,5387,106,1,0,0,1
20,2022-06-24,5,6943,160,1,1,0,1
20,2022-06-25,6,7055,180,1,0,0,1
20,2022-06-26,7,6071,129,1,0,0,1
20,2022-06-27,1,4646,101,1,0,0,1
20,2022-06-28,2,4530,111,1,0,0,1
20,2022-06-29,3,5048,121,1,0,0,1
20,2022-06-30,4,4658,105,1,0,0,1
20,2022-07-01,5,6900,150,1,1,0,1
20,2022-07-02,6,7586,169,1,0,0,1
20,2022-07-03,7,0,0,0,0,0,1
20,2022-07-04,1,4425,99,1,0,0,1
20,2022-07-05,2,4405,101,1,0,0,1
20,2022-07-06,3,4285,104,1,0,0,1
20,2022-07-07,4,7015,170,1,1,0,1
20,2022-07-08,5,7126,169,1,1,0,1
20,2022-07-09,6,7044,166,1,0,0,1
20,2022-07-10,7,0,0,0,1,0,1
20,2022-07-11,1,5396,123,1,0,0,1
20,2022-07-12,2,4910,110,1,0,0,1
20,2022-07-13,3,4940,95,1,0,0,1
20,2022-07-14,4,5448,118,1,0,0,1
20,2022-07-15,5,7234,145,1,1,0,1
20,2022-07-16,6,7118,154,1,0,0,1
20,2022-07-17,7,5770,127,1,0,0,1
20,2022-07-18,1,5908,142,1,1,0,1
20,2022-07-19,2,5651,115,1,1,0,1
20,2022-07-20,3,6572,155,1,1,0,1
20,2022-07-21,4,5011,111,1,0,0,1
20,2022-07-22,5,6072,124,1,0,0,1
20,2022-07-23,6,7011,127,1,0,0,1
20,2022-07-24,7,5783,127,1,0,0,1
20,2022-07-25,1,5961,133,1,1,0,1
20,2022-07-26,2,5696,126,1,1,0,1
20,2022-07-27,3,6054,143,1,1,0,1
20,2022-07-28,4,5296,126,1,0,0,1
20,2022-07-29,5,7550,182,1,1,0,1
20,2022-07-30,6,9297,202,1,1,0,1
20,2022-07-31,7,5617,119,1,0,0,1
20,2022-08-01,1,4741,104,1,0,0,0
20,2022-08-02,2,5803,131,1,1,0,0
20,2022-08-03,3,5424,122,1,0,0,0
20,2022-08-04,4,6772,148,1,1,0,0
20,2022-08-05,5,6055,127,1,0,0,0
20,2022-08-06,6,8851,172,1,1,0,0
20,2022-08-07,7,0,0,0,1,0,0
20,2022-08-08,1,5037,107,1,0,0,0
20,2022-08-09,2,5849,121,1,1,0,0
20,2022-08-10,3,5081,124,1,0,0,0
20,2022-08-11,4,5279,116,1,0,0,0
20,2022-08-12,5,5606,126,1,0,0,0
20,2022-08-13,6,7724,183,1,0,0,0
20,2022-08-14,7,0,0,0,1,0,0
20,2022-08-15,1,6165,142,1,1,0,0
20,2022-08-16,2,4960,110,1,0,0,0
20,2022-08-17,3,5444,132,1,0,a,0
20,2022-08-18,4,5217,115,1,0,0,0
20,2022-08-19,5,6089,134,1,0,0,0
20,2022-08-20,6,9758,206,1,1,0,0
20,2022-08-21,7,0,0,0,0,0,0
20,2022-08-22,1,4994,108,1,0,0,0
20,2022-08-23,2,5300,127,1,0,0,0
20,2022-08-24,3,5230,92,1,0,0,0
20,2022-08-25,4,5991,123,1,1,0,0
20,2022-08-26,5,5748,145,1,0,0,0
20,2022-08-27,6,7043,139,1,0,0,0
20,2022-08-28,7,8095,163,1,1,0,0
20,2022-08-29,1,6206,151,1,1,0,0
20,2022-08-30,2,5622,113,1,1,0,0
20,2022-08-31,3,6572,131,1,1,0,0
20,2022-09-01,4,6930,158,1,1,0,0
20,2022-09-02,5,5634,146,1,0,0,0
20,2022-09-03,6,7229,168,1,0,0,0
20,2022-09-04,7,0,0,0,0,0,0
20,2022-09-05,1,5607,123,1,1,0,0
20,2022-09-06,2,4995,120,1,0,0,0
20,2022-09-07,3,5471,116,1,0,0,0
20,2022-09-08,4,5041,95,1,0,0,0
20,2022-09-09,5,7863,168,1,1,0,0
20,2022-09-10,6,7776,166,1,0,0,0
20,2022-09-11,7,6014,125,1,0,0,0
20,2022-09-12,1,5098,116,1,0,0,0
20,2022-09-13,2,6523,125,1,1,0,0
20,2022-09-14,3,5089,120,1,0,0,0
20,2022-09-15,4,5322,107,1,0,0,0
20,2022-09-16,5,5616,123,1,0,0,0
20,2022-09-17,6,7376,148,1,0,0,0
20,2022-09-18,7,6260,142,1,0,0,0
20,2022-09-19,1,4905,96,1,0,0,0
20,2022-09-20,2,4719,106,1,0,0,0
20,2022-09-21,3,6692,138,1,1,0,0
20,2022-09-22,4,5355,115,1,0,0,0
20,2022-09-23,5,5642,142,1,0,0,0
20,2022-09-24,6,10107,209,1,1,0,0
20,2022-09-25,7,0,0,0,1,0,0
20,2022-09-26,1,5210,111,1,0,0,0
20,2022-09-27,2,4560,99,1,0,0,0
20,2022-09-28,3,6468,149,1,1,0,0
20,2022-09-29,4,6740,148,1,1,0,0
20,2022-09-30,5,5332,113,1,0,0,0
20,2022-10-01,6,7891,184,1,0,0,0
20,2022-10-02,7,0,0,0,0,0,0
20,2022-10-03,1,5246,138,1,0,0,0
20,2022-10-04,2,4784,107,1,0,0,0
20,2022-10-05,3,5204,118,1,0,0,0
20,2022-10-06,4,5387,125,1,0,0,0
20,2022-10-07,5,5856,132,1,0,0,0
20,2022-10-08,6,7644,170,1,0,0,0
20,2022-10-09,7,0,0,0,0,0,0
20,2022-10-10,1,4682,110,1,0,0,0
20,2022-10-11,2,4370,109,1,0,0,0
20,2022-10-12,3,6166,138,1,1,0,0
20,2022-10-13,4,5465,112,1,0,0,0
20,2022-10-14,5,6887,159,1,1,0,0
20,2022-10-15,6,7871,162,1,0,0,0
20,2022-10-16,7,0,0,0,0,0,0
20,2022-10-17,1,5103,106,1,0,0,0
20,2022-10-18,2,6044,143,1,1,0,0
20,2022-10-19,3,5360,102,1,0,0,0
20,2022-10-20,4,5571,153,1,0,0,0
20,2022-10-21,5,5757,138,1,0,0,0
20,2022-10-22,6,9399,225,1,1,0,0
20,2022-10-23,7,7318,170,1,1,0,0
20,2022-10-24,1,5066,121,1,0,0,0
20,2022-10-25,2,4380,91,1,0,0,0
20,2022-10-26,3,5033,114,1,0,0,0
20,2022-10-27,4,5051,108,1,0,0,0
20,2022-10-28,5,5807,115,1,0,0,0
20,2022-10-29,6,9003,217,1,1,0,0
20,2022-10-30,7,6911,141,1,1,0,0
20,2022-10-31,1,4839,112,1,0,0,0
20,2022-11-01,2,4777,112,1,0,0,0
20,2022-11-02,3,5389,123,1,0,0,0
20,2022-11-03,4,5116,115,1,0,0,0
20,2022-11-04,5,5595,125,1,0,0,0
20,2022-11-05,6,7066,164,1,0,0,0
20,2022-11-06,7,0,0,0,0,0,0
20,2022-11-07,1,4956,123,1,0,0,0
20,2022-11-08,2,6211,135,1,1,0,0
20,2022-11-09,3,4730,115,1,0,0,0
20,2022-11-10,4,4830,106,1,0,0,0
20,2022-11-11,5,5589,115,1,0,0,0
20,2022-11-12,6,8138,170,1,0,0,0
20,2022-11-13,7,0,0,0,1,0,0
20,2022-11-14,1,6080,145,1,1,0,0
20,2022-11-15,2,4914,100,1,0,0,0
20,2022-11-16,3,6218,142,1,1,0,0
20,2022-11-17,4,5431,131,1,0,0,0
20,2022-11-18,5,7025,128,1,1,0,0
20,2022-11-19,6,7126,167,1,0,0,0
20,2022-11-20,7,6981,181,1,0,0,0
20,2022-11-21,1,4794,108,1,0,0,0
20,2022-11-22,2,6393,153,1,1,0,0
20,2022-11-23,3,4902,114,1,0,0,0
20,2022-11-24,4,6130,133,1,1,0,0
20,2022-11-25,5,5847,125,1,0,0,0
20,2022-11-26,6,8809,204,1,1,0,0
20,2022-11-27,7,0,0,0,0,0,0
20,2022-11-28,1,6048,128,1,1,0,0
20,2022-11-29,2,5236,122,1,0,0,0
20,2022-11-30,3,4756,99,1,0,0,0
20,2022-12-01,4,6878,161,1,1,0,0
20,2022-12-02,5,7460,159,1,1,0,0
20,2022-12-03,6,7481,159,1,0,0,0
20,2022-12-04,7,5934,132,1,0,0,0
20,2022-12-05,1,5091,118,1,0,0,0
20,2022-12-06,2,4992,109,1,0,0,0
20,2022-12-07,3,5264,130,1,0,0,0
20,2022-12-08,4,5260,107,1,0,0,0
20,2022-12-09,5,5557,147,1,0,0,0
20,2022-12-10,6,9892,237,1,1,0,0
20,2022-12-11,7,0,0,0,1,0,0
20,2022-12-12,1,4901,114,1,0,0,0
20,2022-12-13,2,4698,90,1,0,0,0
20,2022-12-14,3,5410,107,1,0,0,0
20,2022-12-15,4,5711,124,1,0,0,0
20,2022-12-16,5,6075,133,1,0,0,0
20,2022-12-17,6,7838,199,1,0,0,0
20,2022-12-18,7,6552,150,1,0,0,0
20,2022-12-19,1,4974,119,1,0,0,0
20,2022-12-20,2,6853,152,1,1,0,0
20,2022-12-21,3,6132,128,1,1,0,0
20,2022-12-22,4,5285,123,1,0,0,0
20,2022-12-23,5,5687,128,1,0,0,0
20,2022-12-24,6,9539,219,1,1,0,0
20,2022-12-25,7,6737,147,1,0,a,0
20,2022-12-26,1,6267,125,1,1,0,0
20,2022-12-27,2,6334,165,1,1,0,0
20,2022-12-28,3,5544,116,1,1,0,0
20,2022-12-29,4,5475,120,1,0,0,0
20,2022-12-30,5,6221,144,1,0,0,0
20,2022-12-31,6,9584,183,1,1,0,0
20,2023-01-01,7,5880,145,1,0,a,0
20,2023-01-02,1,4778,99,1,0,0,0
20,2023-01-03,2,4833,115,1,0,0,0
20,2023-01-04,3,4884,96,1,0,0,0
20,2023-01-05,4,7240,170,1,1,0,0
20,2023-01-06,5,6075,114,1,0,0,0
20,2023-01-07,6,10232,251,1,1,0,0
20,2023-01-08,7,0,0,0,1,0,0
20,2023-01-09,1,4897,111,1,0,0,0
20,2023-01-10,2,4805,114,1,0,0,0
20,2023-01-11,3,6359,131,1,1,0,0
20,2023-01-12,4,5246,110,1,0,0,0
20,2023-01-13,5,7887,159,1,1,0,0
20,2023-01-14,6,9996,203,1,1,0,0
20,2023-01-15,7,6317,144,1,0,0,0
20,2023-01-16,1,5847,129,1,1,0,0
20,2023-01-17,2,5062,98,1,0,0,0
20,2023-01-18,3,5136,114,1,0,0,0
20,2023-01-19,4,7209,164,1,1,0,0
20,2023-01-20,5,7779,182,1,1,0,0
20,2023-01-21,6,7715,190,1,0,0,0
20,2023-01-22,7,0,0,0,0,0,0
20,2023-01-23,1,5075,119,1,0,0,0
20,2023-01-24,2,4834,107,1,0,0,0
20,2023-01-25,3,5332,122,1,0,0,0
20,2023-01-26,4,5089,128,1,0,0,0
20,2023-01-27,5,6045,123,1,0,0,0
20,2023-01-28,6,8528,209,1,1,0,0
20,2023-01-29,7,0,0,0,0,0,0
20,2023-01-30,1,4893,104,1,0,0,0
20,2023-01-31,2,6086,143,1,1,0,0
20,2023-02-01,3,6671,147,1,1,0,0
20,2023-02-02,4,6199,121,1,1,0,0
20,2023-02-03,5,5786,122,1,0,0,0
20,2023-02-04,6,7450,162,1,0,0,0
20,2023-02-05,7,6481,151,1,0,0,0
20,2023-02-06,1,5078,101,1,0,0,0
20,2023-02-07,2,589,13,1,0,0,0
20,2023-02-08,3,4961,103,1,0,0,0
20,2023-02-09,4,5266,116,1,0,0,0
20,2023-02-10,5,5494,140,1,0,0,0
20,2023-02-11,6,8326,150,1,0,0,0
20,2023-02-12,7,0,0,0,0,0,0
20,2023-02-13,1,4902,113,1,0,0,0
20,2023-02-14,2,4758,107,1,0,0,0
20,2023-02-15,3,4936,124,1,0,0,0
20,2023-02-16,4,5526,128,1,0,0,0
20,2023-02-17,5,5502,125,1,0,0,0
20,2023-02-18,6,7645,155,1,0,0,0
20,2023-02-19,7,0,0,0,0,0,0
20,2023-02-20,1,6243,127,1,1,0,0
20,2023-02-21,2,4777,109,1,0,0,0
20,2023-02-22,3,5482,110,1,0,0,0
20,2023-02-23,4,6409,162,1,1,0,0
20,2023-02-24,5,5925,133,1,0,0,0
20,2023-02-25,6,7772,189,1,0,0,0
20,2023-02-26,7,0,0,0,0,0,0
20,2023-02-27,1,6056,136,1,1,0,0
20,2023-02-28,2,4900,116,1,0,0,0
20,2023-03-01,3,5361,119,1,0,0,0
20,2023-03-02,4,5246,93,1,0,0,0
20,2023-03-03,5,6156,125,1,0,0,0
20,2023-03-04,6,7642,180,1,0,0,0
20,2023-03-05,7,7647,160,1,1,0,0
20,2023-03-06,1,4976,109,1,0,0,0
20,2023-03-07,2,5108,118,1,0,0,0
20,2023-03-08,3,5578,125,1,0,0,0
20,2023-03-09,4,5487,108,1,0,0,0
20,2023-03-10,5,7173,142,1,1,0,0
20,2023-03-11,6,8177,185,1,0,0,0
20,2023-03-12,7,6040,146,1,0,0,0
20,2023-03-13,1,5619,143,1,0,0,0
20,2023-03-14,2,5017,129,1,0,0,0
20,2023-03-15,3,5057,117,1,0,0,0
20,2023-03-16,4,7019,169,1,1,0,0
20,2023-03-17,5,5945,138,1,0,0,0
20,2023-03-18,6,9924,204,1,1,0,0
20,2023-03-19,7,7949,162,1,1,0,0
20,2023-03-20,1,6029,135,1,1,0,0
20,2023-03-21,2,5049,122,1,0,0,0
20,2023-03-22,3,5431,113,1,0,0,0
20,2023-03-23,4,6879,152,1,1,0,0
20,2023-03-24,5,8037,190,1,1,0,0
20,2023-03-25,6,9877,218,1,1,0,0
20,2023-03-26,7,0,0,0,0,0,0
20,2023-03-27,1,5244,128,1,0,0,0
20,2023-03-28,2,6188,176,1,1,0,0
20,2023-03-29,3,5403,108,1,0,0,0
20,2023-03-30,4,5580,123,1,0,0,0
20,2023-03-31,5,5685,147,1,0,0,0
20,2023-04-01,6,8095,181,1,0,0,0
20,2023-04-02,7,0,0,0,0,0,0
20,2023-04-03,1,5340,124,1,0,0,0
20,2023-04-04,2,4568,101,1,0,0,0
20,2023-04-05,3,5203,104,1,0,0,0
20,2023-04-06,4,5140,110,1,0,0,0
20,2023-04-07,5,5982,141,1,0,0,0
20,2023-04-08,6,10093,211,1,1,0,0
20,2023-04-09,7,6134,141,1,0,0,0
20,2023-04-10,1,5698,150,1,0,0,0
20,2023-04-11,2,5449,110,1,1,0,0
20,2023-04-12,3,6574,143,1,1,0,0
20,2023-04-13,4,5605,129,1,0,0,0
20,2023-04-14,5,5710,130,1,0,0,0
20,2023-04-15,6,13311,307,1,0,0,0
20,2023-04-16,7,0,0,0,0,0,0
20,2023-04-17,1,12868,300,1,1,0,0
20,2023-04-18,2,12652,272,1,1,0,0
20,2023-04-19,3,11795,251,1,1,0,0
20,2023-04-20,4,10588,232,1,0,0,0
20,2023-04-21,5,10927,270,1,0,0,0
20,2023-04-22,6,0,0,0,1,b,0
20,2023-04-23,7,0,0,0,0,b,0
20,2023-04-24,1,4928,96,1,0,0,0
20,2023-04-25,2,6899,167,1,1,0,0
20,2023-04-26,3,5841,142,1,0,0,0
20,2023-04-27,4,5403,119,1,0,0,0
20,2023-04-28,5,7984,205,1,1,0,0
20,2023-04-29,6,7790,173,1,0,0,0
20,2023-04-30,7,0,0,0,0,0,0
20,2023-05-01,1,4843,99,1,0,0,0
20,2023-05-02,2,5073,115,1,0,0,0
20,2023-05-03,3,4965,103,1,0,0,0
20,2023-05-04,4,5090,92,1,0,0,0
20,2023-05-05,5,6077,148,1,0,0,0
20,2023-05-06,6,9604,219,1,1,0,0
20,2023-05-07,7,6082,148,1,0,0,0
20,2023-05-08,1,6828,153,1,1,0,0
20,2023-05-09,2,5460,105,1,0,0,0
20,2023-05-10,3,5499,126,1,0,0,0
20,2023-05-11,4,5018,115,1,0,0,0
20,2023-05-12,5,6226,133,1,0,0,0
20,2023-05-13,6,10004,218,1,1,0,0
20,2023-05-14,7,0,0,0,0,0,0
20,2023-05-15,1,5342,116,1,0,0,0
20,2023-05-16,2,5006,114,1,0,0,0
20,2023-05-17,3,5150,115,1,0,0,0
20,2023-05-18,4,5219,115,1,0,0,0
20,2023-05-19,5,6388,138,1,0,0,0
20,2023-05-20,6,8397,161,1,0,0,0
20,2023-05-21,7,6382,131,1,0,0,0
20,2023-05-22,1,5519,120,1,0,0,0
20,2023-05-23,2,5537,107,1,0,0,0
20,2023-05-24,3,5415,111,1,0,0,0
20,2023-05-25,4,5535,128,1,0,0,0
20,2023-05-26,5,7859,166,1,1,0,0
20,2023-05-27,6,9461,221,1,1,0,0
20,2023-05-28,7,0,0,0,1,0,0
20,2023-05-29,1,5309,102,1,0,0,0
20,2023-05-30,2,6021,155,1,1,0,0
20,2023-05-31,3,5040,110,1,0,0,0
20,2023-06-01,4,6615,130,1,1,0,1
20,2023-06-02,5,6311,151,1,0,0,1
20,2023-06-03,6,7780,174,1,0,0,1
20,2023-06-04,7,0,0,0,0,0,1
20,2023-06-05,1,5639,118,1,0,0,1
20,2023-06-06,2,6595,139,1,1,0,1
20,2023-06-07,3,6531,157,1,1,0,1
20,2023-06-08,4,6625,141,1,1,0,1
20,2023-06-09,5,6258,133,1,0,0,1
20,2023-06-10,6,7542,173,1,0,0,1
20,2023-06-11,7,0,0,0,0,0,1
20,2023-06-12,1,6690,145,1,1,0,1
20,2023-06-13,2,5204,127,1,0,0,1
20,2023-06-14,3,6436,146,1,1,0,1
20,2023-06-15,4,5758,121,1,0,0,1
20,2023-06-16,5,6522,162,1,0,0,1
20,2023-06-17,6,9857,248,1,1,0,1
20,2023-06-18,7,6771,159,1,0,0,1
20,2023-06-19,1,5189,122,1,0,0,1
20,2023-06-20,2,5163,122,1,0,0,1
20,2023-06-21,3,7476,164,1,1,0,1
20,2023-06-22,4,5490,135,1,0,0,1
20,2023-06-23,5,6351,137,1,0,0,1
20,2023-06-24,6,7799,169,1,0,0,1
20,2023-06-25,7,6573,131,1,0,0,1
20,2023-06-26,1,5489,112,1,0,0,1
20,2023-06-27,2,4954,106,1,0,0,1
20,2023-06-28,3,6542,141,1,1,0,1
20,2023-06-29,4,7203,157,1,1,0,1
20,2023-06-30,5,6245,161,1,0,0,1
20,2023-07-01,6,10542,229,1,1,0,1
20,2023-07-02,7,6580,148,1,0,0,1
20,2023-07-03,1,5808,111,1,0,0,1
20,2023-07-04,2,5378,112,1,0,0,1
20,2023-07-05,3,5945,120,1,0,0,1
20,2023-07-06,4,6087,148,1,0,0,1
20,2023-07-07,5,6006,137,1,0,0,1
20,2023-07-08,6,10713,226,1,1,0,1
20,2023-07-09,7,6809,165,1,0,0,1
20,2023-07-10,1,5554,130,1,0,0,1
20,2023-07-11,2,5514,136,1,0,0,1
20,2023-07-12,3,5359,122,1,0,0,1
20,2023-07-13,4,5715,147,1,0,0,1
20,2023-07-14,5,6085,117,1,0,0,1
20,2023-07-15,6,11145,253,1,1,0,1
20,2023-07-16,7,7837,179,1,1,0,1
20,2023-07-17,1,4991,103,1,0,0,1
20,2023-07-18,2,5001,115,1,0,0,1
20,2023-07-19,3,6797,142,1,1,0,1
20,2023-07-20,4,5614,112,1,0,0,1
20,2023-07-21,5,6503,163,1,0,0,1
20,2023-07-22,6,8019,178,1,0,0,1
20,2023-07-23,7,6364,134,1,0,0,1
20,2023-07-24,1,6836,146,1,1,0,1
20,2023-07-25,2,5527,107,1,0,0,1
20,2023-07-26,3,5518,141,1,0,0,1
20,2023-07-27,4,5886,118,1,0,0,1
20,2023-07-28,5,6262,137,1,0,0,1
20,2023-07-29,6,9895,224,1,1,0,1
20,2023-07-30,7,0,0,0,0,0,1
20,2023-07-31,1,5410,106,1,0,0,1
20,2023-08-01,2,6868,174,1,1,0,0
20,2023-08-02,3,5892,115,1,0,0,0
20,2023-08-03,4,5618,122,1,0,0,0
20,2023-08-04,5,6449,139,1,0,0,0
20,2023-08-05,6,8462,203,1,0,0,0
20,2023-08-06,7,6681,143,1,0,0,0
20,2023-08-07,1,5495,124,1,0,0,0
20,2023-08-08,2,5278,134,1,0,0,0
20,2023-08-09,3,6937,151,1,1,0,0
20,2023-08-10,4,5807,122,1,0,0,0
20,2023-08-11,5,6067,146,1,0,0,0
20,2023-08-12,6,7363,161,1,0,0,0
20,2023-08-13,7,0,0,0,1,0,0
20,2023-08-14,1,5321,107,1,0,0,0
20,2023-08-15,2,7092,124,1,1,0,0
20,2023-08-16,3,5570,121,1,0,0,0
20,2023-08-17,4,7285,171,1,1,a,0
20,2023-08-18,5,6138,137,1,0,0,0
20,2023-08-19,6,7820,174,1,0,0,0
20,2023-08-20,7,6295,154,1,0,0,0
20,2023-08-21,1,6296,128,1,1,0,0
20,2023-08-22,2,5448,117,1,0,0,0
20,2023-08-23,3,5582,129,1,0,0,0
20,2023-08-24,4,6098,135,1,0,0,0
20,2023-08-25,5,8063,193,1,1,0,0
20,2023-08-26,6,10214,225,1,1,0,0
20,2023-08-27,7,0,0,0,0,0,0
20,2023-08-28,1,5898,130,1,0,0,0
20,2023-08-29,2,5276,127,1,0,0,0
20,2023-08-30,3,6166,133,1,1,0,0
20,2023-08-31,4,7190,168,1,1,0,0
20,2023-09-01,5,6033,132,1,0,0,0
20,2023-09-02,6,7744,168,1,0,0,0
20,2023-09-03,7,0,0,0,1,0,0
20,2023-09-04,1,6544,149,1,1,0,0
20,2023-09-05,2,5546,120,1,0,0,0
20,2023-09-06,3,5484,120,1,0,0,0
20,2023-09-07,4,5811,137,1,0,0,0
20,2023-09-08,5,6477,143,1,0,0,0
20,2023-09-09,6,8202,155,1,0,0,0
20,2023-09-10,7,0,0,0,0,0,0
20,2023-09-11,1,5441,114,1,0,0,0
20,2023-09-12,2,5678,143,1,0,0,0
20,2023-09-13,3,5758,121,1,0,0,0
20,2023-09-14,4,5509,126,1,0,0,0
20,2023-09-15,5,7448,155,1,1,0,0
20,2023-09-16,6,7791,172,1,0,0,0
20,2023-09-17,7,0,0,0,0,0,0
20,2023-09-18,1,5112,121,1,0,0,0
20,2023-09-19,2,6399,155,1,1,0,0
20,2023-09-20,3,6453,140,1,1,0,0
20,2023-09-21,4,5982,137,1,0,0,0
20,2023-09-22,5,8161,160,1,1,0,0
20,2023-09-23,6,8483,196,1,0,0,0
20,2023-09-24,7,8082,164,1,1,0,0
20,2023-09-25,1,4943,105,1,0,0,0
20,2023-09-26,2,5080,103,1,0,0,0
20,2023-09-27,3,5170,123,1,0,0,0
20,2023-09-28,4,5337,131,1,0,0,0
20,2023-09-29,5,6689,125,1,0,0,0
20,2023-09-30,6,10049,208,1,1,0,0
20,2023-10-01,7,0,0,0,1,0,0
20,2023-10-02,1,5728,92,1,0,0,0
20,2023-10-03,2,5039,120,1,0,0,0
20,2023-10-04,3,5723,123,1,0,0,0
20,2023-10-05,4,5318,102,1,0,0,0
20,2023-10-06,5,6420,144,1,0,0,0
20,2023-10-07,6,8588,162,1,0,0,0
20,2023-10-08,7,7833,167,1,1,0,0
20,2023-10-09,1,5663,137,1,0,0,0
20,2023-10-10,2,5378,111,1,0,0,0
20,2023-10-11,3,5435,126,1,0,0,0
20,2023-10-12,4,5399,128,1,0,0,0
20,2023-10-13,5,6427,169,1,0,0,0
20,2023-10-14,6,10460,242,1,1,0,0
20,2023-10-15,7,6550,148,1,0,0,0
20,2023-10-16,1,5180,111,1,0,0,0
20,2023-10-17,2,6912,139,1,1,0,0
20,2023-10-18,3,5900,118,1,0,0,0
20,2023-10-19,4,7535,166,1,1,0,0
20,2023-10-20,5,6866,154,1,0,0,0
20,2023-10-21,6,7913,184,1,0,0,0
20,2023-10-22,7,7743,179,1,1,0,0
20,2023-10-23,1,6959,137,1,1,0,0
20,2023-10-24,2,5228,114,1,0,0,0
20,2023-10-25,3,5855,124,1,0,0,0
20,2023-10-26,4,6830,157,1,1,0,0
20,2023-10-27,5,6064,134,1,0,0,0
20,2023-10-28,6,8221,171,1,0,0,0
20,2023-10-29,7,8420,177,1,1,0,0
20,2023-10-30,1,5649,117,1,0,0,0
20,2023-10-31,2,6647,120,1,1,0,0
20,2023-11-01,3,6316,159,1,1,0,0
20,2023-11-02,4,6768,154,1,0,0,0
20,2023-11-03,5,7990,163,1,1,0,0
20,2023-11-04,6,9391,225,1,0,0,0
20,2023-11-05,7,6646,152,1,0,0,0
20,2023-11-06,1,5185,115,1,0,0,0
20,2023-11-07,2,6585,139,1,1,0,0
20,2023-11-08,3,7382,154,1,1,0,0
20,2023-11-09,4,5960,149,1,0,0,0
20,2023-11-10,5,6490,149,1,0,0,0
20,2023-11-11,6,10243,235,1,1,0,0
20,2023-11-12,7,6742,138,1,0,0,0
20,2023-11-13,1,5441,115,1,0,0,0
20,2023-11-14,2,5682,128,1,0,0,0
20,2023-11-15,3,7329,181,1,1,0,0
20,2023-11-16,4,6897,168,1,1,0,0
20,2023-11-17,5,7411,174,1,1,0,0
20,2023-11-18,6,7728,175,1,0,0,0
20,2023-11-19,7,0,0,0,1,0,0
20,2023-11-20,1,5552,140,1,0,0,0
20,2023-11-21,2,6694,160,1,1,0,0
20,2023-11-22,3,5793,137,1,0,0,0
20,2023-11-23,4,5796,131,1,0,0,0
20,2023-11-24,5,6924,151,1,0,0,0
20,2023-11-25,6,8456,182,1,0,0,0
20,2023-11-26,7,0,0,0,1,0,0
20,2023-11-27,1,6356,141,1,1,0,0
20,2023-11-28,2,5473,113,1,0,0,0
20,2023-11-29,3,7206,163,1,1,0,0
20,2023-11-30,4,5602,128,1,0,0,0
20,2023-12-01,5,7564,165,1,1,0,0
20,2023-12-02,6,10889,226,1,1,0,0
20,2023-12-03,7,0,0,0,1,0,0
20,2023-12-04,1,5554,133,1,0,0,0
20,2023-12-05,2,5396,102,1,0,0,0
20,2023-12-06,3,7200,164,1,1,0,0
20,2023-12-07,4,5539,128,1,0,0,0
20,2023-12-08,5,7993,194,1,1,0,0
20,2023-12-09,6,9841,195,1,1,0,0
20,2023-12-10,7,6767,144,1,0,0,0
20,2023-12-11,1,7071,170,1,1,0,0
20,2023-12-12,2,7047,163,1,1,0,0
20,2023-12-13,3,6065,137,1,0,0,0
20,2023-12-14,4,5751,151,1,0,0,0
20,2023-12-15,5,7941,201,1,1,0,0
20,2023-12-16,6,8813,185,1,0,0,0
20,2023-12-17,7,0,0,0,0,0,0
20,2023-12-18,1,7335,153,1,1,0,0
20,2023-12-19,2,5933,137,1,0,0,0
20,2023-12-20,3,6767,168,1,1,0,0
20,2023-12-21,4,6074,133,1,0,0,0
20,2023-12-22,5,6260,142,1,0,0,0
20,2023-12-23,6,11185,209,1,1,0,0
20,2023-12-24,7,6362,143,1,0,0,0
20,2023-12-25,1,7237,158,1,1,a,0
20,2023-12-26,2,6580,150,1,1,0,0
20,2023-12-27,3,7272,155,1,1,0,0
20,2023-12-28,4,6218,128,1,0,0,0
20,2023-12-29,5,6256,152,1,0,0,0
20,2023-12-30,6,9628,196,1,1,0,0
20,2023-12-31,7,6687,136,1,0,0,0
20,2024-01-01,1,5437,123,1,0,a,0
20,2024-01-02,2,5074,136,1,0,0,0
20,2024-01-03,3,5100,115,1,0,0,0
20,2024-01-04,4,7766,164,1,1,0,0
20,2024-01-05,5,8696,183,1,1,0,0
20,2024-01-06,6,10094,233,1,1,0,0
20,2024-01-07,7,6686,157,1,0,0,0
20,2024-01-08,1,7222,152,1,1,0,0
20,2024-01-09,2,5655,105,1,0,0,0
20,2024-01-10,3,6184,134,1,0,0,0
20,2024-01-11,4,6048,151,1,0,0,0
20,2024-01-12,5,7690,162,1,1,0,0
20,2024-01-13,6,10836,238,1,1,0,0
20,2024-01-14,7,8199,159,1,1,0,0
20,2024-01-15,1,6930,157,1,1,0,0
20,2024-01-16,2,7178,151,1,1,0,0
20,2024-01-17,3,5431,120,1,0,0,0
20,2024-01-18,4,7317,154,1,1,0,0
20,2024-01-19,5,6097,119,1,0,0,0
20,2024-01-20,6,7940,172,1,0,0,0
20,2024-01-21,7,6621,170,1,0,0,0
20,2024-01-22,1,6025,147,1,0,0,0
20,2024-01-23,2,5457,124,1,0,0,0
20,2024-01-24,3,6451,136,1,0,0,0
20,2024-01-25,4,6165,134,1,0,0,0
20,2024-01-26,5,8531,205,1,1,0,0
20,2024-01-27,6,9885,220,1,1,0,0
20,2024-01-28,7,6766,147,1,0,0,0
20,2024-01-29,1,5261,114,1,0,0,0
20,2024-01-30,2,5372,119,1,0,0,0
20,2024-01-31,3,5576,150,1,0,0,0
20,2024-02-01,4,5881,122,1,0,0,0
20,2024-02-02,5,8481,186,1,1,0,0
20,2024-02-03,6,8269,187,1,0,0,0
20,2024-02-04,7,0,0,0,0,0,0
20,2024-02-05,1,5179,138,1,0,0,0
20,2024-02-06,2,5588,135,1,0,0,0
20,2024-02-07,3,5591,115,1,0,0,0
20,2024-02-08,4,5978,140,1,0,0,0
20,2024-02-09,5,8509,205,1,1,0,0
20,2024-02-10,6,7788,169,1,0,0,0
20,2024-02-11,7,7342,151,1,0,0,0
20,2024-02-12,1,5543,127,1,0,0,0
20,2024-02-13,2,5984,137,1,0,0,0
20,2024-02-14,3,5745,130,1,0,0,0
20,2024-02-15,4,6303,122,1,0,0,0
20,2024-02-16,5,6556,150,1,0,0,0
20,2024-02-17,6,8518,207,1,0,0,0
20,2024-02-18,7,0,0,0,0,0,0
20,2024-02-19,1,5545,117,1,0,0,0
20,2024-02-20,2,5413,124,1,0,0,0
20,2024-02-21,3,5798,140,1,0,0,0
20,2024-02-22,4,6084,136,1,0,0,0
20,2024-02-23,5,6623,147,1,0,0,0
20,2024-02-24,6,8638,192,1,0,0,0
20,2024-02-25,7,6341,145,1,0,0,0
20,2024-02-26,1,5869,123,1,0,0,0
20,2024-02-27,2,5288,129,1,0,0,0
20,2024-02-28,3,5270,122,1,0,0,0
20,2024-02-29,4,8099,191,1,1,0,0
20,2024-03-01,5,8774,190,1,1,0,0
20,2024-03-02,6,10535,245,1,1,0,0
20,2024-03-03,7,9050,212,1,1,0,0
20,2024-03-04,1,6914,165,1,1,0,0
20,2024-03-05,2,6714,146,1,1,0,0
20,2024-03-06,3,5581,118,1,0,0,0
20,2024-03-07,4,5751,121,1,0,0,0
20,2024-03-08,5,6482,142,1,0,0,0
20,2024-03-09,6,8144,189,1,0,0,0
20,2024-03-10,7,0,0,0,1,0,0
20,2024-03-11,1,5581,132,1,0,0,0
20,2024-03-12,2,6553,151,1,1,0,0
20,2024-03-13,3,5846,131,1,0,0,0
20,2024-03-14,4,5879,145,1,0,0,0
20,2024-03-15,5,6787,141,1,0,0,0
20,2024-03-16,6,8465,201,1,0,0,0
20,2024-03-17,7,6458,158,1,0,0,0
20,2024-03-18,1,6606,142,1,1,0,0
20,2024-03-19,2,6469,158,1,1,0,0
20,2024-03-20,3,6901,159,1,1,0,0
20,2024-03-21,4,5750,113,1,0,0,0
20,2024-03-22,5,8614,195,1,1,0,0
20,2024-03-23,6,8551,201,1,0,0,0
20,2024-03-24,7,6262,150,1,0,0,0
20,2024-03-25,1,6754,185,1,1,0,0
20,2024-03-26,2,5516,125,1,0,0,0
20,2024-03-27,3,5489,123,1,0,0,0
20,2024-03-28,4,5993,131,1,0,0,0
20,2024-03-29,5,7902,187,1,1,0,0
20,2024-03-30,6,8429,205,1,0,0,0
20,2024-03-31,7,0,0,0,0,0,0
20,2024-04-01,1,5691,126,1,0,0,0
20,2024-04-02,2,7417,181,1,1,0,0
20,2024-04-03,3,13604,320,1,1,0,0
20,2024-04-04,4,10179,203,1,0,0,0
20,2024-04-05,5,13390,256,1,0,0,0
20,2024-04-06,6,16201,373,1,0,0,0
20,2024-04-07,7,12040,245,1,0,0,0
20,2024-04-08,1,12202,282,1,1,0,0
20,2024-04-09,2,10149,250,1,0,0,0
20,2024-04-10,3,0,0,0,0,b,0
20,2024-04-11,4,0,0,0,1,b,0
20,2024-04-12,5,6787,154,1,0,0,0
20,2024-04-13,6,10287,239,1,1,0,0
20,2024-04-14,7,0,0,0,1,0,0
20,2024-04-15,1,7319,176,1,1,0,0
20,2024-04-16,2,5180,109,1,0,0,0
20,2024-04-17,3,6240,132,1,0,0,0
20,2024-04-18,4,7292,162,1,1,0,0
20,2024-04-19,5,6948,146,1,0,0,0
20,2024-04-20,6,9037,196,1,0,0,0
20,2024-04-21,7,0,0,0,0,0,0
20,2024-04-22,1,5599,131,1,0,0,0
20,2024-04-23,2,6855,142,1,1,0,0
20,2024-04-24,3,5719,124,1,0,0,0
20,2024-04-25,4,6058,129,1,0,0,0
20,2024-04-26,5,8032,182,1,1,0,0
20,2024-04-27,6,11320,281,1,1,0,0
20,2024-04-28,7,0,0,0,0,0,0
20,2024-04-29,1,5622,115,1,0,0,0
20,2024-04-30,2,5372,118,1,0,0,0
20,2024-05-01,3,5697,135,1,0,0,0
20,2024-05-02,4,7343,185,1,1,0,0
20,2024-05-03,5,6814,138,1,0,0,0
20,2024-05-04,6,8635,183,1,0,0,0
20,2024-05-05,7,7256,168,1,0,0,0
20,2024-05-06,1,6128,126,1,0,0,0
20,2024-05-07,2,5662,127,1,0,0,0
20,2024-05-08,3,6006,122,1,0,0,0
20,2024-05-09,4,8456,188,1,1,0,0
20,2024-05-10,5,6851,159,1,0,0,0
20,2024-05-11,6,10445,257,1,1,0,0
20,2024-05-12,7,0,0,0,0,0,0
20,2024-05-13,1,5237,123,1,0,0,0
20,2024-05-14,2,5740,142,1,0,0,0
20,2024-05-15,3,5682,133,1,0,0,0
20,2024-05-16,4,5766,131,1,0,0,0
20,2024-05-17,5,6382,140,1,0,0,0
20,2024-05-18,6,11337,222,1,1,0,0
20,2024-05-19,7,8627,172,1,1,0,0
20,2024-05-20,1,5940,141,1,0,0,0
20,2024-05-21,2,5704,124,1,0,0,0
20,2024-05-22,3,7388,176,1,1,0,0
20,2024-05-23,4,5928,115,1,0,0,0
20,2024-05-24,5,8559,203,1,1,0,0
20,2024-05-25,6,10511,220,1,1,0,0
20,2024-05-26,7,7057,159,1,0,0,0
20,2024-05-27,1,6048,132,1,0,0,0
20,2024-05-28,2,5974,146,1,0,0,0
20,2024-05-29,3,7166,168,1,1,0,0
20,2024-05-30,4,6166,120,1,0,0,0
20,2024-05-31,5,8609,173,1,1,0,0
20,2024-06-01,6,8708,225,1,0,0,1
20,2024-06-02,7,7281,168,1,0,0,1
20,2024-06-03,1,5962,135,1,0,0,1
20,2024-06-04,2,6129,130,1,0,0,1
20,2024-06-05,3,6502,141,1,0,0,1
20,2024-06-06,4,6012,144,1,0,0,1
20,2024-06-07,5,7258,165,1,0,0,1
20,2024-06-08,6,8808,193,1,0,0,1
20,2024-06-09,7,6962,131,1,0,0,1
20,2024-06-10,1,7404,168,1,1,0,1
20,2024-06-11,2,5556,120,1,0,0,1
20,2024-06-12,3,5866,117,1,0,0,1
20,2024-06-13,4,7174,150,1,1,0,1
20,2024-06-14,5,8424,190,1,1,0,1
20,2024-06-15,6,9035,227,1,0,0,1
20,2024-06-16,7,0,0,0,0,0,1
20,2024-06-17,1,7327,168,1,1,0,1
20,2024-06-18,2,7649,173,1,1,0,1
20,2024-06-19,3,8145,204,1,1,0,1
20,2024-06-20,4,6233,160,1,0,0,1
20,2024-06-21,5,7260,161,1,0,0,1
20,2024-06-22,6,8796,198,1,0,0,1
20,2024-06-23,7,8846,198,1,1,0,1
20,2024-06-24,1,6043,103,1,0,0,1
20,2024-06-25,2,5619,127,1,0,0,1
20,2024-06-26,3,6501,165,1,1,0,1
20,2024-06-27,4,6012,116,1,0,0,1
20,2024-06-28,5,6226,154,1,0,0,1
20,2024-06-29,6,8491,191,1,0,0,1
20,2024-06-30,7,6864,145,1,0,0,1
21,2022-01-01,6,4770,102,1,0,a,0
21,2022-01-02,7,0,0,0,0,0,0
21,2022-01-03,1,3074,84,1,0,0,0
21,2022-01-04,2,3095,84,1,0,0,0
21,2022-01-05,3,3283,89,1,0,0,0
21,2022-01-06,4,3403,78,1,0,0,0
21,2022-01-07,5,3869,88,1,0,0,0
21,2022-01-08,6,5085,126,1,0,0,0
21,2022-01-09,7,0,0,0,0,0,0
21,2022-01-10,1,3133,76,1,0,0,0
21,2022-01-11,2,3471,81,1,0,0,0
21,2022-01-12,3,3478,88,1,0,0,0
21,2022-01-13,4,3327,74,1,0,0,0
21,2022-01-14,5,3587,83,1,0,0,0
21,2022-01-15,6,5518,139,1,1,0,0
21,2022-01-16,7,3960,110,1,0,0,0
21,2022-01-17,1,3395,95,1,0,0,0
21,2022-01-18,2,2841,73,1,0,0,0
21,2022-01-19,3,3675,77,1,1,0,0
21,2022-01-20,4,3780,99,1,0,0,0
21,2022-01-21,5,3837,95,1,0,0,0
21,2022-01-22,6,4946,128,1,0,0,0
21,2022-01-23,7,3905,90,1,0,0,0
21,2022-01-24,1,3931,100,1,1,0,0
21,2022-01-25,2,2927,78,1,0,0,0
21,2022-01-26,3,3786,88,1,1,0,0
21,2022-01-27,4,3113,83,1,0,0,0
21,2022-01-28,5,3837,87,1,0,0,0
21,2022-01-29,6,4830,131,1,0,0,0
21,2022-01-30,7,0,0,0,0,0,0
21,2022-01-31,1,3462,79,1,0,0,0
21,2022-02-01,2,3334,87,1,0,0,0
21,2022-02-02,3,3544,84,1,0,0,0
21,2022-02-03,4,3702,83,1,1,0,0
21,2022-02-04,5,3655,83,1,0,0,0
21,2022-02-05,6,5247,115,1,0,0,0
21,2022-02-06,7,4197,102,1,0,0,0
21,2022-02-07,1,3533,81,1,0,0,0
21,2022-02-08,2,3190,70,1,0,0,0
21,2022-02-09,3,3862,104,1,1,0,0
21,2022-02-10,4,4134,110,1,1,0,0
21,2022-02-11,5,3595,96,1,0,0,0
21,2022-02-12,6,5007,122,1,0,0,0
21,2022-02-13,7,4554,102,1,0,0,0
21,2022-02-14,1,3736,83,1,1,0,0
21,2022-02-15,2,2976,76,1,0,0,0
21,2022-02-16,3,3453,100,1,0,0,0
21,2022-02-17,4,3837,105,1,1,0,0
21,2022-02-18,5,4419,113,1,1,0,0
21,2022-02-19,6,5238,132,1,0,0,0
21,2022-02-20,7,4787,114,1,1,0,0
21,2022-02-21,1,3233,84,1,0,0,0
21,2022-02-22,2,3377,78,1,0,0,0
21,2022-02-23,3,3107,62,1,0,0,0
21,2022-02-24,4,4066,93,1,1,0,0
21,2022-02-25,5,3796,91,1,0,0,0
21,2022-02-26,6,4390,96,1,0,0,0
21,2022-02-27,7,4383,116,1,1,0,0
21,2022-02-28,1,3318,76,1,0,0,0
21,2022-03-01,2,3874,102,1,1,0,0
21,2022-03-02,3,3400,88,1,0,0,0
21,2022-03-03,4,3456,84,1,0,0,0
21,2022-03-04,5,4035,101,1,0,0,0
21,2022-03-05,6,5814,150,1,1,0,0
21,2022-03-06,7,0,0,0,0,0,0
21,2022-03-07,1,3422,95,1,0,0,0
21,2022-03-08,2,3138,68,1,0,0,0
21,2022-03-09,3,4044,95,1,1,0,0
21,2022-03-10,4,3683,90,1,0,0,0
21,2022-03-11,5,4157,119,1,0,0,0
21,2022-03-12,6,4865,110,1,0,0,0
21,2022-03-13,7,0,0,0,1,0,0
21,2022-03-14,1,3480,80,1,0,0,0
21,2022-03-15,2,3397,89,1,0,0,0
21,2022-03-16,3,3820,92,1,1,0,0
21,2022-03-17,4,3913,86,1,1,0,0
21,2022-03-18,5,3808,102,1,0,0,0
21,2022-03-19,6,5780,138,1,1,0,0
21,2022-03-20,7,3899,89,1,0,0,0
21,2022-03-21,1,3409,81,1,0,0,0
21,2022-03-22,2,2984,65,1,0,0,0
21,2022-03-23,3,3273,76,1,0,0,0
21,2022-03-24,4,4094,100,1,1,0,0
21,2022-03-25,5,3721,93,1,0,0,0
21,2022-03-26,6,4910,131,1,0,0,0
21,2022-03-27,7,4062,103,1,0,0,0
21,2022-03-28,1,3700,69,1,0,0,0
21,2022-03-29,2,3058,79,1,0,0,0
21,2022-03-30,3,3462,77,1,0,0,0
21,2022-03-31,4,3353,84,1,0,0,0
21,2022-04-01,5,4255,108,1,1,0,0
21,2022-04-02,6,4805,128,1,0,0,0
21,2022-04-03,7,4063,106,1,0,0,0
21,2022-04-04,1,3592,84,1,0,0,0
21,2022-04-05,2,3471,95,1,0,0,0
21,2022-04-06,3,3852,90,1,1,0,0
21,2022-04-07,4,4018,91,1,1,0,0
21,2022-04-08,5,4030,106,1,0,0,0
21,2022-04-09,6,5049,128,1,0,0,0
21,2022-04-10,7,3972,96,1,0,0,0
21,2022-04-11,1,3469,90,1,0,0,0
21,2022-04-12,2,3550,85,1,0,0,0
21,2022-04-13,3,4159,103,1,1,0,0
21,2022-04-14,4,4356,118,1,1,0,0
21,2022-04-15,5,3894,97,1,0,0,0
21,2022-04-16,6,5486,128,1,1,0,0
21,2022-04-17,7,4255,101,1,1,0,0
21,2022-04-18,1,3468,97,1,1,0,0
21,2022-04-19,2,3745,87,1,1,0,0
21,2022-04-20,3,3528,86,1,0,0,0
21,2022-04-21,4,3704,83,1,0,0,0
21,2022-04-22,5,4573,94,1,1,0,0
21,2022-04-23,6,5601,131,1,1,0,0
21,2022-04-24,7,0,0,0,1,0,0
21,2022-04-25,1,5703,140,1,0,0,0
21,2022-04-26,2,5606,118,1,0,0,0
21,2022-04-27,3,6395,156,1,0,0,0
21,2022-04-28,4,6014,137,1,0,0,0
21,2022-04-29,5,6814,169,1,0,0,0
21,2022-04-30,6,8667,174,1,0,0,0
21,2022-05-01,7,0,0,0,0,0,0
21,2022-05-02,1,0,0,0,0,b,0
21,2022-05-03,2,0,0,0,0,b,0
21,2022-05-04,3,3353,79,1,0,0,0
21,2022-05-05,4,3537,88,1,0,0,0
21,2022-05-06,5,4089,89,1,0,0,0
21,2022-05-07,6,5678,129,1,1,0,0
21,2022-05-08,7,3945,87,1,0,0,0
21,2022-05-09,1,3275,75,1,0,0,0
21,2022-05-10,2,3689,82,1,1,0,0
21,2022-05-11,3,3465,95,1,0,0,0
21,2022-05-12,4,4104,88,1,1,0,0
21,2022-05-13,5,3918,90,1,0,0,0
21,2022-05-14,6,5610,138,1,1,0,0
21,2022-05-15,7,3948,108,1,0,0,0
21,2022-05-16,1,4024,99,1,1,0,0
21,2022-05-17,2,3878,104,1,1,0,0
21,2022-05-18,3,3391,91,1,0,0,0
21,2022-05-19,4,3570,87,1,0,0,0
21,2022-05-20,5,4198,95,1,0,0,0
21,2022-05-21,6,5072,132,1,0,0,0
21,2022-05-22,7,4148,95,1,0,0,0
21,2022-05-23,1,4203,104,1,1,0,0
21,2022-05-24,2,3499,81,1,0,0,0
21,2022-05-25,3,3362,82,1,0,0,0
21,2022-05-26,4,4346,96,1,1,0,0
21,2022-05-27,5,3932,96,1,0,0,0
21,2022-05-28,6,4832,113,1,0,0,0
21,2022-05-29,7,5092,111,1,1,0,0
21,2022-05-30,1,3773,101,1,1,0,0
21,2022-05-31,2,3242,78,1,0,0,0
21,2022-06-01,3,3925,101,1,1,0,1
21,2022-06-02,4,3960,104,1,0,0,1
21,2022-06-03,5,3784,88,1,0,0,1
21,2022-06-04,6,4956,127,1,0,0,1
21,2022-06-05,7,4093,95,1,0,0,1
21,2022-06-06,1,3498,82,1,0,0,1
21,2022-06-07,2,3322,85,1,0,0,1
21,2022-06-08,3,3875,90,1,1,0,1
21,2022-06-09,4,3713,104,1,0,0,1
21,2022-06-10,5,4888,138,1,1,0,1
21,2022-06-11,6,4704,129,1,0,0,1
21,2022-06-12,7,4634,117,1,1,0,1
21,2022-06-13,1,3502,83,1,0,0,1
21,2022-06-14,2,3134,77,1,0,0,1
21,2022-06-15,3,3465,87,1,0,0,1
21,2022-06-16,4,4412,111,1,1,0,1
21,2022-06-17,5,4729,110,1,1,0,1
21,2022-06-18,6,5262,149,1,0,0,1
21,2022-06-19,7,4336,103,1,0,0,1
21,2022-06-20,1,3476,75,1,0,0,1
21,2022-06-21,2,3783,92,1,1,0,1
21,2022-06-22,3,4217,92,1,1,0,1
21,2022-06-23,4,4057,98,1,1,0,1
21,2022-06-24,5,4557,110,1,1,0,1
21,2022-06-25,6,5419,141,1,1,0,1
21,2022-06-26,7,4087,108,1,0,0,1
21,2022-06-27,1,3957,91,1,1,0,1
21,2022-06-28,2,3860,86,1,1,0,1
21,2022-06-29,3,4217,104,1,1,0,1
21,2022-06-30,4,3541,84,1,0,0,1
21,2022-07-01,5,3923,92,1,0,0,1
21,2022-07-02,6,5008,119,1,0,0,1
21,2022-07-03,7,4246,116,1,0,0,1
21,2022-07-04,1,3699,81,1,0,0,1
21,2022-07-05,2,2970,69,1,0,0,1
21,2022-07-06,3,3426,77,1,0,0,1
21,2022-07-07,4,3563,92,1,0,0,1
21,2022-07-08,5,3582,90,1,0,0,1
21,2022-07-09,6,5125,123,1,0,0,1
21,2022-07-10,7,0,0,0,1,0,1
21,2022-07-11,1,3869,83,1,1,0,1
21,2022-07-12,2,3178,83,1,0,0,1
21,2022-07-13,3,4028,91,1,1,0,1
21,2022-07-14,4,3935,91,1,1,0,1
21,2022-07-15,5,3848,99,1,0,0,1
21,2022-07-16,6,5115,99,1,0,0,1
21,2022-07-17,7,4426,106,1,0,0,1
21,2022-07-18,1,3517,87,1,0,0,1
21,2022-07-19,2,3995,98,1,1,0,1
21,2022-07-20,3,3870,99,1,0,0,1
21,2022-07-21,4,3720,93,1,0,0,1
21,2022-07-22,5,4386,107,1,1,0,1
21,2022-07-23,6,5030,104,1,0,0,1
21,2022-07-24,7,4643,104,1,1,0,1
21,2022-07-25,1,3429,82,1,0,0,1
21,2022-07-26,2,3307,70,1,0,0,1
21,2022-07-27,3,3364,70,1,0,0,1
21,2022-07-28,4,3815,103,1,0,0,1
21,2022-07-29,5,4232,109,1,0,0,1
21,2022-07-30,6,5231,122,1,0,0,1
21,2022-07-31,7,0,0,0,0,0,1
21,2022-08-01,1,3479,76,1,0,0,0
21,2022-08-02,2,3279,84,1,0,0,0
21,2022-08-03,3,4329,105,1,1,0,0
21,2022-08-04,4,3435,94,1,0,0,0
21,2022-08-05,5,4172,109,1,0,0,0
21,2022-08-06,6,5360,127,1,0,0,0
21,2022-08-07,7,4423,124,1,0,0,0
21,2022-08-08,1,3499,91,1,0,0,0
21,2022-08-09,2,3333,87,1,0,0,0
21,2022-08-10,3,4563,110,1,1,0,0
21,2022-08-11,4,3499,97,1,0,0,0
21,2022-08-12,5,4192,101,1,0,0,0
21,2022-08-13,6,5209,125,1,0,0,0
21,2022-08-14,7,4961,132,1,1,0,0
21,2022-08-15,1,3530,86,1,0,0,0
21,2022-08-16,2,3211,77,1,0,0,0
21,2022-08-17,3,3312,89,1,0,a,0
21,2022-08-18,4,3432,82,1,0,0,0
21,2022-08-19,5,3963,110,1,0,0,0
21,2022-08-20,6,6070,147,1,1,0,0
21,2022-08-21,7,4103,97,1,0,0,0
21,2022-08-22,1,3227,81,1,0,0,0
21,2022-08-23,2,4091,105,1,1,0,0
21,2022-08-24,3,3283,75,1,0,0,0
21,2022-08-25,4,3761,82,1,0,0,0
21,2022-08-26,5,3908,88,1,0,0,0
21,2022-08-27,6,5541,139,1,0,0,0
21,2022-08-28,7,4145,102,1,0,0,0
21,2022-08-29,1,3177,81,1,0,0,0
21,2022-08-30,2,3910,89,1,1,0,0
21,2022-08-31,3,3925,105,1,1,0,0
21,2022-09-01,4,4403,114,1,1,0,0
21,2022-09-02,5,4135,113,1,0,0,0
21,2022-09-03,6,5067,126,1,0,0,0
21,2022-09-04,7,0,0,0,0,0,0
21,2022-09-05,1,3298,80,1,0,0,0
21,2022-09-06,2,3810,95,1,1,0,0
21,2022-09-07,3,3813,86,1,0,0,0
21,2022-09-08,4,4209,100,1,1,0,0
21,2022-09-09,5,4269,117,1,0,0,0
21,2022-09-10,6,4853,119,1,0,0,0
21,2022-09-11,7,3862,94,1,0,0,0
21,2022-09-12,1,3331,81,1,0,0,0
21,2022-09-13,2,4061,100,1,1,0,0
21,2022-09-14,3,4053,103,1,1,0,0
21,2022-09-15,4,3857,85,1,0,0,0
21,2022-09-16,5,4341,98,1,0,0,0
21,2022-09-17,6,5000,122,1,0,0,0
21,2022-09-18,7,4458,106,1,0,0,0
21,2022-09-19,1,3745,87,1,0,0,0
21,2022-09-20,2,4143,99,1,1,0,0
21,2022-09-21,3,3297,76,1,0,0,0
21,2022-09-22,4,3357,78,1,0,0,0
21,2022-09-23,5,4598,101,1,1,0,0
21,2022-09-24,6,5152,133,1,0,0,0
21,2022-09-25,7,0,0,0,0,0,0
21,2022-09-26,1,3339,89,1,0,0,0
21,2022-09-27,2,3503,84,1,0,0,0
21,2022-09-28,3,3394,96,1,0,0,0
21,2022-09-29,4,3770,99,1,0,0,0
21,2022-09-30,5,4605,104,1,1,0,0
21,2022-10-01,6,6169,144,1,1,0,0
21,2022-10-02,7,0,0,0,1,0,0
21,2022-10-03,1,3127,73,1,0,0,0
21,2022-10-04,2,4054,118,1,1,0,0
21,2022-10-05,3,3805,101,1,0,0,0
21,2022-10-06,4,3558,87,1,0,0,0
21,2022-10-07,5,4271,106,1,0,0,0
21,2022-10-08,6,5117,138,1,0,0,0
21,2022-10-09,7,0,0,0,0,0,0
21,2022-10-10,1,3414,87,1,0,0,0
21,2022-10-11,2,3924,96,1,1,0,0
21,2022-10-12,3,3363,81,1,0,0,0
21,2022-10-13,4,4566,111,1,1,0,0
21,2022-10-14,5,3797,94,1,0,0,0
21,2022-10-15,6,5145,124,1,0,0,0
21,2022-10-16,7,0,0,0,0,0,0
21,2022-10-17,1,3766,91,1,0,0,0
21,2022-10-18,2,3190,70,1,0,0,0
21,2022-10-19,3,3757,79,1,0,0,0
21,2022-10-20,4,3763,103,1,0,0,0
21,2022-10-21,5,3863,95,1,0,0,0
21,2022-10-22,6,5985,136,1,1,0,0
21,2022-10-23,7,4278,106,1,0,0,0
21,2022-10-24,1,3637,93,1,0,0,0
21,2022-10-25,2,3846,100,1,1,0,0
21,2022-10-26,3,3728,94,1,0,0,0
21,2022-10-27,4,4303,117,1,1,0,0
21,2022-10-28,5,4853,107,1,1,0,0
21,2022-10-29,6,5835,139,1,1,0,0
21,2022-10-30,7,0,0,0,0,0,0
21,2022-10-31,1,3560,79,1,0,0,0
21,2022-11-01,2,3476,92,1,0,0,0
21,2022-11-02,3,3613,93,1,0,0,0
21,2022-11-03,4,4131,104,1,0,0,0
21,2022-11-04,5,4253,111,1,0,0,0
21,2022-11-05,6,6337,148,1,1,0,0
21,2022-11-06,7,4387,91,1,0,0,0
21,2022-11-07,1,4187,98,1,1,0,0
21,2022-11-08,2,4028,78,1,1,0,0
21,2022-11-09,3,3957,100,1,0,0,0
21,2022-11-10,4,3735,90,1,0,0,0
21,2022-11-11,5,4314,95,1,0,0,0
21,2022-11-12,6,6764,144,1,1,0,0
21,2022-11-13,7,0,0,0,0,0,0
21,2022-11-14,1,3502,90,1,0,0,0
21,2022-11-15,2,3347,72,1,0,0,0
21,2022-11-16,3,4075,104,1,1,0,0
21,2022-11-17,4,4400,108,1,1,0,0
21,2022-11-18,5,4519,109,1,0,0,0
21,2022-11-19,6,5497,132,1,0,0,0
21,2022-11-20,7,0,0,0,0,0,0
21,2022-11-21,1,3505,85,1,0,0,0
21,2022-11-22,2,3973,95,1,1,0,0
21,2022-11-23,3,3905,97,1,1,0,0
21,2022-11-24,4,4224,98,1,1,0,0
21,2022-11-25,5,4052,93,1,0,0,0
21,2022-11-26,6,6087,153,1,0,0,0
21,2022-11-27,7,4558,106,1,0,0,0
21,2022-11-28,1,3374,87,1,0,0,0
21,2022-11-29,2,3213,74,1,0,0,0
21,2022-11-30,3,3919,93,1,1,0,0
21,2022-12-01,4,4032,98,1,0,0,0
21,2022-12-02,5,4465,120,1,1,0,0
21,2022-12-03,6,5785,138,1,0,0,0
21,2022-12-04,7,4416,117,1,0,0,0
21,2022-12-05,1,3527,80,1,0,0,0
21,2022-12-06,2,3293,66,1,0,0,0
21,2022-12-07,3,3883,77,1,0,0,0
21,2022-12-08,4,4457,106,1,1,0,0
21,2022-12-09,5,4359,94,1,0,0,0
21,2022-12-10,6,6084,115,1,1,0,0
21,2022-12-11,7,5195,126,1,1,0,0
21,2022-12-12,1,3843,102,1,0,0,0
21,2022-12-13,2,4144,97,1,1,0,0
21,2022-12-14,3,3466,85,1,0,0,0
21,2022-12-15,4,4459,117,1,1,0,0
21,2022-12-16,5,4336,100,1,0,0,0
21,2022-12-17,6,5824,156,1,0,0,0
21,2022-12-18,7,0,0,0,0,0,0
21,2022-12-19,1,3781,93,1,0,0,0
21,2022-12-20,2,4155,98,1,1,0,0
21,2022-12-21,3,3930,95,1,1,0,0
21,2022-12-22,4,4534,127,1,1,0,0
21,2022-12-23,5,4211,97,1,0,0,0
21,2022-12-24,6,5920,126,1,0,0,0
21,2022-12-25,7,0,0,0,0,a,0
21,2022-12-26,1,3387,83,1,0,0,0
21,2022-12-27,2,3639,86,1,0,0,0
21,2022-12-28,3,3949,88,1,0,0,0
21,2022-12-29,4,3770,94,1,0,0,0
21,2022-12-30,5,4169,115,1,0,0,0
21,2022-12-31,6,5448,116,1,0,0,0
21,2023-01-01,7,4288,90,1,0,a,0
21,2023-01-02,1,4340,101,1,1,0,0
21,2023-01-03,2,3433,74,1,0,0,0
21,2023-01-04,3,4378,105,1,1,0,0
21,2023-01-05,4,3548,86,1,0,0,0
21,2023-01-06,5,5245,119,1,1,0,0
21,2023-01-07,6,4829,91,1,0,0,0
21,2023-01-08,7,0,0,0,0,0,0
21,2023-01-09,1,4009,112,1,0,0,0
21,2023-01-10,2,4073,97,1,1,0,0
21,2023-01-11,3,3563,92,1,0,0,0
21,2023-01-12,4,3563,83,1,0,0,0
21,2023-01-13,5,4733,114,1,1,0,0
21,2023-01-14,6,5489,144,1,0,0,0
21,2023-01-15,7,4517,110,1,0,0,0
21,2023-01-16,1,3667,104,1,0,0,0
21,2023-01-17,2,3214,81,1,0,0,0
21,2023-01-18,3,3717,76,1,0,0,0
21,2023-01-19,4,3877,100,1,0,0,0
21,2023-01-20,5,4931,110,1,1,0,0
21,2023-01-21,6,6243,155,1,1,0,0
21,2023-01-22,7,4146,112,1,0,0,0
21,2023-01-23,1,3449,78,1,0,0,0
21,2023-01-24,2,4313,118,1,1,0,0
21,2023-01-25,3,4087,103,1,1,0,0
21,2023-01-26,4,4233,93,1,1,0,0
21,2023-01-27,5,4160,100,1,0,0,0
21,2023-01-28,6,5864,151,1,1,0,0
21,2023-01-29,7,5250,120,1,1,0,0
21,2023-01-30,1,3392,76,1,0,0,0
21,2023-01-31,2,3734,78,1,0,0,0
21,2023-02-01,3,3455,81,1,0,0,0
21,2023-02-02,4,3772,96,1,0,0,0
21,2023-02-03,5,4947,119,1,1,0,0
21,2023-02-04,6,6502,160,1,1,0,0
21,2023-02-05,7,5041,119,1,1,0,0
21,2023-02-06,1,4025,91,1,1,0,0
21,2023-02-07,2,3800,97,1,0,0,0
21,2023-02-08,3,3744,97,1,0,0,0
21,2023-02-09,4,4370,101,1,1,0,0
21,2023-02-10,5,3851,98,1,0,0,0
21,2023-02-11,6,5501,131,1,0,0,0
21,2023-02-12,7,4440,101,1,0,0,0
21,2023-02-13,1,3388,93,1,0,0,0
21,2023-02-14,2,3415,85,1,0,0,0
21,2023-02-15,3,3734,97,1,0,0,0
21,2023-02-16,4,3929,98,1,0,0,0
21,2023-02-17,5,4632,107,1,1,0,0
21,2023-02-18,6,5960,147,1,1,0,0
21,2023-02-19,7,5145,141,1,1,0,0
21,2023-02-20,1,3487,84,1,0,0,0
21,2023-02-21,2,4053,90,1,1,0,0
21,2023-02-22,3,4662,113,1,1,0,0
21,2023-02-23,4,3837,102,1,0,0,0
21,2023-02-24,5,5139,135,1,1,0,0
21,2023-02-25,6,5127,118,1,0,0,0
21,2023-02-26,7,0,0,0,1,0,0
21,2023-02-27,1,3503,93,1,0,0,0
21,2023-02-28,2,3370,88,1,0,0,0
21,2023-03-01,3,3400,74,1,0,0,0
21,2023-03-02,4,3889,81,1,0,0,0
21,2023-03-03,5,4341,127,1,0,0,0
21,2023-03-04,6,6001,144,1,1,0,0
21,2023-03-05,7,0,0,0,1,0,0
21,2023-03-06,1,4217,99,1,1,0,0
21,2023-03-07,2,3576,89,1,0,0,0
21,2023-03-08,3,4518,96,1,1,0,0
21,2023-03-09,4,4078,104,1,0,0,0
21,2023-03-10,5,4742,119,1,1,0,0
21,2023-03-11,6,5468,135,1,0,0,0
21,2023-03-12,7,4248,111,1,0,0,0
21,2023-03-13,1,4524,107,1,1,0,0
21,2023-03-14,2,4170,107,1,1,0,0
21,2023-03-15,3,3928,85,1,0,0,0
21,2023-03-16,4,4365,104,1,1,0,0
21,2023-03-17,5,4491,113,1,0,0,0
21,2023-03-18,6,6555,149,1,1,0,0
21,2023-03-19,7,0,0,0,0,0,0
21,2023-03-20,1,3419,73,1,0,0,0
21,2023-03-21,2,3598,82,1,0,0,0
21,2023-03-22,3,3955,84,1,0,0,0
21,2023-03-23,4,4245,111,1,1,0,0
21,2023-03-24,5,4392,99,1,0,0,0
21,2023-03-25,6,5662,139,1,0,0,0
21,2023-03-26,7,0,0,0,0,0,0
21,2023-03-27,1,3733,102,1,0,0,0
21,2023-03-28,2,4257,112,1,1,0,0
21,2023-03-29,3,3837,96,1,0,0,0
21,2023-03-30,4,4108,115,1,0,0,0
21,2023-03-31,5,4134,99,1,0,0,0
21,2023-04-01,6,5608,126,1,0,0,0
21,2023-04-02,7,5484,145,1,1,0,0
21,2023-04-03,1,3534,76,1,0,0,0
21,2023-04-04,2,3473,85,1,0,0,0
21,2023-04-05,3,4439,111,1,1,0,0
21,2023-04-06,4,4154,104,1,0,0,0
21,2023-04-07,5,4906,132,1,1,0,0
21,2023-04-08,6,5550,155,1,0,0,0
21,2023-04-09,7,5272,121,1,1,0,0
21,2023-04-10,1,3595,90,1,0,0,0
21,2023-04-11,2,3999,101,1,0,0,0
21,2023-04-12,3,3594,92,1,0,0,0
21,2023-04-13,4,4496,114,1,1,0,0
21,2023-04-14,5,4974,114,1,1,0,0
21,2023-04-15,6,8870,208,1,0,0,0
21,2023-04-16,7,0,0,0,1,0,0
21,2023-04-17,1,6194,140,1,0,0,0
21,2023-04-18,2,7741,173,1,1,0,0
21,2023-04-19,3,7152,171,1,1,0,0
21,2023-04-20,4,7348,197,1,0,0,0
21,2023-04-21,5,8395,200,1,1,0,0
21,2023-04-22,6,0,0,0,0,b,0
21,2023-04-23,7,0,0,0,0,b,0
21,2023-04-24,1,3775,88,1,0,0,0
21,2023-04-25,2,4352,106,1,1,0,0
21,2023-04-26,3,4473,121,1,1,0,0
21,2023-04-27,4,4217,110,1,1,0,0
21,2023-04-28,5,5245,139,1,1,0,0
21,2023-04-29,6,6559,162,1,1,0,0
21,2023-04-30,7,0,0,0,0,0,0
21,2023-05-01,1,3724,103,1,0,0,0
21,2023-05-02,2,4135,100,1,0,0,0
21,2023-05-03,3,3999,97,1,0,0,0
21,2023-05-04,4,3814,88,1,0,0,0
21,2023-05-05,5,4442,114,1,0,0,0
21,2023-05-06,6,6270,149,1,1,0,0
21,2023-05-07,7,5477,138,1,1,0,0
21,2023-05-08,1,3559,86,1,0,0,0
21,2023-05-09,2,4424,116,1,1,0,0
21,2023-05-10,3,3968,94,1,0,0,0
21,2023-05-11,4,4651,111,1,1,0,0
21,2023-05-12,5,4780,121,1,0,0,0
21,2023-05-13,6,5851,151,1,0,0,0
21,2023-05-14,7,5488,140,1,1,0,0
21,2023-05-15,1,3925,98,1,0,0,0
21,2023-05-16,2,3764,94,1,0,0,0
21,2023-05-17,3,3888,94,1,0,0,0
21,2023-05-18,4,3792,104,1,0,0,0
21,2023-05-19,5,4825,115,1,1,0,0
21,2023-05-20,6,5701,145,1,0,0,0
21,2023-05-21,7,5390,136,1,1,0,0
21,2023-05-22,1,3725,79,1,0,0,0
21,2023-05-23,2,3553,84,1,0,0,0
21,2023-05-24,3,3781,103,1,0,0,0
21,2023-05-25,4,4510,114,1,1,0,0
21,2023-05-26,5,4406,124,1,0,0,0
21,2023-05-27,6,5528,131,1,0,0,0
21,2023-05-28,7,0,0,0,0,0,0
21,2023-05-29,1,3708,96,1,0,0,0
21,2023-05-30,2,4058,95,1,1,0,0
21,2023-05-31,3,3798,90,1,0,0,0
21,2023-06-01,4,3721,82,1,0,0,1
21,2023-06-02,5,4792,114,1,0,0,1
21,2023-06-03,6,5783,144,1,0,0,1
21,2023-06-04,7,0,0,0,0,0,1
21,2023-06-05,1,3999,103,1,0,0,1
21,2023-06-06,2,3615,78,1,0,0,1
21,2023-06-07,3,3813,95,1,0,0,1
21,2023-06-08,4,3806,87,1,0,0,1
21,2023-06-09,5,4780,105,1,1,0,1
21,2023-06-10,6,6518,174,1,1,0,1
21,2023-06-11,7,0,0,0,0,0,1
21,2023-06-12,1,3577,83,1,0,0,1
21,2023-06-13,2,4157,113,1,1,0,1
21,2023-06-14,3,4355,98,1,1,0,1
21,2023-06-15,4,4104,95,1,0,0,1
21,2023-06-16,5,4915,137,1,1,0,1
21,2023-06-17,6,6704,176,1,1,0,1
21,2023-06-18,7,4743,119,1,0,0,1
21,2023-06-19,1,3623,97,1,0,0,1
21,2023-06-20,2,4153,100,1,1,0,1
21,2023-06-21,3,3848,84,1,0,0,1
21,2023-06-22,4,4452,109,1,1,0,1
21,2023-06-23,5,4807,106,1,1,0,1
21,2023-06-24,6,6951,176,1,1,0,1
21,2023-06-25,7,0,0,0,0,0,1
21,2023-06-26,1,3797,93,1,0,0,1
21,2023-06-27,2,3921,96,1,0,0,1
21,2023-06-28,3,4237,108,1,1,0,1
21,2023-06-29,4,4566,119,1,1,0,1
21,2023-06-30,5,4581,127,1,0,0,1
21,2023-07-01,6,4779,123,1,0,0,1
21,2023-07-02,7,5270,153,1,1,0,1
21,2023-07-03,1,3984,94,1,1,0,1
21,2023-07-04,2,3854,94,1,0,0,1
21,2023-07-05,3,3693,88,1,0,0,1
21,2023-07-06,4,4975,128,1,1,0,1
21,2023-07-07,5,4808,138,1,1,0,1
21,2023-07-08,6,6639,156,1,1,0,1
21,2023-07-09,7,4400,110,1,0,0,1
21,2023-07-10,1,3721,87,1,0,0,1
21,2023-07-11,2,3682,84,1,0,0,1
21,2023-07-12,3,4435,108,1,1,0,1
21,2023-07-13,4,4953,124,1,1,0,1
21,2023-07-14,5,5419,120,1,1,0,1
21,2023-07-15,6,5444,142,1,0,0,1
21,2023-07-16,7,0,0,0,1,0,1
21,2023-07-17,1,3553,93,1,0,0,1
21,2023-07-18,2,3433,95,1,0,0,1
21,2023-07-19,3,3729,92,1,0,0,1
21,2023-07-20,4,4968,138,1,1,0,1
21,2023-07-21,5,4639,117,1,1,0,1
21,2023-07-22,6,5828,142,1,0,0,1
21,2023-07-23,7,0,0,0,0,0,1
21,2023-07-24,1,4184,95,1,1,0,1
21,2023-07-25,2,3815,95,1,0,0,1
21,2023-07-26,3,4586,113,1,1,0,1
21,2023-07-27,4,3984,88,1,0,0,1
21,2023-07-28,5,4379,96,1,0,0,1
21,2023-07-29,6,5605,127,1,0,0,1
21,2023-07-30,7,4430,109,1,0,0,1
21,2023-07-31,1,3816,82,1,0,0,1
21,2023-08-01,2,3608,84,1,0,0,0
21,2023-08-02,3,3902,95,1,0,0,0
21,2023-08-03,4,3876,81,1,0,0,0
21,2023-08-04,5,4916,123,1,1,0,0
21,2023-08-05,6,5529,140,1,0,0,0
21,2023-08-06,7,4926,115,1,0,0,0
21,2023-08-07,1,4060,91,1,1,0,0
21,2023-08-08,2,4036,100,1,0,0,0
21,2023-08-09,3,4026,98,1,0,0,0
21,2023-08-10,4,4245,103,1,1,0,0
21,2023-08-11,5,4944,135,1,1,0,0
21,2023-08-12,6,6016,139,1,1,0,0
21,2023-08-13,7,4790,112,1,0,0,0
21,2023-08-14,1,4646,109,1,1,0,0
21,2023-08-15,2,3756,84,1,0,0,0
21,2023-08-16,3,4120,90,1,0,0,0
21,2023-08-17,4,4655,115,1,1,a,0
21,2023-08-18,5,4650,115,1,0,0,0
21,2023-08-19,6,6654,164,1,1,0,0
21,2023-08-20,7,4651,93,1,0,0,0
21,2023-08-21,1,3951,100,1,0,0,0
21,2023-08-22,2,4245,112,1,1,0,0
21,2023-08-23,3,4173,111,1,0,0,0
21,2023-08-24,4,4548,103,1,1,0,0
21,2023-08-25,5,5253,124,1,1,0,0
21,2023-08-26,6,6337,142,1,1,0,0
21,2023-08-27,7,4289,89,1,0,0,0
21,2023-08-28,1,3878,96,1,0,0,0
21,2023-08-29,2,3899,103,1,1,0,0
21,2023-08-30,3,4962,135,1,1,0,0
21,2023-08-31,4,3953,100,1,0,0,0
21,2023-09-01,5,5097,133,1,1,0,0
21,2023-09-02,6,5633,152,1,0,0,0
21,2023-09-03,7,5400,135,1,1,0,0
21,2023-09-04,1,3881,94,1,0,0,0
21,2023-09-05,2,3576,81,1,0,0,0
21,2023-09-06,3,3404,81,1,0,0,0
21,2023-09-07,4,3809,100,1,0,0,0
21,2023-09-08,5,5001,125,1,1,0,0
21,2023-09-09,6,5811,157,1,0,0,0
21,2023-09-10,7,0,0,0,1,0,0
21,2023-09-11,1,3966,84,1,0,0,0
21,2023-09-12,2,3431,87,1,0,0,0
21,2023-09-13,3,3735,100,1,0,0,0
21,2023-09-14,4,3949,105,1,0,0,0
21,2023-09-15,5,4804,131,1,0,0,0
21,2023-09-16,6,6521,170,1,0,0,0
21,2023-09-17,7,5018,112,1,1,0,0
21,2023-09-18,1,4038,93,1,0,0,0
21,2023-09-19,2,3761,79,1,0,0,0
21,2023-09-20,3,4628,121,1,1,0,0
21,2023-09-21,4,3777,84,1,0,0,0
21,2023-09-22,5,4774,111,1,0,0,0
21,2023-09-23,6,5111,112,1,0,0,0
21,2023-09-24,7,4378,98,1,0,0,0
21,2023-09-25,1,3783,92,1,0,0,0
21,2023-09-26,2,3639,92,1,0,0,0
21,2023-09-27,3,4516,107,1,1,0,0
21,2023-09-28,4,4499,110,1,1,0,0
21,2023-09-29,5,4399,112,1,0,0,0
21,2023-09-30,6,6562,169,1,1,0,0
21,2023-10-01,7,0,0,0,0,0,0
21,2023-10-02,1,3870,95,1,0,0,0
21,2023-10-03,2,3925,94,1,0,0,0
21,2023-10-04,3,3781,83,1,0,0,0
21,2023-10-05,4,4331,110,1,0,0,0
21,2023-10-06,5,4497,97,1,0,0,0
21,2023-10-07,6,7052,196,1,1,0,0
21,2023-10-08,7,5314,149,1,1,0,0
21,2023-10-09,1,3681,80,1,0,0,0
21,2023-10-10,2,4345,103,1,1,0,0
21,2023-10-11,3,5105,123,1,1,0,0
21,2023-10-12,4,3787,87,1,0,0,0
21,2023-10-13,5,4645,120,1,0,0,0
21,2023-10-14,6,5829,119,1,0,0,0
21,2023-10-15,7,4804,109,1,0,0,0
21,2023-10-16,1,3622,75,1,0,0,0
21,2023-10-17,2,3855,106,1,0,0,0
21,2023-10-18,3,4000,104,1,0,0,0
21,2023-10-19,4,3769,89,1,0,0,0
21,2023-10-20,5,4530,99,1,0,0,0
21,2023-10-21,6,5717,153,1,0,0,0
21,2023-10-22,7,4633,110,1,0,0,0
21,2023-10-23,1,3851,98,1,0,0,0
21,2023-10-24,2,3981,97,1,0,0,0
21,2023-10-25,3,4644,114,1,1,0,0
21,2023-10-26,4,3865,92,1,0,0,0
21,2023-10-27,5,4620,123,1,0,0,0
21,2023-10-28,6,5784,146,1,0,0,0
21,2023-10-29,7,5266,127,1,1,0,0
21,2023-10-30,1,4171,86,1,1,0,0
21,2023-10-31,2,3934,99,1,0,0,0
21,2023-11-01,3,3841,98,1,0,0,0
21,2023-11-02,4,4270,113,1,0,0,0
21,2023-11-03,5,4272,102,1,0,0,0
21,2023-11-04,6,7343,220,1,1,0,0
21,2023-11-05,7,5355,114,1,0,0,0
21,2023-11-06,1,3978,83,1,0,0,0
21,2023-11-07,2,4033,108,1,0,0,0
21,2023-11-08,3,3871,102,1,0,0,0
21,2023-11-09,4,4574,101,1,1,0,0
21,2023-11-10,5,4792,117,1,0,0,0
21,2023-11-11,6,6739,148,1,1,0,0
21,2023-11-12,7,4415,99,1,0,0,0
21,2023-11-13,1,3894,83,1,0,0,0
21,2023-11-14,2,3562,77,1,0,0,0
21,2023-11-15,3,3930,94,1,0,0,0
21,2023-11-16,4,4312,120,1,0,0,0
21,2023-11-17,5,4860,118,1,0,0,0
21,2023-11-18,6,6792,173,1,1,0,0
21,2023-11-19,7,0,0,0,0,0,0
21,2023-11-20,1,3796,104,1,0,0,0
21,2023-11-21,2,4123,97,1,0,0,0
21,2023-11-22,3,3830,87,1,0,0,0
21,2023-11-23,4,4529,125,1,1,0,0
21,2023-11-24,5,4432,105,1,0,0,0
21,2023-11-25,6,6459,162,1,1,0,0
21,2023-11-26,7,4878,135,1,0,0,0
21,2023-11-27,1,4756,103,1,1,0,0
21,2023-11-28,2,4380,108,1,1,0,0
21,2023-11-29,3,4648,123,1,1,0,0
21,2023-11-30,4,3826,91,1,0,0,0
21,2023-12-01,5,4566,103,1,0,0,0
21,2023-12-02,6,6362,169,1,0,0,0
21,2023-12-03,7,5099,130,1,0,0,0
21,2023-12-04,1,3685,86,1,0,0,0
21,2023-12-05,2,4288,114,1,1,0,0
21,2023-12-06,3,4665,99,1,0,0,0
21,2023-12-07,4,4834,117,1,1,0,0
21,2023-12-08,5,4897,115,1,0,0,0
21,2023-12-09,6,7268,163,1,1,0,0
21,2023-12-10,7,0,0,0,0,0,0
21,2023-12-11,1,4045,112,1,0,0,0
21,2023-12-12,2,4432,112,1,1,0,0
21,2023-12-13,3,4340,108,1,0,0,0
21,2023-12-14,4,5208,129,1,1,0,0
21,2023-12-15,5,4369,102,1,0,0,0
21,2023-12-16,6,6872,147,1,0,0,0
21,2023-12-17,7,0,0,0,1,0,0
21,2023-12-18,1,4034,92,1,0,0,0
21,2023-12-19,2,3815,83,1,1,0,0
21,2023-12-20,3,4201,112,1,0,0,0
21,2023-12-21,4,4238,99,1,1,0,0
21,2023-12-22,5,4533,117,1,0,0,0
21,2023-12-23,6,5710,140,1,0,0,0
21,2023-12-24,7,0,0,0,0,0,0
21,2023-12-25,1,3952,110,1,0,a,0
21,2023-12-26,2,3943,102,1,0,0,0
21,2023-12-27,3,4255,104,1,0,0,0
21,2023-12-28,4,3929,103,1,0,0,0
21,2023-12-29,5,4527,123,1,0,0,0
21,2023-12-30,6,5633,129,1,0,0,0
21,2023-12-31,7,0,0,0,0,0,0
21,2024-01-01,1,4302,106,1,0,a,0
21,2024-01-02,2,3593,83,1,0,0,0
21,2024-01-03,3,3847,104,1,0,0,0
21,2024-01-04,4,5288,136,1,1,0,0
21,2024-01-05,5,4552,107,1,0,0,0
21,2024-01-06,6,6753,175,1,1,0,0
21,2024-01-07,7,4897,103,1,0,0,0
21,2024-01-08,1,4246,106,1,1,0,0
21,2024-01-09,2,3666,91,1,0,0,0
21,2024-01-10,3,3895,85,1,0,0,0
21,2024-01-11,4,5022,112,1,1,0,0
21,2024-01-12,5,5454,136,1,1,0,0
21,2024-01-13,6,5715,129,1,0,0,0
21,2024-01-14,7,0,0,0,0,0,0
21,2024-01-15,1,4089,103,1,0,0,0
21,2024-01-16,2,3390,92,1,0,0,0
21,2024-01-17,3,4699,129,1,1,0,0
21,2024-01-18,4,4315,111,1,0,0,0
21,2024-01-19,5,4385,102,1,0,0,0
21,2024-01-20,6,6102,142,1,0,0,0
21,2024-01-21,7,0,0,0,0,0,0
21,2024-01-22,1,4299,90,1,0,0,0
21,2024-01-23,2,4317,105,1,1,0,0
21,2024-01-24,3,4150,112,1,0,0,0
21,2024-01-25,4,4436,94,1,1,0,0
21,2024-01-26,5,4620,118,1,0,0,0
21,2024-01-27,6,6161,144,1,0,0,0
21,2024-01-28,7,4698,111,1,0,0,0
21,2024-01-29,1,4169,91,1,0,0,0
21,2024-01-30,2,4645,114,1,1,0,0
21,2024-01-31,3,4067,89,1,0,0,0
21,2024-02-01,4,4114,96,1,0,0,0
21,2024-02-02,5,3899,90,1,0,0,0
21,2024-02-03,6,5737,131,1,0,0,0
21,2024-02-04,7,5863,132,1,1,0,0
21,2024-02-05,1,3900,83,1,0,0,0
21,2024-02-06,2,4548,104,1,1,0,0
21,2024-02-07,3,3950,85,1,0,0,0
21,2024-02-08,4,3879,87,1,0,0,0
21,2024-02-09,5,4790,120,1,0,0,0
21,2024-02-10,6,1049,24,1,1,0,0
21,2024-02-11,7,5493,130,1,1,0,0
21,2024-02-12,1,4033,104,1,0,0,0
21,2024-02-13,2,3742,94,1,0,0,0
21,2024-02-14,3,4369,101,1,0,0,0
21,2024-02-15,4,4596,113,1,0,0,0
21,2024-02-16,5,4438,90,1,0,0,0
21,2024-02-17,6,5719,123,1,0,0,0
21,2024-02-18,7,4741,120,1,0,0,0
21,2024-02-19,1,4196,107,1,0,0,0
21,2024-02-20,2,3974,93,1,0,0,0
21,2024-02-21,3,4841,121,1,1,0,0
21,2024-02-22,4,4466,108,1,0,0,0
21,2024-02-23,5,5086,116,1,1,0,0
21,2024-02-24,6,6107,159,1,0,0,0
21,2024-02-25,7,4868,130,1,0,0,0
21,2024-02-26,1,4059,96,1,0,0,0
21,2024-02-27,2,4109,103,1,0,0,0
21,2024-02-28,3,4033,89,1,0,0,0
21,2024-02-29,4,4051,80,1,0,0,0
21,2024-03-01,5,5055,128,1,1,0,0
21,2024-03-02,6,6490,139,1,0,0,0
21,2024-03-03,7,5580,144,1,1,0,0
21,2024-03-04,1,3707,84,1,0,0,0
21,2024-03-05,2,4161,101,1,0,0,0
21,2024-03-06,3,3722,85,1,0,0,0
21,2024-03-07,4,4459,104,1,1,0,0
21,2024-03-08,5,4573,100,1,0,0,0
21,2024-03-09,6,6684,161,1,1,0,0
21,2024-03-10,7,0,0,0,0,0,0
21,2024-03-11,1,4142,93,1,1,0,0
21,2024-03-12,2,3962,88,1,0,0,0
21,2024-03-13,3,4337,117,1,0,0,0
21,2024-03-14,4,4003,104,1,0,0,0
21,2024-03-15,5,4566,111,1,0,0,0
21,2024-03-16,6,5745,134,1,0,0,0
21,2024-03-17,7,0,0,0,0,0,0
21,2024-03-18,1,3777,82,1,0,0,0
21,2024-03-19,2,3670,101,1,0,0,0
21,2024-03-20,3,4052,93,1,0,0,0
21,2024-03-21,4,4288,96,1,0,0,0
21,2024-03-22,5,4697,122,1,0,0,0
21,2024-03-23,6,6742,141,1,1,0,0
21,2024-03-24,7,0,0,0,1,0,0
21,2024-03-25,1,4044,111,1,0,0,0
21,2024-03-26,2,4234,99,1,1,0,0
21,2024-03-27,3,3542,86,1,0,0,0
21,2024-03-28,4,4333,100,1,0,0,0
21,2024-03-29,5,4609,101,1,0,0,0
21,2024-03-30,6,6522,153,1,1,0,0
21,2024-03-31,7,0,0,0,0,0,0
21,2024-04-01,1,4977,127,1,1,0,0
21,2024-04-02,2,4791,124,1,1,0,0
21,2024-04-03,3,7455,198,1,0,0,0
21,2024-04-04,4,6409,135,1,0,0,0
21,2024-04-05,5,8912,234,1,0,0,0
21,2024-04-06,6,10326,271,1,0,0,0
21,2024-04-07,7,0,0,0,0,0,0
21,2024-04-08,1,7544,186,1,0,0,0
21,2024-04-09,2,7778,189,1,0,0,0
21,2024-04-10,3,0,0,0,0,b,0
21,2024-04-11,4,0,0,0,0,b,0
21,2024-04-12,5,4857,118,1,0,0,0
21,2024-04-13,6,5690,134,1,0,0,0
21,2024-04-14,7,4511,125,1,0,0,0
21,2024-04-15,1,4234,95,1,0,0,0
21,2024-04-16,2,4591,102,1,1,0,0
21,2024-04-17,3,3811,91,1,0,0,0
21,2024-04-18,4,4233,100,1,0,0,0
21,2024-04-19,5,5561,123,1,1,0,0
21,2024-04-20,6,6306,162,1,0,0,0
21,2024-04-21,7,5831,137,1,1,0,0
21,2024-04-22,1,3950,93,1,0,0,0
21,2024-04-23,2,4333,89,1,1,0,0
21,2024-04-24,3,4760,124,1,1,0,0
21,2024-04-25,4,4420,107,1,0,0,0
21,2024-04-26,5,4911,135,1,0,0,0
21,2024-04-27,6,7497,194,1,1,0,0
21,2024-04-28,7,5673,136,1,1,0,0
21,2024-04-29,1,4377,106,1,1,0,0
21,2024-04-30,2,4155,97,1,0,0,0
21,2024-05-01,3,4759,112,1,1,0,0
21,2024-05-02,4,3983,114,1,0,0,0
21,2024-05-03,5,4852,102,1,0,0,0
21,2024-05-04,6,6478,153,1,0,0,0
21,2024-05-05,7,5026,111,1,0,0,0
21,2024-05-06,1,4323,90,1,0,0,0
21,2024-05-07,2,3852,95,1,0,0,0
21,2024-05-08,3,3977,95,1,0,0,0
21,2024-05-09,4,4445,108,1,0,0,0
21,2024-05-10,5,5324,147,1,1,0,0
21,2024-05-11,6,6426,141,1,0,0,0
21,2024-05-12,7,0,0,0,0,0,0
21,2024-05-13,1,4289,97,1,0,0,0
21,2024-05-14,2,4078,90,1,0,0,0
21,2024-05-15,3,3948,94,1,0,0,0
21,2024-05-16,4,3845,98,1,0,0,0
21,2024-05-17,5,4905,116,1,0,0,0
21,2024-05-18,6,7178,171,1,1,0,0
21,2024-05-19,7,0,0,0,0,0,0
21,2024-05-20,1,4210,114,1,0,0,0
21,2024-05-21,2,4235,112,1,0,0,0
21,2024-05-22,3,3994,117,1,0,0,0
21,2024-05-23,4,3863,99,1,0,0,0
21,2024-05-24,5,4957,134,1,0,0,0
21,2024-05-25,6,6466,146,1,0,0,0
21,2024-05-26,7,0,0,0,0,0,0
21,2024-05-27,1,4212,106,1,0,0,0
21,2024-05-28,2,4031,93,1,0,0,0
21,2024-05-29,3,4743,120,1,1,0,0
21,2024-05-30,4,4407,102,1,0,0,0
21,2024-05-31,5,4616,122,1,0,0,0
21,2024-06-01,6,5754,145,1,0,0,1
21,2024-06-02,7,5823,134,1,1,0,1
21,2024-06-03,1,4733,137,1,1,0,1
21,2024-06-04,2,3466,73,1,0,0,1
21,2024-06-05,3,4494,106,1,1,0,1
21,2024-06-06,4,4145,109,1,0,0,1
21,2024-06-07,5,5597,129,1,1,0,1
21,2024-06-08,6,5634,120,1,0,0,1
21,2024-06-09,7,4891,107,1,0,0,1
21,2024-06-10,1,4461,114,1,0,0,1
21,2024-06-11,2,3991,100,1,0,0,1
21,2024-06-12,3,4186,104,1,0,0,1
21,2024-06-13,4,4283,106,1,0,0,1
21,2024-06-14,5,4983,129,1,0,0,1
21,2024-06-15,6,6121,128,1,0,0,1
21,2024-06-16,7,4923,140,1,0,0,1
21,2024-06-17,1,4720,105,1,1,0,1
21,2024-06-18,2,4885,116,1,1,0,1
21,2024-06-19,3,4887,128,1,1,0,1
21,2024-06-20,4,4962,118,1,1,0,1
21,2024-06-21,5,5037,123,1,0,0,1
21,2024-06-22,6,5958,127,1,0,0,1
21,2024-06-23,7,4187,92,1,0,0,1
21,2024-06-24,1,4171,88,1,0,0,1
21,2024-06-25,2,4077,101,1,0,0,1
21,2024-06-26,3,4649,116,1,1,0,1
21,2024-06-27,4,4251,106,1,0,0,1
21,2024-06-28,5,5823,142,1,1,0,1
21,2024-06-29,6,6266,160,1,0,0,1
21,2024-06-30,7,6166,167,1,1,0,1
22,2022-01-01,6,6242,107,1,0,a,0
22,2022-01-02,7,0,0,0,0,0,0
22,2022-01-03,1,5318,118,1,1,0,0
22,2022-01-04,2,4092,99,1,0,0,0
22,2022-01-05,3,4294,84,1,0,0,0
22,2022-01-06,4,4291,93,1,0,0,0
22,2022-01-07,5,4661,101,1,0,0,0
22,2022-01-08,6,6007,134,1,0,0,0
22,2022-01-09,7,5161,116,1,0,0,0
22,2022-01-10,1,4250,82,1,0,0,0
22,2022-01-11,2,3497,79,1,0,0,0
22,2022-01-12,3,4056,76,1,0,0,0
22,2022-01-13,4,5004,116,1,1,0,0
22,2022-01-14,5,5860,126,1,1,0,0
22,2022-01-15,6,5997,131,1,0,0,0
22,2022-01-16,7,5077,110,1,0,0,0
22,2022-01-17,1,4163,75,1,0,0,0
22,2022-01-18,2,5579,110,1,1,0,0
22,2022-01-19,3,5371,131,1,1,0,0
22,2022-01-20,4,5620,135,1,1,0,0
22,2022-01-21,5,4475,109,1,0,0,0
22,2022-01-22,6,6091,151,1,0,0,0
22,2022-01-23,7,0,0,0,0,0,0
22,2022-01-24,1,4256,80,1,0,0,0
22,2022-01-25,2,4052,95,1,0,0,0
22,2022-01-26,3,4154,93,1,0,0,0
22,2022-01-27,4,5718,139,1,1,0,0
22,2022-01-28,5,4761,102,1,0,0,0
22,2022-01-29,6,8276,160,1,1,0,0
22,2022-01-30,7,0,0,0,0,0,0
22,2022-01-31,1,5011,108,1,1,0,0
22,2022-02-01,2,5343,116,1,1,0,0
22,2022-02-02,3,5323,124,1,1,0,0
22,2022-02-03,4,5360,116,1,1,0,0
22,2022-02-04,5,6164,143,1,1,0,0
22,2022-02-05,6,5725,121,1,0,0,0
22,2022-02-06,7,4932,115,1,0,0,0
22,2022-02-07,1,4235,90,1,0,0,0
22,2022-02-08,2,4997,127,1,1,0,0
22,2022-02-09,3,5589,135,1,1,0,0
22,2022-02-10,4,4295,100,1,0,0,0
22,2022-02-11,5,4874,114,1,0,0,0
22,2022-02-12,6,6193,147,1,0,0,0
22,2022-02-13,7,0,0,0,1,0,0
22,2022-02-14,1,4238,90,1,0,0,0
22,2022-02-15,2,4129,87,1,0,0,0
22,2022-02-16,3,3840,79,1,0,0,0
22,2022-02-17,4,3848,89,1,0,0,0
22,2022-02-18,5,4744,100,1,0,0,0
22,2022-02-19,6,6627,173,1,0,0,0
22,2022-02-20,7,0,0,0,1,0,0
22,2022-02-21,1,3785,89,1,0,0,0
22,2022-02-22,2,4403,98,1,0,0,0
22,2022-02-23,3,5633,128,1,1,0,0
22,2022-02-24,4,5338,119,1,1,0,0
22,2022-02-25,5,6651,151,1,1,0,0
22,2022-02-26,6,6400,133,1,0,0,0
22,2022-02-27,7,0,0,0,1,0,0
22,2022-02-28,1,3800,83,1,0,0,0
22,2022-03-01,2,5126,103,1,1,0,0
22,2022-03-02,3,4276,86,1,0,0,0
22,2022-03-03,4,4900,102,1,0,0,0
22,2022-03-04,5,4642,107,1,0,0,0
22,2022-03-05,6,5989,129,1,0,0,0
22,2022-03-06,7,6221,140,1,1,0,0
22,2022-03-07,1,4735,116,1,0,0,0
22,2022-03-08,2,3853,76,1,0,0,0
22,2022-03-09,3,4554,116,1,0,0,0
22,2022-03-10,4,4072,100,1,0,0,0
22,2022-03-11,5,6234,145,1,1,0,0
22,2022-03-12,6,7886,196,1,1,0,0
22,2022-03-13,7,6172,137,1,1,0,0
22,2022-03-14,1,4338,84,1,0,0,0
22,2022-03-15,2,3932,96,1,0,0,0
22,2022-03-16,3,3937,81,1,0,0,0
22,2022-03-17,4,4355,102,1,0,0,0
22,2022-03-18,5,4666,93,1,0,0,0
22,2022-03-19,6,7964,183,1,1,0,0
22,2022-03-20,7,5053,98,1,0,0,0
22,2022-03-21,1,4524,91,1,0,0,0
22,2022-03-22,2,4038,89,1,0,0,0
22,2022-03-23,3,4350,98,1,0,0,0
22,2022-03-24,4,5218,95,1,1,0,0
22,2022-03-25,5,4795,116,1,0,0,0
22,2022-03-26,6,6014,144,1,0,0,0
22,2022-03-27,7,5440,129,1,0,0,0
22,2022-03-28,1,5055,110,1,1,0,0
22,2022-03-29,2,4972,116,1,1,0,0
22,2022-03-30,3,4363,97,1,0,0,0
22,2022-03-31,4,4282,85,1,0,0,0
22,2022-04-01,5,5255,118,1,0,0,0
22,2022-04-02,6,6931,128,1,0,0,0
22,2022-04-03,7,6143,125,1,1,0,0
22,2022-04-04,1,5487,114,1,1,0,0
22,2022-04-05,2,4931,111,1,1,0,0
22,2022-04-06,3,4230,107,1,0,0,0
22,2022-04-07,4,5753,106,1,1,0,0
22,2022-04-08,5,4953,123,1,0,0,0
22,2022-04-09,6,7972,186,1,1,0,0
22,2022-04-10,7,5438,126,1,0,0,0
22,2022-04-11,1,4449,94,1,0,0,0
22,2022-04-12,2,4137,91,1,0,0,0
22,2022-04-13,3,4178,91,1,0,0,0
22,2022-04-14,4,4457,111,1,0,0,0
22,2022-04-15,5,5849,143,1,1,0,0
22,2022-04-16,6,6586,152,1,0,0,0
22,2022-04-17,7,0,0,0,0,0,0
22,2022-04-18,1,3993,81,1,0,0,0
22,2022-04-19,2,4411,90,1,0,0,0
22,2022-04-20,3,5400,132,1,1,0,0
22,2022-04-21,4,4298,106,1,0,0,0
22,2022-04-22,5,5219,109,1,0,0,0
22,2022-04-23,6,8435,197,1,1,0,0
22,2022-04-24,7,0,0,0,1,0,0
22,2022-04-25,1,8045,154,1,0,0,0
22,2022-04-26,2,9393,186,1,1,0,0
22,2022-04-27,3,8175,175,1,0,0,0
22,2022-04-28,4,10032,219,1,1,0,0
22,2022-04-29,5,9072,206,1,0,0,0
22,2022-04-30,6,14094,289,1,1,0,0
22,2022-05-01,7,0,0,0,0,0,0
22,2022-05-02,1,0,0,0,0,b,0
22,2022-05-03,2,0,0,0,0,b,0
22,2022-05-04,3,4378,103,1,0,0,0
22,2022-05-05,4,5815,120,1,1,0,0
22,2022-05-06,5,4705,95,1,0,0,0
22,2022-05-07,6,6507,150,1,0,0,0
22,2022-05-08,7,0,0,0,0,0,0
22,2022-05-09,1,4645,98,1,0,0,0
22,2022-05-10,2,5378,102,1,1,0,0
22,2022-05-11,3,4220,86,1,0,0,0
22,2022-05-12,4,4349,103,1,0,0,0
22,2022-05-13,5,6442,162,1,1,0,0
22,2022-05-14,6,7765,165,1,1,0,0
22,2022-05-15,7,0,0,0,0,0,0
22,2022-05-16,1,4076,90,1,0,0,0
22,2022-05-17,2,5241,107,1,1,0,0
22,2022-05-18,3,5504,127,1,1,0,0
22,2022-05-19,4,5532,113,1,1,0,0
22,2022-05-20,5,6744,155,1,1,0,0
22,2022-05-21,6,8224,185,1,1,0,0
22,2022-05-22,7,7089,174,1,1,0,0
22,2022-05-23,1,5368,113,1,1,0,0
22,2022-05-24,2,4020,87,1,0,0,0
22,2022-05-25,3,4147,94,1,0,0,0
22,2022-05-26,4,4479,94,1,0,0,0
22,2022-05-27,5,5170,105,1,0,0,0
22,2022-05-28,6,7891,154,1,1,0,0
22,2022-05-29,7,0,0,0,1,0,0
22,2022-05-30,1,5718,122,1,1,0,0
22,2022-05-31,2,5015,112,1,1,0,0
22,2022-06-01,3,4131,90,1,0,0,1
22,2022-06-02,4,5912,148,1,1,0,1
22,2022-06-03,5,5059,120,1,0,0,1
22,2022-06-04,6,6524,150,1,0,0,1
22,2022-06-05,7,0,0,0,0,0,1
22,2022-06-06,1,4944,122,1,1,0,1
22,2022-06-07,2,4281,94,1,0,0,1
22,2022-06-08,3,5524,137,1,1,0,1
22,2022-06-09,4,4628,110,1,0,0,1
22,2022-06-10,5,4762,92,1,0,0,1
22,2022-06-11,6,6458,119,1,0,0,1
22,2022-06-12,7,0,0,0,0,0,1
22,2022-06-13,1,5642,121,1,1,0,1
22,2022-06-14,2,4178,85,1,0,0,1
22,2022-06-15,3,5320,138,1,1,0,1
22,2022-06-16,4,5384,120,1,1,0,1
22,2022-06-17,5,6536,143,1,1,0,1
22,2022-06-18,6,6760,134,1,0,0,1
22,2022-06-19,7,0,0,0,1,0,1
22,2022-06-20,1,4229,88,1,0,0,1
22,2022-06-21,2,3991,89,1,0,0,1
22,2022-06-22,3,4368,86,1,0,0,1
22,2022-06-23,4,5477,129,1,1,0,1
22,2022-06-24,5,4862,111,1,0,0,1
22,2022-06-25,6,6609,140,1,0,0,1
22,2022-06-26,7,5549,125,1,0,0,1
22,2022-06-27,1,4395,99,1,0,0,1
22,2022-06-28,2,4235,102,1,0,0,1
22,2022-06-29,3,5731,129,1,1,0,1
22,2022-06-30,4,4497,103,1,0,0,1
22,2022-07-01,5,6742,168,1,1,0,1
22,2022-07-02,6,7437,147,1,0,0,1
22,2022-07-03,7,6381,149,1,1,0,1
22,2022-07-04,1,4575,97,1,0,0,1
22,2022-07-05,2,4474,96,1,0,0,1
22,2022-07-06,3,4528,110,1,0,0,1
22,2022-07-07,4,4850,118,1,0,0,1
22,2022-07-08,5,6409,132,1,1,0,1
22,2022-07-09,6,6689,119,1,0,0,1
22,2022-07-10,7,0,0,0,1,0,1
22,2022-07-11,1,5440,125,1,1,0,1
22,2022-07-12,2,4361,97,1,0,0,1
22,2022-07-13,3,4513,101,1,0,0,1
22,2022-07-14,4,4326,90,1,0,0,1
22,2022-07-15,5,5176,114,1,0,0,1
22,2022-07-16,6,6411,138,1,0,0,1
22,2022-07-17,7,0,0,0,1,0,1
22,2022-07-18,1,4540,107,1,0,0,1
22,2022-07-19,2,4037,90,1,0,0,1
22,2022-07-20,3,4368,95,1,0,0,1
22,2022-07-21,4,4330,90,1,0,0,1
22,2022-07-22,5,6193,128,1,1,0,1
22,2022-07-23,6,9101,209,1,1,0,1
22,2022-07-24,7,6372,143,1,1,0,1
22,2022-07-25,1,5381,126,1,1,0,1
22,2022-07-26,2,4537,93,1,0,0,1
22,2022-07-27,3,4533,103,1,0,0,1
22,2022-07-28,4,4550,106,1,0,0,1
22,2022-07-29,5,6113,130,1,1,0,1
22,2022-07-30,6,8418,199,1,1,0,1
22,2022-07-31,7,5224,107,1,0,0,1
22,2022-08-01,1,4818,99,1,0,0,0
22,2022-08-02,2,4190,98,1,0,0,0
22,2022-08-03,3,6025,130,1,1,0,0
22,2022-08-04,4,4792,118,1,0,0,0
22,2022-08-05,5,6619,143,1,1,0,0
22,2022-08-06,6,6475,165,1,0,0,0
22,2022-08-07,7,5197,112,1,0,0,0
22,2022-08-08,1,5371,124,1,1,0,0
22,2022-08-09,2,4480,102,1,0,0,0
22,2022-08-10,3,5711,127,1,1,0,0
22,2022-08-11,4,5212,117,1,1,0,0
22,2022-08-12,5,4756,96,1,0,0,0
22,2022-08-13,6,8118,195,1,1,0,0
22,2022-08-14,7,0,0,0,0,0,0
22,2022-08-15,1,4311,87,1,0,0,0
22,2022-08-16,2,5198,116,1,1,0,0
22,2022-08-17,3,4241,80,1,0,a,0
22,2022-08-18,4,4817,115,1,0,0,0
22,2022-08-19,5,6398,135,1,1,0,0
22,2022-08-20,6,7100,152,1,0,0,0
22,2022-08-21,7,6239,152,1,1,0,0
22,2022-08-22,1,5650,135,1,1,0,0
22,2022-08-23,2,4390,101,1,0,0,0
22,2022-08-24,3,4658,107,1,0,0,0
22,2022-08-25,4,4806,123,1,0,0,0
22,2022-08-26,5,4973,126,1,0,0,0
22,2022-08-27,6,8128,150,1,1,0,0
22,2022-08-28,7,6741,156,1,1,0,0
22,2022-08-29,1,4157,95,1,0,0,0
22,2022-08-30,2,4502,90,1,0,0,0
22,2022-08-31,3,4903,103,1,1,0,0
22,2022-09-01,4,4355,112,1,0,0,0
22,2022-09-02,5,5853,129,1,1,0,0
22,2022-09-03,6,8669,197,1,1,0,0
22,2022-09-04,7,0,0,0,0,0,0
22,2022-09-05,1,4268,91,1,0,0,0
22,2022-09-06,2,5386,126,1,1,0,0
22,2022-09-07,3,4544,118,1,0,0,0
22,2022-09-08,4,4345,97,1,0,0,0
22,2022-09-09,5,6448,145,1,1,0,0
22,2022-09-10,6,8804,202,1,1,0,0
22,2022-09-11,7,0,0,0,0,0,0
22,2022-09-12,1,4580,102,1,0,0,0
22,2022-09-13,2,4352,98,1,0,0,0
22,2022-09-14,3,4700,98,1,0,0,0
22,2022-09-15,4,4804,105,1,0,0,0
22,2022-09-16,5,4842,114,1,0,0,0
22,2022-09-17,6,6296,121,1,0,0,0
22,2022-09-18,7,0,0,0,0,0,0
22,2022-09-19,1,4253,74,1,0,0,0
22,2022-09-20,2,4083,86,1,0,0,0
22,2022-09-21,3,4791,122,1,0,0,0
22,2022-09-22,4,4663,112,1,0,0,0
22,2022-09-23,5,6403,140,1,1,0,0
22,2022-09-24,6,6212,126,1,0,0,0
22,2022-09-25,7,5266,124,1,0,0,0
22,2022-09-26,1,5416,106,1,1,0,0
22,2022-09-27,2,4116,91,1,0,0,0
22,2022-09-28,3,5293,121,1,1,0,0
22,2022-09-29,4,5064,108,1,0,0,0
22,2022-09-30,5,5511,116,1,0,0,0
22,2022-10-01,6,6586,145,1,0,0,0
22,2022-10-02,7,5038,111,1,0,0,0
22,2022-10-03,1,4035,74,1,0,0,0
22,2022-10-04,2,4222,118,1,0,0,0
22,2022-10-05,3,4008,93,1,0,0,0
22,2022-10-06,4,5700,140,1,1,0,0
22,2022-10-07,5,4636,104,1,0,0,0
22,2022-10-08,6,6602,172,1,0,0,0
22,2022-10-09,7,5459,125,1,0,0,0
22,2022-10-10,1,4383,101,1,0,0,0
22,2022-10-11,2,5996,156,1,1,0,0
22,2022-10-12,3,4478,98,1,0,0,0
22,2022-10-13,4,5078,106,1,0,0,0
22,2022-10-14,5,6554,162,1,1,0,0
22,2022-10-15,6,9142,210,1,1,0,0
22,2022-10-16,7,4940,121,1,0,0,0
22,2022-10-17,1,4192,82,1,0,0,0
22,2022-10-18,2,4273,87,1,0,0,0
22,2022-10-19,3,4896,107,1,0,0,0
22,2022-10-20,4,4626,111,1,0,0,0
22,2022-10-21,5,5000,100,1,0,0,0
22,2022-10-22,6,8573,205,1,1,0,0
22,2022-10-23,7,5671,116,1,0,0,0
22,2022-10-24,1,4270,105,1,0,0,0
22,2022-10-25,2,4193,95,1,0,0,0
22,2022-10-26,3,4926,116,1,0,0,0
22,2022-10-27,4,4983,114,1,0,0,0
22,2022-10-28,5,5578,129,1,0,0,0
22,2022-10-29,6,6982,133,1,0,0,0
22,2022-10-30,7,5203,129,1,0,0,0
22,2022-10-31,1,4441,94,1,0,0,0
22,2022-11-01,2,4119,96,1,0,0,0
22,2022-11-02,3,4771,108,1,0,0,0
22,2022-11-03,4,4571,98,1,0,0,0
22,2022-11-04,5,4750,110,1,0,0,0
22,2022-11-05,6,6718,134,1,0,0,0
22,2022-11-06,7,7189,148,1,1,0,0
22,2022-11-07,1,5186,108,1,1,0,0
22,2022-11-08,2,4331,96,1,0,0,0
22,2022-11-09,3,5538,129,1,1,0,0
22,2022-11-10,4,4940,108,1,0,0,0
22,2022-11-11,5,5839,122,1,1,0,0
22,2022-11-12,6,7072,172,1,0,0,0
22,2022-11-13,7,0,0,0,0,0,0
22,2022-11-14,1,4428,95,1,0,0,0
22,2022-11-15,2,4553,95,1,0,0,0
22,2022-11-16,3,6128,135,1,1,0,0
22,2022-11-17,4,4727,108,1,0,0,0
22,2022-11-18,5,5024,106,1,0,0,0
22,2022-11-19,6,6526,150,1,0,0,0
22,2022-11-20,7,5782,140,1,0,0,0
22,2022-11-21,1,4274,94,1,0,0,0
22,2022-11-22,2,4445,85,1,0,0,0
22,2022-11-23,3,4575,104,1,0,0,0
22,2022-11-24,4,6129,126,1,1,0,0
22,2022-11-25,5,5231,119,1,0,0,0
22,2022-11-26,6,6570,149,1,0,0,0
22,2022-11-27,7,5336,111,1,0,0,0
22,2022-11-28,1,5453,117,1,1,0,0
22,2022-11-29,2,4079,86,1,0,0,0
22,2022-11-30,3,4697,114,1,0,0,0
22,2022-12-01,4,5977,126,1,1,0,0
22,2022-12-02,5,4848,110,1,0,0,0
22,2022-12-03,6,6591,124,1,0,0,0
22,2022-12-04,7,5408,119,1,0,0,0
22,2022-12-05,1,5445,131,1,1,0,0
22,2022-12-06,2,5453,136,1,1,0,0
22,2022-12-07,3,5706,134,1,1,0,0
22,2022-12-08,4,4952,109,1,0,0,0
22,2022-12-09,5,5239,114,1,0,0,0
22,2022-12-10,6,6939,155,1,0,0,0
22,2022-12-11,7,0,0,0,1,0,0
22,2022-12-12,1,5321,119,1,1,0,0
22,2022-12-13,2,4094,91,1,0,0,0
22,2022-12-14,3,4506,98,1,0,0,0
22,2022-12-15,4,4762,114,1,0,0,0
22,2022-12-16,5,5687,115,1,0,0,0
22,2022-12-17,6,6471,152,1,0,0,0
22,2022-12-18,7,5736,140,1,0,0,0
22,2022-12-19,1,4316,94,1,0,0,0
22,2022-12-20,2,4409,101,1,0,0,0
22,2022-12-21,3,5713,133,1,1,0,0
22,2022-12-22,4,5671,141,1,1,0,0
22,2022-12-23,5,6296,129,1,1,0,0
22,2022-12-24,6,9129,200,1,1,0,0
22,2022-12-25,7,0,0,0,0,a,0
22,2022-12-26,1,4736,106,1,0,0,0
22,2022-12-27,2,5702,139,1,1,0,0
22,2022-12-28,3,4473,89,1,0,0,0
22,2022-12-29,4,4764,109,1,0,0,0
22,2022-12-30,5,5300,121,1,0,0,0
22,2022-12-31,6,8675,186,1,1,0,0
22,2023-01-01,7,5410,134,1,0,a,0
22,2023-01-02,1,4178,93,1,0,0,0
22,2023-01-03,2,4265,94,1,0,0,0
22,2023-01-04,3,6114,113,1,1,0,0
22,2023-01-05,4,4766,118,1,0,0,0
22,2023-01-06,5,5166,111,1,0,0,0
22,2023-01-07,6,6286,141,1,0,0,0
22,2023-01-08,7,7342,160,1,1,0,0
22,2023-01-09,1,5600,130,1,1,0,0
22,2023-01-10,2,4668,102,1,0,0,0
22,2023-01-11,3,4788,104,1,0,0,0
22,2023-01-12,4,6215,153,1,1,0,0
22,2023-01-13,5,5725,132,1,0,0,0
22,2023-01-14,6,8550,197,1,1,0,0
22,2023-01-15,7,5504,114,1,0,0,0
22,2023-01-16,1,4889,113,1,0,0,0
22,2023-01-17,2,5775,121,1,1,0,0
22,2023-01-18,3,4474,106,1,0,0,0
22,2023-01-19,4,5040,116,1,0,0,0
22,2023-01-20,5,5697,121,1,0,0,0
22,2023-01-21,6,7534,170,1,1,0,0
22,2023-01-22,7,5205,120,1,0,0,0
22,2023-01-23,1,4359,104,1,0,0,0
22,2023-01-24,2,5754,126,1,1,0,0
22,2023-01-25,3,4829,116,1,0,0,0
22,2023-01-26,4,4923,124,1,0,0,0
22,2023-01-27,5,5537,132,1,0,0,0
22,2023-01-28,6,8055,173,1,1,0,0
22,2023-01-29,7,0,0,0,0,0,0
22,2023-01-30,1,4836,118,1,0,0,0
22,2023-01-31,2,4473,107,1,0,0,0
22,2023-02-01,3,6169,125,1,1,0,0
22,2023-02-02,4,5799,109,1,1,0,0
22,2023-02-03,5,5033,95,1,0,0,0
22,2023-02-04,6,6400,125,1,0,0,0
22,2023-02-05,7,7241,153,1,1,0,0
22,2023-02-06,1,4816,107,1,0,0,0
22,2023-02-07,2,5724,109,1,1,0,0
22,2023-02-08,3,4549,104,1,0,0,0
22,2023-02-09,4,4969,110,1,0,0,0
22,2023-02-10,5,5486,125,1,0,0,0
22,2023-02-11,6,7691,187,1,1,0,0
22,2023-02-12,7,0,0,0,0,0,0
22,2023-02-13,1,4630,100,1,0,0,0
22,2023-02-14,2,4713,96,1,0,0,0
22,2023-02-15,3,4650,102,1,0,0,0
22,2023-02-16,4,4859,91,1,0,0,0
22,2023-02-17,5,5315,123,1,0,0,0
22,2023-02-18,6,8686,212,1,1,0,0
22,2023-02-19,7,5207,114,1,0,0,0
22,2023-02-20,1,5545,120,1,1,0,0
22,2023-02-21,2,3974,86,1,0,0,0
22,2023-02-22,3,4575,98,1,0,0,0
22,2023-02-23,4,4952,112,1,0,0,0
22,2023-02-24,5,6413,156,1,1,0,0
22,2023-02-25,6,8479,216,1,1,0,0
22,2023-02-26,7,0,0,0,0,0,0
22,2023-02-27,1,6507,146,1,1,0,0
22,2023-02-28,2,4463,108,1,0,0,0
22,2023-03-01,3,4855,107,1,0,0,0
22,2023-03-02,4,4795,103,1,0,0,0
22,2023-03-03,5,5446,131,1,0,0,0
22,2023-03-04,6,6872,166,1,0,0,0
22,2023-03-05,7,6863,154,1,1,0,0
22,2023-03-06,1,725,16,1,0,0,0
22,2023-03-07,2,5961,123,1,1,0,0
22,2023-03-08,3,4762,99,1,0,0,0
22,2023-03-09,4,4558,98,1,0,0,0
22,2023-03-10,5,6558,146,1,1,0,0
22,2023-03-11,6,8232,169,1,1,0,0
22,2023-03-12,7,0,0,0,1,0,0
22,2023-03-13,1,4423,94,1,0,0,0
22,2023-03-14,2,5863,129,1,1,0,0
22,2023-03-15,3,6165,126,1,1,0,0
22,2023-03-16,4,4892,104,1,0,0,0
22,2023-03-17,5,5515,128,1,0,0,0
22,2023-03-18,6,6732,144,1,0,0,0
22,2023-03-19,7,5867,130,1,0,0,0
22,2023-03-20,1,4320,97,1,0,0,0
22,2023-03-21,2,5500,124,1,1,0,0
22,2023-03-22,3,4638,101,1,0,0,0
22,2023-03-23,4,6381,136,1,1,0,0
22,2023-03-24,5,5837,138,1,0,0,0
22,2023-03-25,6,6760,125,1,0,0,0
22,2023-03-26,7,5610,118,1,0,0,0
22,2023-03-27,1,4341,103,1,0,0,0
22,2023-03-28,2,5617,113,1,1,0,0
22,2023-03-29,3,6223,135,1,1,0,0
22,2023-03-30,4,4436,117,1,0,0,0
22,2023-03-31,5,6741,160,1,1,0,0
22,2023-04-01,6,7177,166,1,0,0,0
22,2023-04-02,7,0,0,0,0,0,0
22,2023-04-03,1,4578,107,1,0,0,0
22,2023-04-04,2,4718,116,1,0,0,0
22,2023-04-05,3,4535,107,1,0,0,0
22,2023-04-06,4,4691,115,1,0,0,0
22,2023-04-07,5,4899,109,1,0,0,0
22,2023-04-08,6,8817,190,1,1,0,0
22,2023-04-09,7,0,0,0,0,0,0
22,2023-04-10,1,4497,104,1,0,0,0
22,2023-04-11,2,4325,100,1,0,0,0
22,2023-04-12,3,5904,126,1,1,0,0
22,2023-04-13,4,6142,136,1,1,0,0
22,2023-04-14,5,6353,124,1,1,0,0
22,2023-04-15,6,11297,228,1,0,0,0
22,2023-04-16,7,0,0,0,0,0,0
22,2023-04-17,1,9675,210,1,1,0,0
22,2023-04-18,2,7671,159,1,0,0,0
22,2023-04-19,3,8501,163,1,0,0,0
22,2023-04-20,4,8855,205,1,0,0,0
22,2023-04-21,5,9666,243,1,0,0,0
22,2023-04-22,6,0,0,0,0,b,0
22,2023-04-23,7,0,0,0,0,b,0
22,2023-04-24,1,4722,103,1,0,0,0
22,2023-04-25,2,4563,108,1,0,0,0
22,2023-04-26,3,5625,128,1,1,0,0
22,2023-04-27,4,4579,105,1,0,0,0
22,2023-04-28,5,5272,101,1,0,0,0
22,2023-04-29,6,7372,178,1,0,0,0
22,2023-04-30,7,6352,136,1,0,0,0
22,2023-05-01,1,4783,108,1,0,0,0
22,2023-05-02,2,4632,97,1,0,0,0
22,2023-05-03,3,5013,117,1,0,0,0
22,2023-05-04,4,5287,113,1,0,0,0
22,2023-05-05,5,6479,177,1,1,0,0
22,2023-05-06,6,8002,170,1,0,0,0
22,2023-05-07,7,0,0,0,0,0,0
22,2023-05-08,1,4342,103,1,0,0,0
22,2023-05-09,2,5414,126,1,1,0,0
22,2023-05-10,3,5438,138,1,0,0,0
22,2023-05-11,4,6473,146,1,1,0,0
22,2023-05-12,5,5280,137,1,0,0,0
22,2023-05-13,6,7027,162,1,0,0,0
22,2023-05-14,7,0,0,0,0,0,0
22,2023-05-15,1,4876,103,1,0,0,0
22,2023-05-16,2,4878,112,1,0,0,0
22,2023-05-17,3,4833,91,1,0,0,0
22,2023-05-18,4,5001,112,1,0,0,0
22,2023-05-19,5,5353,109,1,0,0,0
22,2023-05-20,6,6686,136,1,0,0,0
22,2023-05-21,7,6795,158,1,1,0,0
22,2023-05-22,1,5804,126,1,1,0,0
22,2023-05-23,2,4653,97,1,0,0,0
22,2023-05-24,3,5544,144,1,1,0,0
22,2023-05-25,4,5445,114,1,0,0,0
22,2023-05-26,5,5271,116,1,0,0,0
22,2023-05-27,6,6722,134,1,0,0,0
22,2023-05-28,7,5716,125,1,0,0,0
22,2023-05-29,1,4129,98,1,0,0,0
22,2023-05-30,2,4664,106,1,0,0,0
22,2023-05-31,3,4554,99,1,0,0,0
22,2023-06-01,4,4473,114,1,0,0,1
22,2023-06-02,5,6887,139,1,1,0,1
22,2023-06-03,6,8857,201,1,1,0,1
22,2023-06-04,7,0,0,0,0,0,1
22,2023-06-05,1,4735,109,1,0,0,1
22,2023-06-06,2,4629,111,1,0,0,1
22,2023-06-07,3,4809,105,1,0,0,1
22,2023-06-08,4,4318,106,1,0,0,1
22,2023-06-09,5,5501,123,1,0,0,1
22,2023-06-10,6,7030,161,1,0,0,1
22,2023-06-11,7,0,0,0,0,0,1
22,2023-06-12,1,5630,131,1,1,0,1
22,2023-06-13,2,5909,122,1,1,0,1
22,2023-06-14,3,4572,82,1,0,0,1
22,2023-06-15,4,5140,119,1,0,0,1
22,2023-06-16,5,6994,163,1,1,0,1
22,2023-06-17,6,7554,186,1,0,0,1
22,2023-06-18,7,5620,127,1,0,0,1
22,2023-06-19,1,5023,117,1,0,0,1
22,2023-06-20,2,4654,112,1,0,0,1
22,2023-06-21,3,5996,126,1,1,0,1
22,2023-06-22,4,4761,96,1,0,0,1
22,2023-06-23,5,5607,123,1,0,0,1
22,2023-06-24,6,6902,141,1,0,0,1
22,2023-06-25,7,0,0,0,0,0,1
22,2023-06-26,1,4899,103,1,0,0,1
22,2023-06-27,2,5757,126,1,1,0,1
22,2023-06-28,3,4900,121,1,0,0,1
22,2023-06-29,4,5359,129,1,0,0,1
22,2023-06-30,5,5662,126,1,0,0,1
22,2023-07-01,6,6842,161,1,0,0,1
22,2023-07-02,7,5655,126,1,0,0,1
22,2023-07-03,1,4757,104,1,0,0,1
22,2023-07-04,2,5110,125,1,0,0,1
22,2023-07-05,3,737,17,1,0,0,1
22,2023-07-06,4,5037,114,1,0,0,1
22,2023-07-07,5,7366,161,1,1,0,1
22,2023-07-08,6,7312,150,1,0,0,1
22,2023-07-09,7,5744,127,1,0,0,1
22,2023-07-10,1,4325,104,1,0,0,1
22,2023-07-11,2,4978,118,1,0,0,1
22,2023-07-12,3,4725,102,1,0,0,1
22,2023-07-13,4,4760,111,1,0,0,1
22,2023-07-14,5,5595,115,1,0,0,1
22,2023-07-15,6,7613,170,1,0,0,1
22,2023-07-16,7,0,0,0,0,0,1
22,2023-07-17,1,4653,110,1,0,0,1
22,2023-07-18,2,4693,123,1,0,0,1
22,2023-07-19,3,4876,110,1,0,0,1
22,2023-07-20,4,6112,153,1,1,0,1
22,2023-07-21,5,6942,144,1,1,0,1
22,2023-07-22,6,6825,166,1,0,0,1
22,2023-07-23,7,5514,113,1,0,0,1
22,2023-07-24,1,4879,111,1,0,0,1
22,2023-07-25,2,4552,109,1,0,0,1
22,2023-07-26,3,4849,88,1,0,0,1
22,2023-07-27,4,4821,101,1,0,0,1
22,2023-07-28,5,6734,147,1,1,0,1
22,2023-07-29,6,6958,161,1,0,0,1
22,2023-07-30,7,5640,123,1,0,0,1
22,2023-07-31,1,5823,117,1,1,0,1
22,2023-08-01,2,4697,108,1,0,0,0
22,2023-08-02,3,5201,97,1,0,0,0
22,2023-08-03,4,5214,132,1,0,0,0
22,2023-08-04,5,5460,111,1,0,0,0
22,2023-08-05,6,6916,148,1,0,0,0
22,2023-08-06,7,0,0,0,0,0,0
22,2023-08-07,1,4603,102,1,0,0,0
22,2023-08-08,2,4403,91,1,0,0,0
22,2023-08-09,3,4885,92,1,0,0,0
22,2023-08-10,4,6814,149,1,1,0,0
22,2023-08-11,5,5453,110,1,0,0,0
22,2023-08-12,6,6634,152,1,0,0,0
22,2023-08-13,7,0,0,0,0,0,0
22,2023-08-14,1,4666,92,1,0,0,0
22,2023-08-15,2,4961,104,1,0,0,0
22,2023-08-16,3,5525,129,1,1,0,0
22,2023-08-17,4,4790,105,1,0,a,0
22,2023-08-18,5,7230,187,1,1,0,0
22,2023-08-19,6,8254,209,1,1,0,0
22,2023-08-20,7,7509,183,1,1,0,0
22,2023-08-21,1,4620,103,1,0,0,0
22,2023-08-22,2,6142,135,1,1,0,0
22,2023-08-23,3,4876,125,1,0,0,0
22,2023-08-24,4,5008,105,1,0,0,0
22,2023-08-25,5,5748,131,1,0,0,0
22,2023-08-26,6,8980,197,1,1,0,0
22,2023-08-27,7,5488,117,1,0,0,0
22,2023-08-28,1,4662,105,1,0,0,0
22,2023-08-29,2,4301,95,1,0,0,0
22,2023-08-30,3,4684,113,1,0,0,0
22,2023-08-31,4,4516,90,1,0,0,0
22,2023-09-01,5,7805,165,1,1,0,0
22,2023-09-02,6,8974,192,1,1,0,0
22,2023-09-03,7,7519,176,1,1,0,0
22,2023-09-04,1,4595,102,1,0,0,0
22,2023-09-05,2,4813,98,1,0,0,0
22,2023-09-06,3,5094,103,1,0,0,0
22,2023-09-07,4,5302,132,1,0,0,0
22,2023-09-08,5,5576,132,1,0,0,0
22,2023-09-09,6,9458,185,1,1,0,0
22,2023-09-10,7,5690,129,1,0,0,0
22,2023-09-11,1,6116,136,1,1,0,0
22,2023-09-12,2,5886,140,1,1,0,0
22,2023-09-13,3,4623,102,1,0,0,0
22,2023-09-14,4,5761,135,1,1,0,0
22,2023-09-15,5,6906,149,1,1,0,0
22,2023-09-16,6,7106,146,1,0,0,0
22,2023-09-17,7,0,0,0,0,0,0
22,2023-09-18,1,5063,114,1,0,0,0
22,2023-09-19,2,5029,104,1,0,0,0
22,2023-09-20,3,5082,111,1,0,0,0
22,2023-09-21,4,5231,125,1,0,0,0
22,2023-09-22,5,5595,123,1,0,0,0
22,2023-09-23,6,7288,147,1,0,0,0
22,2023-09-24,7,6015,126,1,0,0,0
22,2023-09-25,1,4852,114,1,0,0,0
22,2023-09-26,2,4852,102,1,0,0,0
22,2023-09-27,3,4939,112,1,0,0,0
22,2023-09-28,4,4964,122,1,0,0,0
22,2023-09-29,5,7126,146,1,1,0,0
22,2023-09-30,6,7151,171,1,0,0,0
22,2023-10-01,7,6326,152,1,0,0,0
22,2023-10-02,1,4723,112,1,0,0,0
22,2023-10-03,2,5395,118,1,0,0,0
22,2023-10-04,3,5341,121,1,0,0,0
22,2023-10-05,4,4810,106,1,0,0,0
22,2023-10-06,5,7486,166,1,1,0,0
22,2023-10-07,6,9003,186,1,1,0,0
22,2023-10-08,7,0,0,0,0,0,0
22,2023-10-09,1,6519,131,1,1,0,0
22,2023-10-10,2,4545,114,1,0,0,0
22,2023-10-11,3,6037,157,1,1,0,0
22,2023-10-12,4,5299,143,1,0,0,0
22,2023-10-13,5,5542,121,1,0,0,0
22,2023-10-14,6,6452,136,1,0,0,0
22,2023-10-15,7,0,0,0,0,0,0
22,2023-10-16,1,6165,130,1,1,0,0
22,2023-10-17,2,4730,120,1,0,0,0
22,2023-10-18,3,4983,112,1,0,0,0
22,2023-10-19,4,5687,132,1,0,0,0
22,2023-10-20,5,5941,116,1,0,0,0
22,2023-10-21,6,6959,166,1,0,0,0
22,2023-10-22,7,0,0,0,1,0,0
22,2023-10-23,1,6422,154,1,1,0,0
22,2023-10-24,2,5020,103,1,0,0,0
22,2023-10-25,3,4588,93,1,0,0,0
22,2023-10-26,4,4995,115,1,0,0,0
22,2023-10-27,5,6678,147,1,1,0,0
22,2023-10-28,6,9396,183,1,1,0,0
22,2023-10-29,7,5667,118,1,0,0,0
22,2023-10-30,1,6545,151,1,1,0,0
22,2023-10-31,2,5059,106,1,0,0,0
22,2023-11-01,3,4907,106,1,0,0,0
22,2023-11-02,4,6009,132,1,1,0,0
22,2023-11-03,5,5449,113,1,0,0,0
22,2023-11-04,6,7460,156,1,0,0,0
22,2023-11-05,7,6199,127,1,0,0,0
22,2023-11-06,1,4857,121,1,0,0,0
22,2023-11-07,2,4148,100,1,0,0,0
22,2023-11-08,3,6432,142,1,1,0,0
22,2023-11-09,4,4621,101,1,0,0,0
22,2023-11-10,5,6350,151,1,1,0,0
22,2023-11-11,6,7672,166,1,0,0,0
22,2023-11-12,7,5602,104,1,0,0,0
22,2023-11-13,1,6169,130,1,1,0,0
22,2023-11-14,2,4789,109,1,0,0,0
22,2023-11-15,3,4784,103,1,0,0,0
22,2023-11-16,4,5201,118,1,0,0,0
22,2023-11-17,5,5535,127,1,0,0,0
22,2023-11-18,6,7337,186,1,0,0,0
22,2023-11-19,7,7312,162,1,1,0,0
22,2023-11-20,1,5949,148,1,1,0,0
22,2023-11-21,2,4617,107,1,0,0,0
22,2023-11-22,3,5960,128,1,1,0,0
22,2023-11-23,4,6720,171,1,1,0,0
22,2023-11-24,5,6964,181,1,1,0,0
22,2023-11-25,6,6916,149,1,0,0,0
22,2023-11-26,7,0,0,0,0,0,0
22,2023-11-27,1,4761,115,1,0,0,0
22,2023-11-28,2,4688,113,1,0,0,0
22,2023-11-29,3,5179,112,1,0,0,0
22,2023-11-30,4,5003,115,1,0,0,0
22,2023-12-01,5,5601,122,1,0,0,0
22,2023-12-02,6,7579,139,1,0,0,0
22,2023-12-03,7,6117,143,1,0,0,0
22,2023-12-04,1,4729,114,1,0,0,0
22,2023-12-05,2,6276,114,1,1,0,0
22,2023-12-06,3,5236,126,1,0,0,0
22,2023-12-07,4,6738,141,1,1,0,0
22,2023-12-08,5,7257,157,1,1,0,0
22,2023-12-09,6,9114,190,1,1,0,0
22,2023-12-10,7,7090,171,1,1,0,0
22,2023-12-11,1,5708,127,1,1,0,0
22,2023-12-12,2,4777,89,1,0,0,0
22,2023-12-13,3,6275,135,1,1,0,0
22,2023-12-14,4,6392,150,1,1,0,0
22,2023-12-15,5,7121,169,1,1,0,0
22,2023-12-16,6,7869,172,1,0,0,0
22,2023-12-17,7,0,0,0,0,0,0
22,2023-12-18,1,4642,113,1,0,0,0
22,2023-12-19,2,4875,109,1,0,0,0
22,2023-12-20,3,6297,149,1,1,0,0
22,2023-12-21,4,5365,106,1,0,0,0
22,2023-12-22,5,6235,134,1,0,0,0
22,2023-12-23,6,8186,181,1,0,0,0
22,2023-12-24,7,6230,163,1,0,0,0
22,2023-12-25,1,4931,105,1,0,a,0
22,2023-12-26,2,4726,102,1,0,0,0
22,2023-12-27,3,5659,133,1,0,0,0
22,2023-12-28,4,4999,118,1,0,0,0
22,2023-12-29,5,5983,135,1,0,0,0
22,2023-12-30,6,9116,216,1,1,0,0
22,2023-12-31,7,0,0,0,1,0,0
22,2024-01-01,1,6690,169,1,1,a,0
22,2024-01-02,2,4401,109,1,0,0,0
22,2024-01-03,3,4499,108,1,0,0,0
22,2024-01-04,4,5389,128,1,0,0,0
22,2024-01-05,5,7085,185,1,1,0,0
22,2024-01-06,6,9452,212,1,1,0,0
22,2024-01-07,7,0,0,0,0,0,0
22,2024-01-08,1,6357,147,1,1,0,0
22,2024-01-09,2,4757,111,1,0,0,0
22,2024-01-10,3,5277,114,1,0,0,0
22,2024-01-11,4,5458,128,1,0,0,0
22,2024-01-12,5,6212,124,1,0,0,0
22,2024-01-13,6,7882,177,1,0,0,0
22,2024-01-14,7,0,0,0,1,0,0
22,2024-01-15,1,5117,121,1,0,0,0
22,2024-01-16,2,4937,117,1,0,0,0
22,2024-01-17,3,6454,131,1,1,0,0
22,2024-01-18,4,4877,95,1,0,0,0
22,2024-01-19,5,5992,126,1,0,0,0
22,2024-01-20,6,7652,185,1,0,0,0
22,2024-01-21,7,6603,161,1,0,0,0
22,2024-01-22,1,5241,128,1,0,0,0
22,2024-01-23,2,4880,126,1,0,0,0
22,2024-01-24,3,5039,122,1,0,0,0
22,2024-01-25,4,4969,106,1,0,0,0
22,2024-01-26,5,7886,169,1,1,0,0
22,2024-01-27,6,8802,193,1,1,0,0
22,2024-01-28,7,6869,127,1,1,0,0
22,2024-01-29,1,5184,103,1,0,0,0
22,2024-01-30,2,4873,109,1,0,0,0
22,2024-01-31,3,6425,136,1,1,0,0
22,2024-02-01,4,5289,120,1,0,0,0
22,2024-02-02,5,5486,121,1,0,0,0
22,2024-02-03,6,9483,226,1,1,0,0
22,2024-02-04,7,0,0,0,0,0,0
22,2024-02-05,1,4854,107,1,0,0,0
22,2024-02-06,2,6506,132,1,1,0,0
22,2024-02-07,3,6603,154,1,1,0,0
22,2024-02-08,4,4644,116,1,0,0,0
22,2024-02-09,5,5865,123,1,0,0,0
22,2024-02-10,6,7859,168,1,0,0,0
22,2024-02-11,7,0,0,0,1,0,0
22,2024-02-12,1,4761,98,1,0,0,0
22,2024-02-13,2,5110,98,1,0,0,0
22,2024-02-14,3,6217,139,1,1,0,0
22,2024-02-15,4,4737,116,1,0,0,0
22,2024-02-16,5,7700,190,1,1,0,0
22,2024-02-17,6,9260,197,1,1,0,0
22,2024-02-18,7,0,0,0,0,0,0
22,2024-02-19,1,6215,124,1,1,0,0
22,2024-02-20,2,5148,117,1,0,0,0
22,2024-02-21,3,6022,103,1,1,0,0
22,2024-02-22,4,6799,155,1,1,0,0
22,2024-02-23,5,6204,135,1,0,0,0
22,2024-02-24,6,8725,181,1,1,0,0
22,2024-02-25,7,7343,185,1,1,0,0
22,2024-02-26,1,5403,115,1,0,0,0
22,2024-02-27,2,5146,113,1,0,0,0
22,2024-02-28,3,4896,97,1,0,0,0
22,2024-02-29,4,4953,105,1,0,0,0
22,2024-03-01,5,7390,158,1,1,0,0
22,2024-03-02,6,9525,226,1,1,0,0
22,2024-03-03,7,6092,155,1,0,0,0
22,2024-03-04,1,5583,134,1,0,0,0
22,2024-03-05,2,5048,126,1,0,0,0
22,2024-03-06,3,4899,121,1,0,0,0
22,2024-03-07,4,5561,121,1,0,0,0
22,2024-03-08,5,5856,145,1,0,0,0
22,2024-03-09,6,7254,161,1,0,0,0
22,2024-03-10,7,7994,160,1,1,0,0
22,2024-03-11,1,5377,117,1,0,0,0
22,2024-03-12,2,4951,105,1,0,0,0
22,2024-03-13,3,4871,116,1,0,0,0
22,2024-03-14,4,6650,143,1,1,0,0
22,2024-03-15,5,6960,161,1,1,0,0
22,2024-03-16,6,9507,218,1,1,0,0
22,2024-03-17,7,6360,142,1,0,0,0
22,2024-03-18,1,4520,101,1,0,0,0
22,2024-03-19,2,5081,113,1,0,0,0
22,2024-03-20,3,5034,101,1,0,0,0
22,2024-03-21,4,5149,110,1,0,0,0
22,2024-03-22,5,6835,162,1,1,0,0
22,2024-03-23,6,7128,144,1,0,0,0
22,2024-03-24,7,6680,151,1,0,0,0
22,2024-03-25,1,6546,149,1,1,0,0
22,2024-03-26,2,5231,106,1,0,0,0
22,2024-03-27,3,4917,118,1,0,0,0
22,2024-03-28,4,5784,136,1,0,0,0
22,2024-03-29,5,5847,121,1,0,0,0
22,2024-03-30,6,9058,188,1,1,0,0
22,2024-03-31,7,0,0,0,0,0,0
22,2024-04-01,1,5960,111,1,1,0,0
22,2024-04-02,2,5921,126,1,1,0,0
22,2024-04-03,3,11060,240,1,1,0,0
22,2024-04-04,4,9999,220,1,0,0,0
22,2024-04-05,5,11951,285,1,0,0,0
22,2024-04-06,6,13433,292,1,0,0,0
22,2024-04-07,7,0,0,0,0,0,0
22,2024-04-08,1,10286,227,1,1,0,0
22,2024-04-09,2,8461,185,1,0,0,0
22,2024-04-10,3,0,0,0,1,b,0
22,2024-04-11,4,0,0,0,0,b,0
22,2024-04-12,5,6454,136,1,0,0,0
22,2024-04-13,6,8948,200,1,1,0,0
22,2024-04-14,7,0,0,0,0,0,0
22,2024-04-15,1,6231,143,1,1,0,0
22,2024-04-16,2,5105,102,1,0,0,0
22,2024-04-17,3,6486,154,1,1,0,0
22,2024-04-18,4,5895,126,1,0,0,0
22,2024-04-19,5,7091,189,1,1,0,0
22,2024-04-20,6,7920,171,1,0,0,0
22,2024-04-21,7,0,0,0,0,0,0
22,2024-04-22,1,5813,126,1,1,0,0
22,2024-04-23,2,6621,130,1,1,0,0
22,2024-04-24,3,5654,111,1,0,0,0
22,2024-04-25,4,5449,113,1,0,0,0
22,2024-04-26,5,5717,118,1,0,0,0
22,2024-04-27,6,7159,151,1,0,0,0
22,2024-04-28,7,7950,178,1,1,0,0
22,2024-04-29,1,4525,98,1,0,0,0
22,2024-04-30,2,5168,112,1,0,0,0
22,2024-05-01,3,5070,121,1,0,0,0
22,2024-05-02,4,5231,131,1,0,0,0
22,2024-05-03,5,6994,172,1,1,0,0
22,2024-05-04,6,8821,191,1,1,0,0
22,2024-05-05,7,6179,133,1,0,0,0
22,2024-05-06,1,6401,139,1,1,0,0
22,2024-05-07,2,4937,108,1,0,0,0
22,2024-05-08,3,5470,117,1,0,0,0
22,2024-05-09,4,5372,139,1,0,0,0
22,2024-05-10,5,6133,147,1,0,0,0
22,2024-05-11,6,7056,153,1,0,0,0
22,2024-05-12,7,6069,135,1,0,0,0
22,2024-05-13,1,6820,160,1,1,0,0
22,2024-05-14,2,6511,134,1,1,0,0
22,2024-05-15,3,6601,159,1,1,0,0
22,2024-05-16,4,5263,116,1,0,0,0
22,2024-05-17,5,5653,122,1,0,0,0
22,2024-05-18,6,7425,133,1,0,0,0
22,2024-05-19,7,766,16,1,0,0,0
22,2024-05-20,1,4583,108,1,0,0,0
22,2024-05-21,2,5421,116,1,0,0,0
22,2024-05-22,3,5524,137,1,0,0,0
22,2024-05-23,4,5700,127,1,0,0,0
22,2024-05-24,5,6122,122,1,0,0,0
22,2024-05-25,6,7680,156,1,0,0,0
22,2024-05-26,7,6343,131,1,0,0,0
22,2024-05-27,1,5001,122,1,0,0,0
22,2024-05-28,2,6888,158,1,1,0,0
22,2024-05-29,3,5174,137,1,0,0,0
22,2024-05-30,4,6567,141,1,1,0,0
22,2024-05-31,5,5870,132,1,0,0,0
22,2024-06-01,6,7374,147,1,0,0,1
22,2024-06-02,7,0,0,0,1,0,1
22,2024-06-03,1,4970,124,1,0,0,1
22,2024-06-04,2,4959,94,1,0,0,1
22,2024-06-05,3,6959,143,1,1,0,1
22,2024-06-06,4,5678,120,1,0,0,1
22,2024-06-07,5,5653,130,1,0,0,1
22,2024-06-08,6,10143,214,1,1,0,1
22,2024-06-09,7,7253,133,1,1,0,1
22,2024-06-10,1,4727,111,1,0,0,1
22,2024-06-11,2,4916,106,1,0,0,1
22,2024-06-12,3,6629,147,1,1,0,1
22,2024-06-13,4,5337,128,1,0,0,1
22,2024-06-14,5,6098,153,1,0,0,1
22,2024-06-15,6,7530,173,1,0,0,1
22,2024-06-16,7,7013,155,1,1,0,1
22,2024-06-17,1,5070,115,1,0,0,1
22,2024-06-18,2,5781,116,1,1,0,1
22,2024-06-19,3,5235,107,1,0,0,1
22,2024-06-20,4,5068,114,1,0,0,1
22,2024-06-21,5,7664,162,1,1,0,1
22,2024-06-22,6,10258,227,1,1,0,1
22,2024-06-23,7,5723,124,1,0,0,1
22,2024-06-24,1,4603,102,1,0,0,1
22,2024-06-25,2,6173,136,1,1,0,1
22,2024-06-26,3,5539,112,1,0,0,1
22,2024-06-27,4,5457,122,1,0,0,1
22,2024-06-28,5,5858,148,1,0,0,1
22,2024-06-29,6,9105,165,1,1,0,1
22,2024-06-30,7,8126,189,1,1,0,1
23,2022-01-01,6,9133,222,1,1,a,0
23,2022-01-02,7,5013,115,1,0,0,0
23,2022-01-03,1,4592,98,1,0,0,0
23,2022-01-04,2,4990,114,1,0,0,0
23,2022-01-05,3,4489,100,1,0,0,0
23,2022-01-06,4,4736,95,1,0,0,0
23,2022-01-07,5,5277,110,1,0,0,0
23,2022-01-08,6,6659,152,1,0,0,0
23,2022-01-09,7,0,0,0,0,0,0
23,2022-01-10,1,4943,94,1,0,0,0
23,2022-01-11,2,5071,118,1,1,0,0
23,2022-01-12,3,4421,91,1,0,0,0
23,2022-01-13,4,5089,102,1,0,0,0
23,2022-01-14,5,5455,113,1,0,0,0
23,2022-01-15,6,8700,197,1,1,0,0
23,2022-01-16,7,5745,123,1,0,0,0
23,2022-01-17,1,4565,98,1,0,0,0
23,2022-01-18,2,4550,99,1,0,0,0
23,2022-01-19,3,4571,110,1,0,0,0
23,2022-01-20,4,5931,122,1,1,0,0
23,2022-01-21,5,5281,130,1,0,0,0
23,2022-01-22,6,6685,170,1,0,0,0
23,2022-01-23,7,0,0,0,0,0,0
23,2022-01-24,1,4620,103,1,0,0,0
23,2022-01-25,2,4037,100,1,0,0,0
23,2022-01-26,3,4608,105,1,0,0,0
23,2022-01-27,4,6017,141,1,1,0,0
23,2022-01-28,5,7154,174,1,1,0,0
23,2022-01-29,6,8424,186,1,1,0,0
23,2022-01-30,7,0,0,0,0,0,0
23,2022-01-31,1,837,17,1,0,0,0
23,2022-02-01,2,4755,109,1,0,0,0
23,2022-02-02,3,4386,91,1,0,0,0
23,2022-02-03,4,4629,100,1,0,0,0
23,2022-02-04,5,6375,153,1,1,0,0
23,2022-02-05,6,6855,154,1,0,0,0
23,2022-02-06,7,6458,159,1,1,0,0
23,2022-02-07,1,4904,100,1,0,0,0
23,2022-02-08,2,4562,104,1,0,0,0
23,2022-02-09,3,4810,93,1,0,0,0
23,2022-02-10,4,5334,105,1,0,0,0
23,2022-02-11,5,5245,124,1,0,0,0
23,2022-02-12,6,8946,192,1,1,0,0
23,2022-02-13,7,7196,163,1,1,0,0
23,2022-02-14,1,4930,120,1,0,0,0
23,2022-02-15,2,4632,107,1,0,0,0
23,2022-02-16,3,5704,138,1,1,0,0
23,2022-02-17,4,6173,145,1,1,0,0
23,2022-02-18,5,5174,128,1,0,0,0
23,2022-02-19,6,8395,182,1,1,0,0
23,2022-02-20,7,5601,135,1,0,0,0
23,2022-02-21,1,4544,94,1,0,0,0
23,2022-02-22,2,4285,97,1,0,0,0
23,2022-02-23,3,4159,88,1,0,0,0
23,2022-02-24,4,4917,109,1,0,0,0
23,2022-02-25,5,5455,129,1,0,0,0
23,2022-02-26,6,7015,157,1,0,0,0
23,2022-02-27,7,7688,168,1,1,0,0
23,2022-02-28,1,5303,115,1,1,0,0
23,2022-03-01,2,4843,115,1,0,0,0
23,2022-03-02,3,5286,104,1,0,0,0
23,2022-03-03,4,5283,107,1,0,0,0
23,2022-03-04,5,5273,114,1,0,0,0
23,2022-03-05,6,7059,149,1,0,0,0
23,2022-03-06,7,0,0,0,0,0,0
23,2022-03-07,1,4448,86,1,0,0,0
23,2022-03-08,2,4891,111,1,0,0,0
23,2022-03-09,3,4873,96,1,0,0,0
23,2022-03-10,4,6311,115,1,1,0,0
23,2022-03-11,5,5075,120,1,0,0,0
23,2022-03-12,6,6406,129,1,0,0,0
23,2022-03-13,7,0,0,0,0,0,0
23,2022-03-14,1,4710,106,1,0,0,0
23,2022-03-15,2,4444,101,1,0,0,0
23,2022-03-16,3,6409,154,1,1,0,0
23,2022-03-17,4,5017,110,1,0,0,0
23,2022-03-18,5,6448,148,1,1,0,0
23,2022-03-19,6,6257,129,1,0,0,0
23,2022-03-20,7,5816,133,1,0,0,0
23,2022-03-21,1,4513,86,1,0,0,0
23,2022-03-22,2,4489,105,1,0,0,0
23,2022-03-23,3,4674,90,1,0,0,0
23,2022-03-24,4,6539,167,1,1,0,0
23,2022-03-25,5,5625,109,1,0,0,0
23,2022-03-26,6,6908,145,1,0,0,0
23,2022-03-27,7,0,0,0,1,0,0
23,2022-03-28,1,4697,115,1,0,0,0
23,2022-03-29,2,4827,115,1,0,0,0
23,2022-03-30,3,4755,112,1,0,0,0
23,2022-03-31,4,4751,109,1,0,0,0
23,2022-04-01,5,5082,110,1,0,0,0
23,2022-04-02,6,6925,159,1,0,0,0
23,2022-04-03,7,5329,115,1,0,0,0
23,2022-04-04,1,4718,105,1,0,0,0
23,2022-04-05,2,4640,102,1,0,0,0
23,2022-04-06,3,5027,104,1,0,0,0
23,2022-04-07,4,4849,107,1,0,0,0
23,2022-04-08,5,7122,154,1,1,0,0
23,2022-04-09,6,7529,182,1,0,0,0
23,2022-04-10,7,0,0,0,1,0,0
23,2022-04-11,1,5167,109,1,0,0,0
23,2022-04-12,2,4872,84,1,0,0,0
23,2022-04-13,3,4639,103,1,0,0,0
23,2022-04-14,4,7041,161,1,1,0,0
23,2022-04-15,5,5409,112,1,0,0,0
23,2022-04-16,6,9336,198,1,1,0,0
23,2022-04-17,7,7335,155,1,1,0,0
23,2022-04-18,1,4727,118,1,0,0,0
23,2022-04-19,2,4852,116,1,0,0,0
23,2022-04-20,3,4798,92,1,0,0,0
23,2022-04-21,4,4900,114,1,0,0,0
23,2022-04-22,5,5425,129,1,0,0,0
23,2022-04-23,6,8242,185,1,1,0,0
23,2022-04-24,7,0,0,0,0,0,0
23,2022-04-25,1,8120,177,1,0,0,0
23,2022-04-26,2,8299,185,1,0,0,0
23,2022-04-27,3,10746,264,1,1,0,0
23,2022-04-28,4,9140,198,1,0,0,0
23,2022-04-29,5,12250,305,1,1,0,0
23,2022-04-30,6,15553,372,1,1,0,0
23,2022-05-01,7,0,0,0,0,0,0
23,2022-05-02,1,0,0,0,0,b,0
23,2022-05-03,2,0,0,0,0,b,0
23,2022-05-04,3,4754,92,1,0,0,0
23,2022-05-05,4,6563,142,1,1,0,0
23,2022-05-06,5,6129,150,1,0,0,0
23,2022-05-07,6,6420,131,1,0,0,0
23,2022-05-08,7,5958,114,1,0,0,0
23,2022-05-09,1,4707,93,1,0,0,0
23,2022-05-10,2,4444,110,1,0,0,0
23,2022-05-11,3,4686,104,1,0,0,0
23,2022-05-12,4,5892,115,1,1,0,0
23,2022-05-13,5,5096,120,1,0,0,0
23,2022-05-14,6,7168,167,1,0,0,0
23,2022-05-15,7,7804,169,1,1,0,0
23,2022-05-16,1,5967,136,1,1,0,0
23,2022-05-17,2,4627,107,1,0,0,0
23,2022-05-18,3,4648,99,1,0,0,0
23,2022-05-19,4,4725,116,1,0,0,0
23,2022-05-20,5,5485,118,1,0,0,0
23,2022-05-21,6,8354,163,1,1,0,0
23,2022-05-22,7,6065,127,1,0,0,0
23,2022-05-23,1,5705,119,1,1,0,0
23,2022-05-24,2,4403,100,1,0,0,0
23,2022-05-25,3,5347,105,1,0,0,0
23,2022-05-26,4,5287,88,1,0,0,0
23,2022-05-27,5,5161,108,1,0,0,0
23,2022-05-28,6,6747,158,1,0,0,0
23,2022-05-29,7,5697,138,1,0,0,0
23,2022-05-30,1,4670,108,1,0,0,0
23,2022-05-31,2,5624,130,1,1,0,0
23,2022-06-01,3,5137,126,1,0,0,1
23,2022-06-02,4,6283,137,1,1,0,1
23,2022-06-03,5,5489,118,1,0,0,1
23,2022-06-04,6,8571,157,1,1,0,1
23,2022-06-05,7,6826,158,1,1,0,1
23,2022-06-06,1,4570,96,1,0,0,1
23,2022-06-07,2,5514,126,1,1,0,1
23,2022-06-08,3,4521,99,1,0,0,1
23,2022-06-09,4,6564,151,1,1,0,1
23,2022-06-10,5,5765,107,1,0,0,1
23,2022-06-11,6,6952,157,1,0,0,1
23,2022-06-12,7,0,0,0,0,0,1
23,2022-06-13,1,4865,112,1,0,0,1
23,2022-06-14,2,4372,107,1,0,0,1
23,2022-06-15,3,5601,109,1,1,0,1
23,2022-06-16,4,6336,142,1,1,0,1
23,2022-06-17,5,5650,120,1,0,0,1
23,2022-06-18,6,8299,188,1,1,0,1
23,2022-06-19,7,7041,158,1,1,0,1
23,2022-06-20,1,4936,104,1,0,0,1
23,2022-06-21,2,4994,113,1,0,0,1
23,2022-06-22,3,4863,100,1,0,0,1
23,2022-06-23,4,6269,153,1,1,0,1
23,2022-06-24,5,6756,134,1,1,0,1
23,2022-06-25,6,7640,171,1,0,0,1
23,2022-06-26,7,0,0,0,0,0,1
23,2022-06-27,1,5679,153,1,1,0,1
23,2022-06-28,2,6025,119,1,1,0,1
23,2022-06-29,3,5851,137,1,1,0,1
23,2022-06-30,4,4772,108,1,0,0,1
23,2022-07-01,5,5416,117,1,0,0,1
23,2022-07-02,6,6817,163,1,0,0,1
23,2022-07-03,7,5544,120,1,0,0,1
23,2022-07-04,1,5524,118,1,1,0,1
23,2022-07-05,2,4485,91,1,0,0,1
23,2022-07-06,3,5913,125,1,1,0,1
23,2022-07-07,4,4681,101,1,0,0,1
23,2022-07-08,5,7124,186,1,1,0,1
23,2022-07-09,6,6507,153,1,0,0,1
23,2022-07-10,7,0,0,0,0,0,1
23,2022-07-11,1,4918,117,1,0,0,1
23,2022-07-12,2,4919,116,1,0,0,1
23,2022-07-13,3,5911,124,1,1,0,1
23,2022-07-14,4,5284,119,1,0,0,1
23,2022-07-15,5,5457,116,1,0,0,1
23,2022-07-16,6,9945,227,1,1,0,1
23,2022-07-17,7,6753,181,1,1,0,1
23,2022-07-18,1,4529,93,1,0,0,1
23,2022-07-19,2,5877,108,1,1,0,1
23,2022-07-20,3,4570,111,1,0,0,1
23,2022-07-21,4,4860,119,1,0,0,1
23,2022-07-22,5,5696,133,1,0,0,1
23,2022-07-23,6,7231,170,1,0,0,1
23,2022-07-24,7,0,0,0,0,0,1
23,2022-07-25,1,4772,108,1,0,0,1
23,2022-07-26,2,4098,90,1,0,0,1
23,2022-07-27,3,6154,135,1,1,0,1
23,2022-07-28,4,4887,108,1,0,0,1
23,2022-07-29,5,6846,149,1,1,0,1
23,2022-07-30,6,8257,217,1,1,0,1
23,2022-07-31,7,0,0,0,0,0,1
23,2022-08-01,1,4919,102,1,0,0,0
23,2022-08-02,2,4409,97,1,0,0,0
23,2022-08-03,3,6174,166,1,1,0,0
23,2022-08-04,4,5473,107,1,0,0,0
23,2022-08-05,5,5629,116,1,0,0,0
23,2022-08-06,6,8081,173,1,1,0,0
23,2022-08-07,7,0,0,0,0,0,0
23,2022-08-08,1,4826,108,1,0,0,0
23,2022-08-09,2,5186,123,1,0,0,0
23,2022-08-10,3,5760,118,1,1,0,0
23,2022-08-11,4,6285,158,1,1,0,0
23,2022-08-12,5,5301,122,1,0,0,0
23,2022-08-13,6,7519,156,1,0,0,0
23,2022-08-14,7,7203,159,1,1,0,0
23,2022-08-15,1,5185,139,1,1,0,0
23,2022-08-16,2,5757,126,1,1,0,0
23,2022-08-17,3,4886,112,1,0,a,0
23,2022-08-18,4,6466,160,1,1,0,0
23,2022-08-19,5,5661,126,1,0,0,0
23,2022-08-20,6,7452,185,1,0,0,0
23,2022-08-21,7,7305,159,1,1,0,0
23,2022-08-22,1,4833,108,1,0,0,0
23,2022-08-23,2,5887,129,1,1,0,0
23,2022-08-24,3,4820,109,1,0,0,0
23,2022-08-25,4,6535,141,1,1,0,0
23,2022-08-26,5,5858,147,1,0,0,0
23,2022-08-27,6,7212,156,1,0,0,0
23,2022-08-28,7,5746,134,1,0,0,0
23,2022-08-29,1,4560,106,1,0,0,0
23,2022-08-30,2,5999,135,1,1,0,0
23,2022-08-31,3,4684,86,1,0,0,0
23,2022-09-01,4,5134,120,1,0,0,0
23,2022-09-02,5,5668,115,1,0,0,0
23,2022-09-03,6,9534,226,1,1,0,0
23,2022-09-04,7,0,0,0,0,0,0
23,2022-09-05,1,4096,91,1,0,0,0
23,2022-09-06,2,4676,87,1,0,0,0
23,2022-09-07,3,5526,107,1,1,0,0
23,2022-09-08,4,5399,132,1,0,0,0
23,2022-09-09,5,5634,112,1,0,0,0
23,2022-09-10,6,9590,227,1,1,0,0
23,2022-09-11,7,0,0,0,0,0,0
23,2022-09-12,1,4512,104,1,0,0,0
23,2022-09-13,2,5629,126,1,1,0,0
23,2022-09-14,3,4915,107,1,0,0,0
23,2022-09-15,4,5257,122,1,0,0,0
23,2022-09-16,5,5667,137,1,0,0,0
23,2022-09-17,6,9165,192,1,1,0,0
23,2022-09-18,7,0,0,0,0,0,0
23,2022-09-19,1,5121,107,1,0,0,0
23,2022-09-20,2,4775,113,1,0,0,0
23,2022-09-21,3,6212,149,1,1,0,0
23,2022-09-22,4,5196,110,1,0,0,0
23,2022-09-23,5,5544,128,1,0,0,0
23,2022-09-24,6,7153,173,1,0,0,0
23,2022-09-25,7,6076,127,1,0,0,0
23,2022-09-26,1,6306,131,1,1,0,0
23,2022-09-27,2,4958,112,1,0,0,0
23,2022-09-28,3,6147,122,1,1,0,0
23,2022-09-29,4,5161,119,1,0,0,0
23,2022-09-30,5,6874,157,1,1,0,0
23,2022-10-01,6,7580,185,1,0,0,0
23,2022-10-02,7,5663,141,1,0,0,0
23,2022-10-03,1,6148,130,1,1,0,0
23,2022-10-04,2,6209,139,1,1,0,0
23,2022-10-05,3,5007,110,1,0,0,0
23,2022-10-06,4,5216,119,1,0,0,0
23,2022-10-07,5,5604,112,1,0,0,0
23,2022-10-08,6,8286,194,1,1,0,0
23,2022-10-09,7,5754,136,1,0,0,0
23,2022-10-10,1,4884,106,1,0,0,0
23,2022-10-11,2,4602,86,1,0,0,0
23,2022-10-12,3,6381,135,1,1,0,0
23,2022-10-13,4,4771,102,1,0,0,0
23,2022-10-14,5,5140,113,1,0,0,0
23,2022-10-15,6,7574,166,1,0,0,0
23,2022-10-16,7,5873,115,1,0,0,0
23,2022-10-17,1,4967,112,1,0,0,0
23,2022-10-18,2,5813,138,1,1,0,0
23,2022-10-19,3,6418,136,1,1,0,0
23,2022-10-20,4,5507,121,1,0,0,0
23,2022-10-21,5,7636,169,1,1,0,0
23,2022-10-22,6,7095,175,1,0,0,0
23,2022-10-23,7,5850,124,1,0,0,0
23,2022-10-24,1,6165,140,1,1,0,0
23,2022-10-25,2,5231,122,1,0,0,0
23,2022-10-26,3,4714,102,1,0,0,0
23,2022-10-27,4,6088,124,1,1,0,0
23,2022-10-28,5,5960,131,1,0,0,0
23,2022-10-29,6,8876,162,1,1,0,0
23,2022-10-30,7,0,0,0,1,0,0
23,2022-10-31,1,4756,98,1,0,0,0
23,2022-11-01,2,4876,102,1,0,0,0
23,2022-11-02,3,4883,127,1,0,0,0
23,2022-11-03,4,4916,111,1,0,0,0
23,2022-11-04,5,5764,125,1,0,0,0
23,2022-11-05,6,8640,189,1,1,0,0
23,2022-11-06,7,0,0,0,0,0,0
23,2022-11-07,1,4851,107,1,0,0,0
23,2022-11-08,2,4474,90,1,0,0,0
23,2022-11-09,3,5095,112,1,0,0,0
23,2022-11-10,4,6571,147,1,1,0,0
23,2022-11-11,5,5058,117,1,0,0,0
23,2022-11-12,6,9191,221,1,1,0,0
23,2022-11-13,7,6011,125,1,0,0,0
23,2022-11-14,1,4940,116,1,0,0,0
23,2022-11-15,2,4371,96,1,0,0,0
23,2022-11-16,3,5118,113,1,0,0,0
23,2022-11-17,4,5327,107,1,0,0,0
23,2022-11-18,5,5473,107,1,0,0,0
23,2022-11-19,6,8585,186,1,1,0,0
23,2022-11-20,7,5724,133,1,0,0,0
23,2022-11-21,1,6197,135,1,1,0,0
23,2022-11-22,2,4519,102,1,0,0,0
23,2022-11-23,3,4697,83,1,0,0,0
23,2022-11-24,4,5749,131,1,0,0,0
23,2022-11-25,5,5751,139,1,0,0,0
23,2022-11-26,6,9103,191,1,1,0,0
23,2022-11-27,7,5827,135,1,0,0,0
23,2022-11-28,1,4830,108,1,0,0,0
23,2022-11-29,2,5261,109,1,0,0,0
23,2022-11-30,3,5252,114,1,0,0,0
23,2022-12-01,4,7293,172,1,1,0,0
23,2022-12-02,5,5875,119,1,0,0,0
23,2022-12-03,6,8820,215,1,1,0,0
23,2022-12-04,7,6122,152,1,0,0,0
23,2022-12-05,1,6348,135,1,1,0,0
23,2022-12-06,2,6228,142,1,1,0,0
23,2022-12-07,3,4944,115,1,0,0,0
23,2022-12-08,4,5692,109,1,0,0,0
23,2022-12-09,5,6758,154,1,1,0,0
23,2022-12-10,6,7550,130,1,0,0,0
23,2022-12-11,7,7452,172,1,1,0,0
23,2022-12-12,1,4759,95,1,0,0,0
23,2022-12-13,2,4903,118,1,0,0,0
23,2022-12-14,3,6728,142,1,1,0,0
23,2022-12-15,4,5336,113,1,0,0,0
23,2022-12-16,5,5862,132,1,0,0,0
23,2022-12-17,6,6686,140,1,0,0,0
23,2022-12-18,7,6340,132,1,0,0,0
23,2022-12-19,1,6074,148,1,1,0,0
23,2022-12-20,2,6226,144,1,1,0,0
23,2022-12-21,3,6633,160,1,1,0,0
23,2022-12-22,4,5290,120,1,0,0,0
23,2022-12-23,5,5213,109,1,0,0,0
23,2022-12-24,6,9972,225,1,1,0,0
23,2022-12-25,7,6620,146,1,0,a,0
23,2022-12-26,1,5171,111,1,0,0,0
23,2022-12-27,2,5854,140,1,1,0,0
23,2022-12-28,3,5394,124,1,0,0,0
23,2022-12-29,4,5175,118,1,0,0,0
23,2022-12-30,5,5784,124,1,0,0,0
23,2022-12-31,6,7910,189,1,0,0,0
23,2023-01-01,7,0,0,0,0,a,0
23,2023-01-02,1,5490,127,1,1,0,0
23,2023-01-03,2,4919,118,1,0,0,0
23,2023-01-04,3,5393,121,1,0,0,0
23,2023-01-05,4,6125,145,1,1,0,0
23,2023-01-06,5,6097,143,1,0,0,0
23,2023-01-07,6,6852,137,1,0,0,0
23,2023-01-08,7,0,0,0,0,0,0
23,2023-01-09,1,6402,134,1,1,0,0
23,2023-01-10,2,4815,110,1,0,0,0
23,2023-01-11,3,5400,128,1,0,0,0
23,2023-01-12,4,4895,114,1,0,0,0
23,2023-01-13,5,6061,135,1,0,0,0
23,2023-01-14,6,7509,164,1,0,0,0
23,2023-01-15,7,5843,145,1,0,0,0
23,2023-01-16,1,5105,129,1,0,0,0
23,2023-01-17,2,4868,112,1,0,0,0
23,2023-01-18,3,5487,102,1,0,0,0
23,2023-01-19,4,5430,108,1,0,0,0
23,2023-01-20,5,5954,129,1,0,0,0
23,2023-01-21,6,9062,216,1,1,0,0
23,2023-01-22,7,7699,172,1,1,0,0
23,2023-01-23,1,6075,153,1,1,0,0
23,2023-01-24,2,4879,113,1,0,0,0
23,2023-01-25,3,5436,128,1,0,0,0
23,2023-01-26,4,5210,100,1,0,0,0
23,2023-01-27,5,5421,121,1,0,0,0
23,2023-01-28,6,7701,178,1,0,0,0
23,2023-01-29,7,0,0,0,0,0,0
23,2023-01-30,1,5411,114,1,0,0,0
23,2023-01-31,2,5114,117,1,0,0,0
23,2023-02-01,3,5057,108,1,0,0,0
23,2023-02-02,4,5364,116,1,0,0,0
23,2023-02-03,5,5968,129,1,0,0,0
23,2023-02-04,6,7691,184,1,0,0,0
23,2023-02-05,7,6721,165,1,1,0,0
23,2023-02-06,1,4877,118,1,0,0,0
23,2023-02-07,2,5028,88,1,0,0,0
23,2023-02-08,3,6772,148,1,1,0,0
23,2023-02-09,4,5136,120,1,0,0,0
23,2023-02-10,5,5742,126,1,0,0,0
23,2023-02-11,6,7451,171,1,0,0,0
23,2023-02-12,7,6105,135,1,0,0,0
23,2023-02-13,1,5245,110,1,0,0,0
23,2023-02-14,2,4738,111,1,0,0,0
23,2023-02-15,3,5367,110,1,0,0,0
23,2023-02-16,4,7113,153,1,1,0,0
23,2023-02-17,5,5758,130,1,0,0,0
23,2023-02-18,6,7392,149,1,0,0,0
23,2023-02-19,7,0,0,0,0,0,0
23,2023-02-20,1,4891,108,1,0,0,0
23,2023-02-21,2,6133,131,1,1,0,0
23,2023-02-22,3,4774,105,1,0,0,0
23,2023-02-23,4,6938,150,1,1,0,0
23,2023-02-24,5,6373,132,1,0,0,0
23,2023-02-25,6,9140,196,1,1,0,0
23,2023-02-26,7,0,0,0,0,0,0
23,2023-02-27,1,5280,129,1,0,0,0
23,2023-02-28,2,6041,126,1,1,0,0
23,2023-03-01,3,6237,131,1,1,0,0
23,2023-03-02,4,5299,115,1,0,0,0
23,2023-03-03,5,6918,172,1,1,0,0
23,2023-03-04,6,7763,162,1,0,0,0
23,2023-03-05,7,0,0,0,0,0,0
23,2023-03-06,1,4756,109,1,0,0,0
23,2023-03-07,2,5811,131,1,1,0,0
23,2023-03-08,3,6516,145,1,1,0,0
23,2023-03-09,4,4856,108,1,0,0,0
23,2023-03-10,5,6521,130,1,0,0,0
23,2023-03-11,6,7451,169,1,0,0,0
23,2023-03-12,7,0,0,0,0,0,0
23,2023-03-13,1,4796,115,1,0,0,0
23,2023-03-14,2,5102,120,1,0,0,0
23,2023-03-15,3,5529,142,1,0,0,0
23,2023-03-16,4,5394,115,1,0,0,0
23,2023-03-17,5,5940,129,1,0,0,0
23,2023-03-18,6,8780,181,1,1,0,0
23,2023-03-19,7,6661,169,1,0,0,0
23,2023-03-20,1,5214,117,1,0,0,0
23,2023-03-21,2,5041,117,1,0,0,0
23,2023-03-22,3,5193,115,1,0,0,0
23,2023-03-23,4,5501,114,1,0,0,0
23,2023-03-24,5,5688,121,1,0,0,0
23,2023-03-25,6,9971,213,1,1,0,0
23,2023-03-26,7,0,0,0,0,0,0
23,2023-03-27,1,5057,95,1,0,0,0
23,2023-03-28,2,4903,112,1,0,0,0
23,2023-03-29,3,4636,106,1,0,0,0
23,2023-03-30,4,6129,144,1,1,0,0
23,2023-03-31,5,7621,181,1,1,0,0
23,2023-04-01,6,7977,166,1,0,0,0
23,2023-04-02,7,0,0,0,0,0,0
23,2023-04-03,1,5935,140,1,1,0,0
23,2023-04-04,2,5550,126,1,0,0,0
23,2023-04-05,3,6833,158,1,1,0,0
23,2023-04-06,4,6529,129,1,1,0,0
23,2023-04-07,5,5993,130,1,0,0,0
23,2023-04-08,6,8746,209,1,1,0,0
23,2023-04-09,7,7548,155,1,1,0,0
23,2023-04-10,1,6546,142,1,1,0,0
23,2023-04-11,2,5003,103,1,0,0,0
23,2023-04-12,3,5670,142,1,0,0,0
23,2023-04-13,4,4988,127,1,0,0,0
23,2023-04-14,5,5920,124,1,0,0,0
23,2023-04-15,6,13002,335,1,0,0,0
23,2023-04-16,7,0,0,0,0,0,0
23,2023-04-17,1,9316,207,1,0,0,0
23,2023-04-18,2,8996,196,1,0,0,0
23,2023-04-19,3,9341,219,1,0,0,0
23,2023-04-20,4,9286,174,1,0,0,0
23,2023-04-21,5,14226,357,1,1,0,0
23,2023-04-22,6,0,0,0,0,b,0
23,2023-04-23,7,0,0,0,0,b,0
23,2023-04-24,1,6582,137,1,1,0,0
23,2023-04-25,2,4789,99,1,0,0,0
23,2023-04-26,3,5755,120,1,0,0,0
23,2023-04-27,4,7286,178,1,1,0,0
23,2023-04-28,5,7456,151,1,1,0,0
23,2023-04-29,6,7569,158,1,0,0,0
23,2023-04-30,7,0,0,0,1,0,0
23,2023-05-01,1,6766,169,1,1,0,0
23,2023-05-02,2,5451,116,1,0,0,0
23,2023-05-03,3,5411,124,1,0,0,0
23,2023-05-04,4,5451,134,1,0,0,0
23,2023-05-05,5,6026,144,1,0,0,0
23,2023-05-06,6,6974,160,1,0,0,0
23,2023-05-07,7,0,0,0,1,0,0
23,2023-05-08,1,5227,119,1,0,0,0
23,2023-05-09,2,4454,106,1,0,0,0
23,2023-05-10,3,5298,108,1,0,0,0
23,2023-05-11,4,5203,96,1,0,0,0
23,2023-05-12,5,6468,145,1,0,0,0
23,2023-05-13,6,7601,190,1,0,0,0
23,2023-05-14,7,0,0,0,0,0,0
23,2023-05-15,1,6384,143,1,1,0,0
23,2023-05-16,2,5029,105,1,0,0,0
23,2023-05-17,3,5468,117,1,0,0,0
23,2023-05-18,4,5339,123,1,0,0,0
23,2023-05-19,5,6013,142,1,0,0,0
23,2023-05-20,6,8032,217,1,0,0,0
23,2023-05-21,7,6297,133,1,0,0,0
23,2023-05-22,1,6650,146,1,1,0,0
23,2023-05-23,2,4926,108,1,0,0,0
23,2023-05-24,3,5361,133,1,0,0,0
23,2023-05-25,4,5798,125,1,0,0,0
23,2023-05-26,5,7746,141,1,1,0,0
23,2023-05-27,6,7013,166,1,0,0,0
23,2023-05-28,7,0,0,0,1,0,0
23,2023-05-29,1,4862,116,1,0,0,0
23,2023-05-30,2,4813,79,1,0,0,0
23,2023-05-31,3,6759,160,1,1,0,0
23,2023-06-01,4,6483,145,1,1,0,1
23,2023-06-02,5,5692,135,1,0,0,1
23,2023-06-03,6,7748,155,1,0,0,1
23,2023-06-04,7,0,0,0,0,0,1
23,2023-06-05,1,4748,107,1,0,0,1
23,2023-06-06,2,6494,144,1,1,0,1
23,2023-06-07,3,5547,108,1,0,0,1
23,2023-06-08,4,5707,135,1,0,0,1
23,2023-06-09,5,7206,162,1,1,0,1
23,2023-06-10,6,7922,166,1,0,0,1
23,2023-06-11,7,6170,144,1,0,0,1
23,2023-06-12,1,6062,122,1,1,0,1
23,2023-06-13,2,4874,122,1,0,0,1
23,2023-06-14,3,4549,96,1,0,0,1
23,2023-06-15,4,5180,118,1,0,0,1
23,2023-06-16,5,5603,122,1,0,0,1
23,2023-06-17,6,7854,160,1,0,0,1
23,2023-06-18,7,6430,141,1,0,0,1
23,2023-06-19,1,5935,137,1,1,0,1
23,2023-06-20,2,6603,146,1,1,0,1
23,2023-06-21,3,6429,141,1,1,0,1
23,2023-06-22,4,5185,128,1,0,0,1
23,2023-06-23,5,6893,147,1,1,0,1
23,2023-06-24,6,7477,188,1,0,0,1
23,2023-06-25,7,6304,142,1,0,0,1
23,2023-06-26,1,6817,153,1,1,0,1
23,2023-06-27,2,5054,113,1,0,0,1
23,2023-06-28,3,5229,115,1,0,0,1
23,2023-06-29,4,7058,151,1,1,0,1
23,2023-06-30,5,6109,148,1,0,0,1
23,2023-07-01,6,7215,141,1,0,0,1
23,2023-07-02,7,0,0,0,0,0,1
23,2023-07-03,1,6317,152,1,1,0,1
23,2023-07-04,2,5051,96,1,0,0,1
23,2023-07-05,3,5195,140,1,0,0,1
23,2023-07-06,4,5275,122,1,0,0,1
23,2023-07-07,5,6522,164,1,0,0,1
23,2023-07-08,6,9746,231,1,1,0,1
23,2023-07-09,7,6521,134,1,0,0,1
23,2023-07-10,1,5182,110,1,0,0,1
23,2023-07-11,2,5305,94,1,0,0,1
23,2023-07-12,3,6633,160,1,1,0,1
23,2023-07-13,4,5773,134,1,0,0,1
23,2023-07-14,5,5213,132,1,0,0,1
23,2023-07-15,6,7867,161,1,0,0,1
23,2023-07-16,7,6463,151,1,0,0,1
23,2023-07-17,1,6626,165,1,1,0,1
23,2023-07-18,2,6037,126,1,1,0,1
23,2023-07-19,3,6433,154,1,1,0,1
23,2023-07-20,4,6534,148,1,1,0,1
23,2023-07-21,5,7807,167,1,1,0,1
23,2023-07-22,6,8195,183,1,0,0,1
23,2023-07-23,7,0,0,0,1,0,1
23,2023-07-24,1,5283,117,1,0,0,1
23,2023-07-25,2,4894,101,1,0,0,1
23,2023-07-26,3,5816,117,1,0,0,1
23,2023-07-27,4,7099,157,1,1,0,1
23,2023-07-28,5,6000,134,1,0,0,1
23,2023-07-29,6,9751,220,1,1,0,1
23,2023-07-30,7,0,0,0,0,0,1
23,2023-07-31,1,5253,111,1,0,0,1
23,2023-08-01,2,4665,98,1,0,0,0
23,2023-08-02,3,5764,142,1,0,0,0
23,2023-08-03,4,5758,107,1,0,0,0
23,2023-08-04,5,5953,128,1,0,0,0
23,2023-08-05,6,10129,229,1,1,0,0
23,2023-08-06,7,0,0,0,0,0,0
23,2023-08-07,1,5079,115,1,0,0,0
23,2023-08-08,2,5101,104,1,0,0,0
23,2023-08-09,3,5527,129,1,0,0,0
23,2023-08-10,4,5673,132,1,0,0,0
23,2023-08-11,5,6415,137,1,0,0,0
23,2023-08-12,6,8067,192,1,0,0,0
23,2023-08-13,7,0,0,0,0,0,0
23,2023-08-14,1,7136,149,1,1,0,0
23,2023-08-15,2,6522,158,1,1,0,0
23,2023-08-16,3,5285,129,1,0,0,0
23,2023-08-17,4,5502,125,1,0,a,0
23,2023-08-18,5,5547,127,1,0,0,0
23,2023-08-19,6,7901,191,1,0,0,0
23,2023-08-20,7,7793,176,1,1,0,0
23,2023-08-21,1,5079,112,1,0,0,0
23,2023-08-22,2,5139,116,1,0,0,0
23,2023-08-23,3,4819,102,1,0,0,0
23,2023-08-24,4,6889,153,1,1,0,0
23,2023-08-25,5,7763,162,1,1,0,0
23,2023-08-26,6,9124,205,1,1,0,0
23,2023-08-27,7,6880,140,1,0,0,0
23,2023-08-28,1,5390,129,1,0,0,0
23,2023-08-29,2,5490,118,1,0,0,0
23,2023-08-30,3,5510,123,1,0,0,0
23,2023-08-31,4,5670,121,1,0,0,0
23,2023-09-01,5,6626,156,1,0,0,0
23,2023-09-02,6,8440,190,1,0,0,0
23,2023-09-03,7,8851,203,1,1,0,0
23,2023-09-04,1,5249,111,1,0,0,0
23,2023-09-05,2,4960,111,1,0,0,0
23,2023-09-06,3,5089,126,1,0,0,0
23,2023-09-07,4,5307,112,1,0,0,0
23,2023-09-08,5,6377,128,1,0,0,0
23,2023-09-09,6,9013,188,1,0,0,0
23,2023-09-10,7,0,0,0,0,0,0
23,2023-09-11,1,5243,107,1,0,0,0
23,2023-09-12,2,5372,128,1,0,0,0
23,2023-09-13,3,5261,122,1,0,0,0
23,2023-09-14,4,5451,118,1,0,0,0
23,2023-09-15,5,5858,122,1,0,0,0
23,2023-09-16,6,7561,185,1,0,0,0
23,2023-09-17,7,8319,171,1,1,0,0
23,2023-09-18,1,5692,123,1,0,0,0
23,2023-09-19,2,5452,126,1,0,0,0
23,2023-09-20,3,7268,139,1,1,0,0
23,2023-09-21,4,7271,166,1,1,0,0
23,2023-09-22,5,7722,173,1,1,0,0
23,2023-09-23,6,7749,151,1,0,0,0
23,2023-09-24,7,0,0,0,0,0,0
23,2023-09-25,1,4862,104,1,0,0,0
23,2023-09-26,2,5034,124,1,0,0,0
23,2023-09-27,3,6518,148,1,1,0,0
23,2023-09-28,4,5955,122,1,0,0,0
23,2023-09-29,5,7214,154,1,1,0,0
23,2023-09-30,6,8342,186,1,0,0,0
23,2023-10-01,7,0,0,0,0,0,0
23,2023-10-02,1,6778,147,1,1,0,0
23,2023-10-03,2,6348,142,1,1,0,0
23,2023-10-04,3,6299,140,1,1,0,0
23,2023-10-05,4,7195,150,1,1,0,0
23,2023-10-06,5,6483,157,1,0,0,0
23,2023-10-07,6,8183,182,1,0,0,0
23,2023-10-08,7,0,0,0,1,0,0
23,2023-10-09,1,5022,116,1,0,0,0
23,2023-10-10,2,5046,116,1,0,0,0
23,2023-10-11,3,5569,121,1,0,0,0
23,2023-10-12,4,5403,123,1,0,0,0
23,2023-10-13,5,5919,122,1,0,0,0
23,2023-10-14,6,9273,208,1,1,0,0
23,2023-10-15,7,6692,138,1,0,0,0
23,2023-10-16,1,5471,117,1,0,0,0
23,2023-10-17,2,6897,158,1,1,0,0
23,2023-10-18,3,4870,118,1,0,0,0
23,2023-10-19,4,7455,171,1,1,0,0
23,2023-10-20,5,6575,142,1,0,0,0
23,2023-10-21,6,10618,224,1,1,0,0
23,2023-10-22,7,6567,148,1,0,0,0
23,2023-10-23,1,5402,112,1,0,0,0
23,2023-10-24,2,6602,142,1,1,0,0
23,2023-10-25,3,6518,148,1,1,0,0
23,2023-10-26,4,5398,114,1,0,0,0
23,2023-10-27,5,7887,163,1,1,0,0
23,2023-10-28,6,7923,157,1,0,0,0
23,2023-10-29,7,8466,207,1,1,0,0
23,2023-10-30,1,5256,124,1,0,0,0
23,2023-10-31,2,4849,100,1,0,0,0
23,2023-11-01,3,5084,112,1,0,0,0
23,2023-11-02,4,5437,131,1,0,0,0
23,2023-11-03,5,6476,148,1,0,0,0
23,2023-11-04,6,7828,181,1,0,0,0
23,2023-11-05,7,0,0,0,0,0,0
23,2023-11-06,1,4912,105,1,0,0,0
23,2023-11-07,2,5285,121,1,0,0,0
23,2023-11-08,3,6865,155,1,1,0,0
23,2023-11-09,4,5999,122,1,0,0,0
23,2023-11-10,5,7884,181,1,1,0,0
23,2023-11-11,6,10445,223,1,1,0,0
23,2023-11-12,7,7198,158,1,0,0,0
23,2023-11-13,1,6724,152,1,1,0,0
23,2023-11-14,2,5653,136,1,0,0,0
23,2023-11-15,3,5525,123,1,0,0,0
23,2023-11-16,4,5519,126,1,0,0,0
23,2023-11-17,5,6235,142,1,0,0,0
23,2023-11-18,6,9823,198,1,1,0,0
23,2023-11-19,7,0,0,0,0,0,0
23,2023-11-20,1,5223,118,1,0,0,0
23,2023-11-21,2,6474,164,1,1,0,0
23,2023-11-22,3,5695,130,1,0,0,0
23,2023-11-23,4,5197,121,1,0,0,0
23,2023-11-24,5,6370,153,1,0,0,0
23,2023-11-25,6,10155,217,1,1,0,0
23,2023-11-26,7,8796,233,1,1,0,0
23,2023-11-27,1,5288,130,1,0,0,0
23,2023-11-28,2,5566,128,1,0,0,0
23,2023-11-29,3,5271,114,1,0,0,0
23,2023-11-30,4,5560,113,1,0,0,0
23,2023-12-01,5,8026,185,1,1,0,0
23,2023-12-02,6,8334,209,1,0,0,0
23,2023-12-03,7,0,0,0,0,0,0
23,2023-12-04,1,6819,175,1,1,0,0
23,2023-12-05,2,6541,116,1,1,0,0
23,2023-12-06,3,5735,134,1,0,0,0
23,2023-12-07,4,5657,129,1,0,0,0
23,2023-12-08,5,6229,143,1,0,0,0
23,2023-12-09,6,8503,200,1,0,0,0
23,2023-12-10,7,6672,152,1,0,0,0
23,2023-12-11,1,5584,134,1,0,0,0
23,2023-12-12,2,7431,172,1,1,0,0
23,2023-12-13,3,6222,142,1,1,0,0
23,2023-12-14,4,5414,122,1,0,0,0
23,2023-12-15,5,6017,136,1,0,0,0
23,2023-12-16,6,9710,192,1,1,0,0
23,2023-12-17,7,8855,200,1,1,0,0
23,2023-12-18,1,5863,135,1,1,0,0
23,2023-12-19,2,5421,127,1,0,0,0
23,2023-12-20,3,5111,109,1,0,0,0
23,2023-12-21,4,7155,163,1,1,0,0
23,2023-12-22,5,6402,146,1,0,0,0
23,2023-12-23,6,8496,195,1,0,0,0
23,2023-12-24,7,0,0,0,0,0,0
23,2023-12-25,1,6717,120,1,1,a,0
23,2023-12-26,2,4758,108,1,0,0,0
23,2023-12-27,3,7720,168,1,1,0,0
23,2023-12-28,4,5814,123,1,0,0,0
23,2023-12-29,5,8086,182,1,1,0,0
23,2023-12-30,6,8577,177,1,0,0,0
23,2023-12-31,7,0,0,0,0,0,0
23,2024-01-01,1,6931,135,1,1,a,0
23,2024-01-02,2,6875,150,1,1,0,0
23,2024-01-03,3,6429,140,1,1,0,0
23,2024-01-04,4,5887,118,1,0,0,0
23,2024-01-05,5,6998,138,1,0,0,0
23,2024-01-06,6,8866,203,1,0,0,0
23,2024-01-07,7,7154,188,1,0,0,0
23,2024-01-08,1,7447,150,1,1,0,0
23,2024-01-09,2,4984,85,1,0,0,0
23,2024-01-10,3,5416,106,1,0,0,0
23,2024-01-11,4,5482,116,1,0,0,0
23,2024-01-12,5,7460,161,1,0,0,0
23,2024-01-13,6,10333,231,1,1,0,0
23,2024-01-14,7,0,0,0,0,0,0
23,2024-01-15,1,5147,107,1,0,0,0
23,2024-01-16,2,6694,135,1,1,0,0
23,2024-01-17,3,5191,130,1,0,0,0
23,2024-01-18,4,6291,148,1,0,0,0
23,2024-01-19,5,6612,134,1,0,0,0
23,2024-01-20,6,8308,192,1,0,0,0
23,2024-01-21,7,0,0,0,0,0,0
23,2024-01-22,1,5095,121,1,0,0,0
23,2024-01-23,2,5429,124,1,0,0,0
23,2024-01-24,3,5618,135,1,0,0,0
23,2024-01-25,4,5393,112,1,0,0,0
23,2024-01-26,5,6353,139,1,0,0,0
23,2024-01-27,6,10215,210,1,1,0,0
23,2024-01-28,7,6923,146,1,0,0,0
23,2024-01-29,1,7550,166,1,1,0,0
23,2024-01-30,2,4788,110,1,0,0,0
23,2024-01-31,3,5812,126,1,0,0,0
23,2024-02-01,4,5571,130,1,0,0,0
23,2024-02-02,5,8144,184,1,1,0,0
23,2024-02-03,6,8259,180,1,0,0,0
23,2024-02-04,7,6855,167,1,0,0,0
23,2024-02-05,1,6416,141,1,1,0,0
23,2024-02-06,2,7015,145,1,1,0,0
23,2024-02-07,3,5609,126,1,0,0,0
23,2024-02-08,4,7729,160,1,1,0,0
23,2024-02-09,5,8625,166,1,1,0,0
23,2024-02-10,6,8316,215,1,0,0,0
23,2024-02-11,7,0,0,0,0,0,0
23,2024-02-12,1,5729,140,1,0,0,0
23,2024-02-13,2,5720,114,1,0,0,0
23,2024-02-14,3,7451,186,1,1,0,0
23,2024-02-15,4,5453,124,1,0,0,0
23,2024-02-16,5,6490,144,1,0,0,0
23,2024-02-17,6,9575,216,1,1,0,0
23,2024-02-18,7,6534,138,1,0,0,0
23,2024-02-19,1,6698,145,1,1,0,0
23,2024-02-20,2,6908,145,1,1,0,0
23,2024-02-21,3,6938,167,1,1,0,0
23,2024-02-22,4,7191,167,1,1,0,0
23,2024-02-23,5,6731,149,1,0,0,0
23,2024-02-24,6,8607,193,1,0,0,0
23,2024-02-25,7,0,0,0,0,0,0
23,2024-02-26,1,5705,126,1,0,0,0
23,2024-02-27,2,5552,114,1,0,0,0
23,2024-02-28,3,6176,137,1,0,0,0
23,2024-02-29,4,7185,171,1,1,0,0
23,2024-03-01,5,7725,155,1,1,0,0
23,2024-03-02,6,8342,191,1,0,0,0
23,2024-03-03,7,0,0,0,0,0,0
23,2024-03-04,1,5406,114,1,0,0,0
23,2024-03-05,2,6885,167,1,1,0,0
23,2024-03-06,3,5490,104,1,0,0,0
23,2024-03-07,4,5751,119,1,0,0,0
23,2024-03-08,5,6344,133,1,0,0,0
23,2024-03-09,6,8092,209,1,0,0,0
23,2024-03-10,7,0,0,0,1,0,0
23,2024-03-11,1,5796,122,1,0,0,0
23,2024-03-12,2,5765,126,1,0,0,0
23,2024-03-13,3,7387,164,1,1,0,0
23,2024-03-14,4,7627,160,1,1,0,0
23,2024-03-15,5,7885,183,1,1,0,0
23,2024-03-16,6,8356,201,1,0,0,0
23,2024-03-17,7,0,0,0,0,0,0
23,2024-03-18,1,5488,113,1,0,0,0
23,2024-03-19,2,5391,113,1,0,0,0
23,2024-03-20,3,5259,115,1,0,0,0
23,2024-03-21,4,5875,140,1,0,0,0
23,2024-03-22,5,6280,136,1,0,0,0
23,2024-03-23,6,10509,233,1,1,0,0
23,2024-03-24,7,0,0,0,0,0,0
23,2024-03-25,1,7037,171,1,1,0,0
23,2024-03-26,2,5601,119,1,0,0,0
23,2024-03-27,3,5305,103,1,0,0,0
23,2024-03-28,4,5752,145,1,0,0,0
23,2024-03-29,5,7816,186,1,1,0,0
23,2024-03-30,6,8800,193,1,0,0,0
23,2024-03-31,7,0,0,0,1,0,0
23,2024-04-01,1,5554,122,1,0,0,0
23,2024-04-02,2,6913,153,1,1,0,0
23,2024-04-03,3,9451,230,1,0,0,0
23,2024-04-04,4,13372,265,1,1,0,0
23,2024-04-05,5,11499,270,1,0,0,0
23,2024-04-06,6,19999,406,1,1,0,0
23,2024-04-07,7,12071,288,1,0,0,0
23,2024-04-08,1,9582,186,1,0,0,0
23,2024-04-09,2,11395,229,1,1,0,0
23,2024-04-10,3,0,0,0,0,b,0
23,2024-04-11,4,0,0,0,0,b,0
23,2024-04-12,5,8596,199,1,1,0,0
23,2024-04-13,6,8600,187,1,0,0,0
23,2024-04-14,7,6760,145,1,0,0,0
23,2024-04-15,1,5734,139,1,0,0,0
23,2024-04-16,2,7389,148,1,1,0,0
23,2024-04-17,3,5356,137,1,0,0,0
23,2024-04-18,4,5686,137,1,0,0,0
23,2024-04-19,5,8903,184,1,1,0,0
23,2024-04-20,6,10043,223,1,1,0,0
23,2024-04-21,7,8787,201,1,1,0,0
23,2024-04-22,1,7374,136,1,1,0,0
23,2024-04-23,2,5442,137,1,0,0,0
23,2024-04-24,3,5891,148,1,0,0,0
23,2024-04-25,4,5795,129,1,0,0,0
23,2024-04-26,5,8866,228,1,1,0,0
23,2024-04-27,6,10222,229,1,1,0,0
23,2024-04-28,7,8112,176,1,1,0,0
23,2024-04-29,1,5825,124,1,0,0,0
23,2024-04-30,2,5648,122,1,0,0,0
23,2024-05-01,3,5746,117,1,0,0,0
23,2024-05-02,4,5901,126,1,0,0,0
23,2024-05-03,5,7939,169,1,1,0,0
23,2024-05-04,6,8067,187,1,0,0,0
23,2024-05-05,7,6619,152,1,0,0,0
23,2024-05-06,1,7092,166,1,1,0,0
23,2024-05-07,2,5407,124,1,0,0,0
23,2024-05-08,3,5287,118,1,0,0,0
23,2024-05-09,4,5776,130,1,0,0,0
23,2024-05-10,5,8067,197,1,1,0,0
23,2024-05-11,6,10752,252,1,1,0,0
23,2024-05-12,7,0,0,0,0,0,0
23,2024-05-13,1,6086,149,1,0,0,0
23,2024-05-14,2,5204,121,1,0,0,0
23,2024-05-15,3,5880,130,1,0,0,0
23,2024-05-16,4,6097,134,1,0,0,0
23,2024-05-17,5,6624,137,1,0,0,0
23,2024-05-18,6,8276,194,1,0,0,0
23,2024-05-19,7,8266,191,1,1,0,0
23,2024-05-20,1,5592,136,1,0,0,0
23,2024-05-21,2,4990,116,1,0,0,0
23,2024-05-22,3,5466,105,1,0,0,0
23,2024-05-23,4,5630,135,1,0,0,0
23,2024-05-24,5,6708,160,1,0,0,0
23,2024-05-25,6,8677,201,1,0,0,0
23,2024-05-26,7,0,0,0,1,0,0
23,2024-05-27,1,6556,158,1,1,0,0
23,2024-05-28,2,6359,144,1,1,0,0
23,2024-05-29,3,6020,130,1,0,0,0
23,2024-05-30,4,1524,34,1,1,0,0
23,2024-05-31,5,6766,160,1,0,0,0
23,2024-06-01,6,11326,213,1,1,0,1
23,2024-06-02,7,7479,185,1,0,0,1
23,2024-06-03,1,5341,124,1,0,0,1
23,2024-06-04,2,5389,124,1,0,0,1
23,2024-06-05,3,7465,162,1,1,0,1
23,2024-06-06,4,6397,170,1,1,0,1
23,2024-06-07,5,8101,171,1,1,0,1
23,2024-06-08,6,8847,223,1,0,0,1
23,2024-06-09,7,6759,154,1,0,0,1
23,2024-06-10,1,7294,193,1,1,0,1
23,2024-06-11,2,4955,107,1,0,0,1
23,2024-06-12,3,7298,147,1,1,0,1
23,2024-06-13,4,5809,120,1,0,0,1
23,2024-06-14,5,6499,133,1,0,0,1
23,2024-06-15,6,10066,220,1,1,0,1
23,2024-06-16,7,0,0,0,0,0,1
23,2024-06-17,1,7072,150,1,1,0,1
23,2024-06-18,2,5554,135,1,0,0,1
23,2024-06-19,3,7950,177,1,1,0,1
23,2024-06-20,4,5680,135,1,0,0,1
23,2024-06-21,5,8287,185,1,1,0,1
23,2024-06-22,6,8178,175,1,0,0,1
23,2024-06-23,7,0,0,0,0,0,1
23,2024-06-24,1,5734,110,1,0,0,1
23,2024-06-25,2,6806,177,1,1,0,1
23,2024-06-26,3,6346,142,1,0,0,1
23,2024-06-27,4,6496,141,1,0,0,1
23,2024-06-28,5,8175,166,1,1,0,1
23,2024-06-29,6,7826,173,1,0,0,1
23,2024-06-30,7,0,0,0,0,0,1
24,2022-01-01,6,8084,189,1,0,a,0
24,2022-01-02,7,7479,154,1,1,0,0
24,2022-01-03,1,5535,138,1,0,0,0
24,2022-01-04,2,5157,127,1,0,0,0
24,2022-01-05,3,6167,127,1,1,0,0
24,2022-01-06,4,6543,153,1,1,0,0
24,2022-01-07,5,5829,147,1,0,0,0
24,2022-01-08,6,9233,238,1,1,0,0
24,2022-01-09,7,7392,179,1,1,0,0
24,2022-01-10,1,4986,117,1,0,0,0
24,2022-01-11,2,6157,133,1,1,0,0
24,2022-01-12,3,5592,132,1,0,0,0
24,2022-01-13,4,5542,112,1,0,0,0
24,2022-01-14,5,6145,152,1,0,0,0
24,2022-01-15,6,7846,207,1,0,0,0
24,2022-01-16,7,0,0,0,0,0,0
24,2022-01-17,1,6798,141,1,1,0,0
24,2022-01-18,2,4921,108,1,0,0,0
24,2022-01-19,3,5172,124,1,0,0,0
24,2022-01-20,4,5537,125,1,0,0,0
24,2022-01-21,5,8448,201,1,1,0,0
24,2022-01-22,6,7507,167,1,0,0,0
24,2022-01-23,7,0,0,0,0,0,0
24,2022-01-24,1,5228,124,1,0,0,0
24,2022-01-25,2,6516,136,1,1,0,0
24,2022-01-26,3,5156,99,1,0,0,0
24,2022-01-27,4,6603,162,1,1,0,0
24,2022-01-28,5,5636,130,1,0,0,0
24,2022-01-29,6,7871,188,1,0,0,0
24,2022-01-30,7,0,0,0,0,0,0
24,2022-01-31,1,7007,154,1,1,0,0
24,2022-02-01,2,5126,122,1,0,0,0
24,2022-02-02,3,5171,115,1,0,0,0
24,2022-02-03,4,5559,124,1,0,0,0
24,2022-02-04,5,5932,154,1,0,0,0
24,2022-02-05,6,7507,168,1,0,0,0
24,2022-02-06,7,0,0,0,1,0,0
24,2022-02-07,1,5504,111,1,0,0,0
24,2022-02-08,2,5012,121,1,0,0,0
24,2022-02-09,3,5238,118,1,0,0,0
24,2022-02-10,4,5393,119,1,0,0,0
24,2022-02-11,5,6281,143,1,0,0,0
24,2022-02-12,6,8101,179,1,0,0,0
24,2022-02-13,7,0,0,0,1,0,0
24,2022-02-14,1,5137,110,1,0,0,0
24,2022-02-15,2,6687,158,1,1,0,0
24,2022-02-16,3,5212,122,1,0,0,0
24,2022-02-17,4,5856,134,1,0,0,0
24,2022-02-18,5,7826,166,1,1,0,0
24,2022-02-19,6,10586,257,1,1,0,0
24,2022-02-20,7,0,0,0,0,0,0
24,2022-02-21,1,5375,103,1,0,0,0
24,2022-02-22,2,5265,120,1,0,0,0
24,2022-02-23,3,5597,115,1,0,0,0
24,2022-02-24,4,5583,123,1,0,0,0
24,2022-02-25,5,8003,179,1,1,0,0
24,2022-02-26,6,7554,175,1,0,0,0
24,2022-02-27,7,6339,142,1,0,0,0
24,2022-02-28,1,4815,105,1,0,0,0
24,2022-03-01,2,5020,116,1,0,0,0
24,2022-03-02,3,5095,102,1,0,0,0
24,2022-03-03,4,5587,123,1,0,0,0
24,2022-03-04,5,7970,176,1,1,0,0
24,2022-03-05,6,8035,168,1,0,0,0
24,2022-03-06,7,8272,159,1,1,0,0
24,2022-03-07,1,5237,119,1,0,0,0
24,2022-03-08,2,6328,132,1,1,0,0
24,2022-03-09,3,6273,127,1,1,0,0
24,2022-03-10,4,6221,156,1,1,0,0
24,2022-03-11,5,7036,148,1,1,0,0
24,2022-03-12,6,7570,160,1,0,0,0
24,2022-03-13,7,8340,203,1,1,0,0
24,2022-03-14,1,6127,127,1,1,0,0
24,2022-03-15,2,4898,105,1,0,0,0
24,2022-03-16,3,5215,106,1,0,0,0
24,2022-03-17,4,5872,138,1,0,0,0
24,2022-03-18,5,6087,133,1,0,0,0
24,2022-03-19,6,7897,177,1,0,0,0
24,2022-03-20,7,6524,144,1,0,0,0
24,2022-03-21,1,5597,110,1,0,0,0
24,2022-03-22,2,6423,136,1,1,0,0
24,2022-03-23,3,4879,112,1,0,0,0
24,2022-03-24,4,6953,161,1,1,0,0
24,2022-03-25,5,6551,130,1,0,0,0
24,2022-03-26,6,8110,184,1,0,0,0
24,2022-03-27,7,0,0,0,0,0,0
24,2022-03-28,1,5335,121,1,0,0,0
24,2022-03-29,2,4656,104,1,0,0,0
24,2022-03-30,3,4831,106,1,0,0,0
24,2022-03-31,4,5785,143,1,0,0,0
24,2022-04-01,5,6516,141,1,0,0,0
24,2022-04-02,6,7626,187,1,0,0,0
24,2022-04-03,7,6479,151,1,0,0,0
24,2022-04-04,1,5415,128,1,0,0,0
24,2022-04-05,2,5563,119,1,0,0,0
24,2022-04-06,3,5350,114,1,0,0,0
24,2022-04-07,4,5753,131,1,0,0,0
24,2022-04-08,5,6745,167,1,0,0,0
24,2022-04-09,6,7778,144,1,0,0,0
24,2022-04-10,7,6450,133,1,0,0,0
24,2022-04-11,1,4971,104,1,0,0,0
24,2022-04-12,2,4874,122,1,0,0,0
24,2022-04-13,3,5617,122,1,0,0,0
24,2022-04-14,4,5890,139,1,0,0,0
24,2022-04-15,5,8128,178,1,1,0,0
24,2022-04-16,6,9368,207,1,1,0,0
24,2022-04-17,7,6375,137,1,0,0,0
24,2022-04-18,1,6747,144,1,1,0,0
24,2022-04-19,2,4569,96,1,0,0,0
24,2022-04-20,3,5515,126,1,0,0,0
24,2022-04-21,4,7615,155,1,1,0,0
24,2022-04-22,5,8133,197,1,1,0,0
24,2022-04-23,6,6963,171,1,0,0,0
24,2022-04-24,7,0,0,0,0,0,0
24,2022-04-25,1,9609,193,1,0,0,0
24,2022-04-26,2,9424,206,1,0,0,0
24,2022-04-27,3,9775,212,1,0,0,0
24,2022-04-28,4,9878,202,1,0,0,0
24,2022-04-29,5,12264,281,1,1,0,0
24,2022-04-30,6,14500,296,1,0,0,0
24,2022-05-01,7,0,0,0,1,0,0
24,2022-05-02,1,0,0,0,0,b,0
24,2022-05-03,2,0,0,0,0,b,0
24,2022-05-04,3,4968,121,1,0,0,0
24,2022-05-05,4,5107,123,1,0,0,0
24,2022-05-06,5,6206,141,1,0,0,0
24,2022-05-07,6,7676,173,1,0,0,0
24,2022-05-08,7,6792,156,1,0,0,0
24,2022-05-09,1,5188,113,1,0,0,0
24,2022-05-10,2,5537,129,1,0,0,0
24,2022-05-11,3,5226,104,1,0,0,0
24,2022-05-12,4,5640,104,1,0,0,0
24,2022-05-13,5,5577,132,1,0,0,0
24,2022-05-14,6,7941,179,1,0,0,0
24,2022-05-15,7,8141,178,1,1,0,0
24,2022-05-16,1,5632,136,1,0,0,0
24,2022-05-17,2,4802,99,1,0,0,0
24,2022-05-18,3,5355,125,1,0,0,0
24,2022-05-19,4,6018,138,1,0,0,0
24,2022-05-20,5,6694,138,1,0,0,0
24,2022-05-21,6,7644,194,1,0,0,0
24,2022-05-22,7,7848,166,1,1,0,0
24,2022-05-23,1,4868,105,1,0,0,0
24,2022-05-24,2,4651,115,1,0,0,0
24,2022-05-25,3,5336,119,1,0,0,0
24,2022-05-26,4,5439,110,1,0,0,0
24,2022-05-27,5,6854,165,1,0,0,0
24,2022-05-28,6,10163,224,1,1,0,0
24,2022-05-29,7,8057,169,1,1,0,0
24,2022-05-30,1,6882,127,1,1,0,0
24,2022-05-31,2,5481,123,1,0,0,0
24,2022-06-01,3,7228,174,1,1,0,1
24,2022-06-02,4,5704,117,1,0,0,1
24,2022-06-03,5,7773,176,1,1,0,1
24,2022-06-04,6,10087,224,1,1,0,1
24,2022-06-05,7,0,0,0,0,0,1
24,2022-06-06,1,5199,113,1,0,0,1
24,2022-06-07,2,5495,133,1,0,0,1
24,2022-06-08,3,6761,153,1,1,0,1
24,2022-06-09,4,5355,124,1,0,0,1
24,2022-06-10,5,7804,176,1,1,0,1
24,2022-06-11,6,8308,166,1,0,0,1
24,2022-06-12,7,6061,114,1,0,0,1
24,2022-06-13,1,5278,108,1,0,0,1
24,2022-06-14,2,6278,131,1,1,0,1
24,2022-06-15,3,6069,139,1,0,0,1
24,2022-06-16,4,5678,110,1,0,0,1
24,2022-06-17,5,6733,132,1,0,0,1
24,2022-06-18,6,8134,185,1,0,0,1
24,2022-06-19,7,6659,147,1,0,0,1
24,2022-06-20,1,5343,108,1,0,0,1
24,2022-06-21,2,6480,163,1,1,0,1
24,2022-06-22,3,6827,141,1,1,0,1
24,2022-06-23,4,5476,127,1,0,0,1
24,2022-06-24,5,7820,177,1,1,0,1
24,2022-06-25,6,9246,207,1,1,0,1
24,2022-06-26,7,0,0,0,0,0,1
24,2022-06-27,1,5046,127,1,0,0,1
24,2022-06-28,2,5277,109,1,0,0,1
24,2022-06-29,3,5580,128,1,0,0,1
24,2022-06-30,4,6074,143,1,0,0,1
24,2022-07-01,5,7963,144,1,1,0,1
24,2022-07-02,6,9947,234,1,1,0,1
24,2022-07-03,7,6367,120,1,0,0,1
24,2022-07-04,1,5572,128,1,0,0,1
24,2022-07-05,2,5235,111,1,0,0,1
24,2022-07-06,3,6619,132,1,1,0,1
24,2022-07-07,4,5727,121,1,0,0,1
24,2022-07-08,5,5699,152,1,0,0,1
24,2022-07-09,6,8112,178,1,0,0,1
24,2022-07-10,7,0,0,0,0,0,1
24,2022-07-11,1,5301,118,1,0,0,1
24,2022-07-12,2,7246,147,1,1,0,1
24,2022-07-13,3,5378,113,1,0,0,1
24,2022-07-14,4,7398,172,1,1,0,1
24,2022-07-15,5,6624,150,1,0,0,1
24,2022-07-16,6,8440,195,1,0,0,1
24,2022-07-17,7,0,0,0,0,0,1
24,2022-07-18,1,6375,132,1,1,0,1
24,2022-07-19,2,6386,129,1,1,0,1
24,2022-07-20,3,5200,122,1,0,0,1
24,2022-07-21,4,7004,147,1,1,0,1
24,2022-07-22,5,6198,147,1,0,0,1
24,2022-07-23,6,7739,182,1,0,0,1
24,2022-07-24,7,0,0,0,0,0,1
24,2022-07-25,1,6595,147,1,1,0,1
24,2022-07-26,2,5194,113,1,0,0,1
24,2022-07-27,3,5098,104,1,0,0,1
24,2022-07-28,4,5734,135,1,0,0,1
24,2022-07-29,5,6287,146,1,0,0,1
24,2022-07-30,6,7881,184,1,0,0,1
24,2022-07-31,7,0,0,0,0,0,1
24,2022-08-01,1,5451,124,1,0,0,0
24,2022-08-02,2,6820,167,1,1,0,0
24,2022-08-03,3,5718,127,1,0,0,0
24,2022-08-04,4,5929,144,1,0,0,0
24,2022-08-05,5,6857,164,1,0,0,0
24,2022-08-06,6,8191,186,1,0,0,0
24,2022-08-07,7,7900,180,1,1,0,0
24,2022-08-08,1,5312,123,1,0,0,0
24,2022-08-09,2,6503,140,1,1,0,0
24,2022-08-10,3,6621,144,1,1,0,0
24,2022-08-11,4,6268,155,1,1,0,0
24,2022-08-12,5,6413,143,1,0,0,0
24,2022-08-13,6,8167,191,1,0,0,0
24,2022-08-14,7,0,0,0,0,0,0
24,2022-08-15,1,7427,178,1,1,0,0
24,2022-08-16,2,5500,124,1,0,0,0
24,2022-08-17,3,5719,143,1,0,a,0
24,2022-08-18,4,5507,111,1,0,0,0
24,2022-08-19,5,6412,165,1,0,0,0
24,2022-08-20,6,10151,234,1,1,0,0
24,2022-08-21,7,0,0,0,0,0,0
24,2022-08-22,1,5239,112,1,0,0,0
24,2022-08-23,2,5440,127,1,0,0,0
24,2022-08-24,3,5191,101,1,0,0,0
24,2022-08-25,4,8286,193,1,1,0,0
24,2022-08-26,5,8529,195,1,1,0,0
24,2022-08-27,6,8726,200,1,0,0,0
24,2022-08-28,7,0,0,0,0,0,0
24,2022-08-29,1,5016,94,1,0,0,0
24,2022-08-30,2,6765,153,1,1,0,0
24,2022-08-31,3,6872,139,1,1,0,0
24,2022-09-01,4,7873,175,1,1,0,0
24,2022-09-02,5,6575,135,1,0,0,0
24,2022-09-03,6,10226,225,1,1,0,0
24,2022-09-04,7,0,0,0,1,0,0
24,2022-09-05,1,5518,109,1,0,0,0
24,2022-09-06,2,5409,129,1,0,0,0
24,2022-09-07,3,7355,175,1,1,0,0
24,2022-09-08,4,5581,119,1,0,0,0
24,2022-09-09,5,6711,147,1,0,0,0
24,2022-09-10,6,8445,204,1,0,0,0
24,2022-09-11,7,6385,143,1,0,0,0
24,2022-09-12,1,6014,116,1,0,0,0
24,2022-09-13,2,5235,119,1,0,0,0
24,2022-09-14,3,6431,152,1,1,0,0
24,2022-09-15,4,6952,178,1,1,0,0
24,2022-09-16,5,7583,152,1,1,0,0
24,2022-09-17,6,8308,181,1,0,0,0
24,2022-09-18,7,0,0,0,0,0,0
24,2022-09-19,1,5556,131,1,0,0,0
24,2022-09-20,2,5793,147,1,0,0,0
24,2022-09-21,3,5912,141,1,0,0,0
24,2022-09-22,4,6280,135,1,1,0,0
24,2022-09-23,5,6697,154,1,0,0,0
24,2022-09-24,6,8003,178,1,0,0,0
24,2022-09-25,7,0,0,0,0,0,0
24,2022-09-26,1,5482,129,1,0,0,0
24,2022-09-27,2,7657,171,1,1,0,0
24,2022-09-28,3,7182,155,1,1,0,0
24,2022-09-29,4,5977,132,1,0,0,0
24,2022-09-30,5,6767,161,1,0,0,0
24,2022-10-01,6,7642,159,1,0,0,0
24,2022-10-02,7,8868,197,1,1,0,0
24,2022-10-03,1,5448,133,1,0,0,0
24,2022-10-04,2,5200,96,1,0,0,0
24,2022-10-05,3,5864,125,1,0,0,0
24,2022-10-06,4,5385,117,1,0,0,0
24,2022-10-07,5,6734,164,1,0,0,0
24,2022-10-08,6,8207,195,1,0,0,0
24,2022-10-09,7,6708,138,1,0,0,0
24,2022-10-10,1,4898,102,1,0,0,0
24,2022-10-11,2,7049,157,1,1,0,0
24,2022-10-12,3,5713,118,1,0,0,0
24,2022-10-13,4,5692,144,1,0,0,0
24,2022-10-14,5,7681,166,1,1,0,0
24,2022-10-15,6,10763,258,1,1,0,0
24,2022-10-16,7,6871,143,1,0,0,0
24,2022-10-17,1,5529,116,1,0,0,0
24,2022-10-18,2,5139,121,1,0,0,0
24,2022-10-19,3,7173,176,1,1,0,0
24,2022-10-20,4,7387,140,1,1,0,0
24,2022-10-21,5,6880,172,1,0,0,0
24,2022-10-22,6,7804,167,1,0,0,0
24,2022-10-23,7,6524,161,1,0,0,0
24,2022-10-24,1,6075,114,1,0,0,0
24,2022-10-25,2,5467,115,1,0,0,0
24,2022-10-26,3,5734,117,1,0,0,0
24,2022-10-27,4,6132,135,1,0,0,0
24,2022-10-28,5,7052,159,1,0,0,0
24,2022-10-29,6,7833,178,1,0,0,0
24,2022-10-30,7,7517,181,1,0,0,0
24,2022-10-31,1,5535,125,1,0,0,0
24,2022-11-01,2,5497,116,1,0,0,0
24,2022-11-02,3,7113,175,1,1,0,0
24,2022-11-03,4,6298,147,1,0,0,0
24,2022-11-04,5,8485,198,1,1,0,0
24,2022-11-05,6,8270,180,1,0,0,0
24,2022-11-06,7,0,0,0,1,0,0
24,2022-11-07,1,6861,152,1,1,0,0
24,2022-11-08,2,5071,107,1,0,0,0
24,2022-11-09,3,5936,132,1,0,0,0
24,2022-11-10,4,5671,117,1,0,0,0
24,2022-11-11,5,8070,181,1,1,0,0
24,2022-11-12,6,8835,213,1,0,0,0
24,2022-11-13,7,7076,150,1,0,0,0
24,2022-11-14,1,5673,120,1,0,0,0
24,2022-11-15,2,6535,164,1,1,0,0
24,2022-11-16,3,5831,127,1,0,0,0
24,2022-11-17,4,5646,119,1,0,0,0
24,2022-11-18,5,6662,140,1,0,0,0
24,2022-11-19,6,7814,147,1,0,0,0
24,2022-11-20,7,7225,189,1,0,0,0
24,2022-11-21,1,5632,130,1,0,0,0
24,2022-11-22,2,6813,142,1,1,0,0
24,2022-11-23,3,7268,172,1,1,0,0
24,2022-11-24,4,7321,165,1,1,0,0
24,2022-11-25,5,6534,144,1,0,0,0
24,2022-11-26,6,11145,256,1,1,0,0
24,2022-11-27,7,0,0,0,0,0,0
24,2022-11-28,1,5785,125,1,0,0,0
24,2022-11-29,2,6915,178,1,1,0,0
24,2022-11-30,3,7028,146,1,1,0,0
24,2022-12-01,4,6218,142,1,0,0,0
24,2022-12-02,5,7783,180,1,1,0,0
24,2022-12-03,6,11423,249,1,1,0,0
24,2022-12-04,7,0,0,0,0,0,0
24,2022-12-05,1,5927,147,1,0,0,0
24,2022-12-06,2,7001,174,1,1,0,0
24,2022-12-07,3,5688,126,1,0,0,0
24,2022-12-08,4,6192,141,1,0,0,0
24,2022-12-09,5,7594,190,1,1,0,0
24,2022-12-10,6,8157,170,1,0,0,0
24,2022-12-11,7,0,0,0,0,0,0
24,2022-12-12,1,5219,131,1,0,0,0
24,2022-12-13,2,5657,115,1,0,0,0
24,2022-12-14,3,7620,141,1,1,0,0
24,2022-12-15,4,5416,113,1,0,0,0
24,2022-12-16,5,6411,134,1,0,0,0
24,2022-12-17,6,10435,225,1,1,0,0
24,2022-12-18,7,0,0,0,1,0,0
24,2022-12-19,1,5856,127,1,0,0,0
24,2022-12-20,2,6770,155,1,1,0,0
24,2022-12-21,3,6014,118,1,0,0,0
24,2022-12-22,4,5958,161,1,0,0,0
24,2022-12-23,5,6361,146,1,0,0,0
24,2022-12-24,6,8531,194,1,0,0,0
24,2022-12-25,7,6440,140,1,0,a,0
24,2022-12-26,1,5554,107,1,0,0,0
24,2022-12-27,2,5454,116,1,0,0,0
24,2022-12-28,3,5579,114,1,0,0,0
24,2022-12-29,4,6695,129,1,0,0,0
24,2022-12-30,5,6997,150,1,0,0,0
24,2022-12-31,6,8533,185,1,0,0,0
24,2023-01-01,7,7033,147,1,0,a,0
24,2023-01-02,1,5781,131,1,0,0,0
24,2023-01-03,2,5684,132,1,0,0,0
24,2023-01-04,3,6214,143,1,0,0,0
24,2023-01-05,4,6229,140,1,0,0,0
24,2023-01-06,5,7410,154,1,1,0,0
24,2023-01-07,6,11020,216,1,1,0,0
24,2023-01-08,7,8262,177,1,1,0,0
24,2023-01-09,1,5489,133,1,0,0,0
24,2023-01-10,2,5792,123,1,0,0,0
24,2023-01-11,3,5236,117,1,0,0,0
24,2023-01-12,4,8092,170,1,1,0,0
24,2023-01-13,5,6862,150,1,0,0,0
24,2023-01-14,6,8620,192,1,0,0,0
24,2023-01-15,7,7198,156,1,0,0,0
24,2023-01-16,1,7475,144,1,1,0,0
24,2023-01-17,2,5592,108,1,0,0,0
24,2023-01-18,3,6007,143,1,0,0,0
24,2023-01-19,4,7101,142,1,1,0,0
24,2023-01-20,5,6872,151,1,0,0,0
24,2023-01-21,6,8751,189,1,0,0,0
24,2023-01-22,7,7420,156,1,0,0,0
24,2023-01-23,1,5714,130,1,0,0,0
24,2023-01-24,2,5625,135,1,0,0,0
24,2023-01-25,3,5526,130,1,0,0,0
24,2023-01-26,4,5984,144,1,0,0,0
24,2023-01-27,5,8522,201,1,1,0,0
24,2023-01-28,6,8808,194,1,0,0,0
24,2023-01-29,7,7528,185,1,0,0,0
24,2023-01-30,1,5806,144,1,0,0,0
24,2023-01-31,2,6905,139,1,1,0,0
24,2023-02-01,3,5965,150,1,0,0,0
24,2023-02-02,4,5827,136,1,0,0,0
24,2023-02-03,5,7066,177,1,0,0,0
24,2023-02-04,6,8227,208,1,0,0,0
24,2023-02-05,7,6805,156,1,0,0,0
24,2023-02-06,1,6724,152,1,1,0,0
24,2023-02-07,2,5583,127,1,0,0,0
24,2023-02-08,3,7502,164,1,1,0,0
24,2023-02-09,4,6501,135,1,0,0,0
24,2023-02-10,5,8274,196,1,1,0,0
24,2023-02-11,6,8442,207,1,0,0,0
24,2023-02-12,7,0,0,0,0,0,0
24,2023-02-13,1,5758,117,1,0,0,0
24,2023-02-14,2,5577,109,1,0,0,0
24,2023-02-15,3,7286,163,1,1,0,0
24,2023-02-16,4,6468,134,1,0,0,0
24,2023-02-17,5,6832,149,1,0,0,0
24,2023-02-18,6,8374,187,1,0,0,0
24,2023-02-19,7,8318,186,1,1,0,0
24,2023-02-20,1,5374,114,1,0,0,0
24,2023-02-21,2,6818,162,1,1,0,0
24,2023-02-22,3,7429,185,1,1,0,0
24,2023-02-23,4,6737,169,1,1,0,0
24,2023-02-24,5,6617,147,1,0,0,0
24,2023-02-25,6,8910,213,1,0,0,0
24,2023-02-26,7,6621,156,1,0,0,0
24,2023-02-27,1,7079,158,1,1,0,0
24,2023-02-28,2,6639,141,1,1,0,0
24,2023-03-01,3,5053,123,1,0,0,0
24,2023-03-02,4,7243,161,1,1,0,0
24,2023-03-03,5,6318,133,1,0,0,0
24,2023-03-04,6,8914,215,1,0,0,0
24,2023-03-05,7,7162,154,1,0,0,0
24,2023-03-06,1,6782,143,1,1,0,0
24,2023-03-07,2,7450,162,1,1,0,0
24,2023-03-08,3,7583,180,1,1,0,0
24,2023-03-09,4,7461,163,1,1,0,0
24,2023-03-10,5,6795,159,1,0,0,0
24,2023-03-11,6,10238,196,1,1,0,0
24,2023-03-12,7,0,0,0,0,0,0
24,2023-03-13,1,7200,160,1,1,0,0
24,2023-03-14,2,6532,147,1,1,0,0
24,2023-03-15,3,5798,125,1,0,0,0
24,2023-03-16,4,6181,142,1,0,0,0
24,2023-03-17,5,6045,151,1,0,0,0
24,2023-03-18,6,10875,227,1,1,0,0
24,2023-03-19,7,0,0,0,0,0,0
24,2023-03-20,1,5147,111,1,0,0,0
24,2023-03-21,2,7269,181,1,1,0,0
24,2023-03-22,3,6432,151,1,0,0,0
24,2023-03-23,4,5990,126,1,0,0,0
24,2023-03-24,5,6956,161,1,0,0,0
24,2023-03-25,6,8193,162,1,0,0,0
24,2023-03-26,7,0,0,0,1,0,0
24,2023-03-27,1,5900,126,1,0,0,0
24,2023-03-28,2,5688,128,1,0,0,0
24,2023-03-29,3,5931,120,1,0,0,0
24,2023-03-30,4,6197,115,1,0,0,0
24,2023-03-31,5,8372,180,1,1,0,0
24,2023-04-01,6,10275,221,1,1,0,0
24,2023-04-02,7,6990,136,1,0,0,0
24,2023-04-03,1,5750,123,1,0,0,0
24,2023-04-04,2,5306,124,1,0,0,0
24,2023-04-05,3,5862,120,1,0,0,0
24,2023-04-06,4,6069,135,1,0,0,0
24,2023-04-07,5,8194,177,1,1,0,0
24,2023-04-08,6,8808,187,1,0,0,0
24,2023-04-09,7,7262,130,1,0,0,0
24,2023-04-10,1,5582,135,1,0,0,0
24,2023-04-11,2,5688,130,1,0,0,0
24,2023-04-12,3,7716,159,1,1,0,0
24,2023-04-13,4,5790,143,1,0,0,0
24,2023-04-14,5,6181,144,1,0,0,0
24,2023-04-15,6,14872,308,1,0,0,0
24,2023-04-16,7,16318,397,1,1,0,0
24,2023-04-17,1,10172,216,1,0,0,0
24,2023-04-18,2,11937,243,1,1,0,0
24,2023-04-19,3,11321,251,1,0,0,0
24,2023-04-20,4,12933,286,1,1,0,0
24,2023-04-21,5,15065,338,1,1,0,0
24,2023-04-22,6,0,0,0,0,b,0
24,2023-04-23,7,0,0,0,1,b,0
24,2023-04-24,1,5914,117,1,0,0,0
24,2023-04-25,2,5476,118,1,0,0,0
24,2023-04-26,3,6090,137,1,0,0,0
24,2023-04-27,4,6124,130,1,0,0,0
24,2023-04-28,5,6902,161,1,0,0,0
24,2023-04-29,6,11620,275,1,1,0,0
24,2023-04-30,7,8334,190,1,1,0,0
24,2023-05-01,1,5914,121,1,0,0,0
24,2023-05-02,2,7144,142,1,1,0,0
24,2023-05-03,3,6215,137,1,0,0,0
24,2023-05-04,4,6674,147,1,0,0,0
24,2023-05-05,5,9210,232,1,1,0,0
24,2023-05-06,6,9078,196,1,0,0,0
24,2023-05-07,7,0,0,0,0,0,0
24,2023-05-08,1,7112,156,1,1,0,0
24,2023-05-09,2,5890,121,1,0,0,0
24,2023-05-10,3,5562,123,1,0,0,0
24,2023-05-11,4,6068,148,1,0,0,0
24,2023-05-12,5,6537,136,1,0,0,0
24,2023-05-13,6,10270,238,1,1,0,0
24,2023-05-14,7,7203,175,1,0,0,0
24,2023-05-15,1,6052,130,1,0,0,0
24,2023-05-16,2,5865,129,1,0,0,0
24,2023-05-17,3,5990,131,1,0,0,0
24,2023-05-18,4,6042,160,1,0,0,0
24,2023-05-19,5,6621,150,1,0,0,0
24,2023-05-20,6,9125,200,1,0,0,0
24,2023-05-21,7,6944,155,1,0,0,0
24,2023-05-22,1,5675,136,1,0,0,0
24,2023-05-23,2,7276,160,1,1,0,0
24,2023-05-24,3,7090,158,1,1,0,0
24,2023-05-25,4,7734,158,1,1,0,0
24,2023-05-26,5,6630,121,1,0,0,0
24,2023-05-27,6,8465,168,1,0,0,0
24,2023-05-28,7,8812,212,1,1,0,0
24,2023-05-29,1,6062,131,1,0,0,0
24,2023-05-30,2,5764,122,1,0,0,0
24,2023-05-31,3,7578,176,1,1,0,0
24,2023-06-01,4,8006,188,1,1,0,1
24,2023-06-02,5,8794,212,1,1,0,1
24,2023-06-03,6,10869,242,1,1,0,1
24,2023-06-04,7,7349,172,1,0,0,1
24,2023-06-05,1,5803,121,1,0,0,1
24,2023-06-06,2,7311,177,1,1,0,1
24,2023-06-07,3,6296,149,1,0,0,1
24,2023-06-08,4,7928,183,1,1,0,1
24,2023-06-09,5,6408,149,1,0,0,1
24,2023-06-10,6,8570,218,1,0,0,1
24,2023-06-11,7,0,0,0,1,0,1
24,2023-06-12,1,5230,124,1,0,0,1
24,2023-06-13,2,7282,187,1,1,0,1
24,2023-06-14,3,6075,130,1,0,0,1
24,2023-06-15,4,8795,178,1,1,0,1
24,2023-06-16,5,6993,159,1,0,0,1
24,2023-06-17,6,8755,191,1,0,0,1
24,2023-06-18,7,7592,164,1,0,0,1
24,2023-06-19,1,5770,121,1,0,0,1
24,2023-06-20,2,7193,170,1,1,0,1
24,2023-06-21,3,6031,129,1,0,0,1
24,2023-06-22,4,6388,150,1,0,0,1
24,2023-06-23,5,6540,157,1,0,0,1
24,2023-06-24,6,9185,209,1,0,0,1
24,2023-06-25,7,6998,159,1,0,0,1
24,2023-06-26,1,6487,147,1,0,0,1
24,2023-06-27,2,5317,123,1,0,0,1
24,2023-06-28,3,7234,173,1,1,0,1
24,2023-06-29,4,5582,119,1,0,0,1
24,2023-06-30,5,9858,226,1,1,0,1
24,2023-07-01,6,8291,174,1,0,0,1
24,2023-07-02,7,0,0,0,0,0,1
24,2023-07-03,1,6105,118,1,0,0,1
24,2023-07-04,2,5501,104,1,0,0,1
24,2023-07-05,3,6258,131,1,0,0,1
24,2023-07-06,4,7363,131,1,1,0,1
24,2023-07-07,5,6600,154,1,0,0,1
24,2023-07-08,6,10195,211,1,1,0,1
24,2023-07-09,7,7452,170,1,0,0,1
24,2023-07-10,1,5323,124,1,0,0,1
24,2023-07-11,2,5885,135,1,0,0,1
24,2023-07-12,3,7497,155,1,1,0,1
24,2023-07-13,4,6777,150,1,0,0,1
24,2023-07-14,5,8628,216,1,1,0,1
24,2023-07-15,6,9238,205,1,0,0,1
24,2023-07-16,7,0,0,0,0,0,1
24,2023-07-17,1,5880,126,1,0,0,1
24,2023-07-18,2,7629,172,1,1,0,1
24,2023-07-19,3,7700,183,1,1,0,1
24,2023-07-20,4,6524,140,1,0,0,1
24,2023-07-21,5,8228,182,1,1,0,1
24,2023-07-22,6,9111,232,1,0,0,1
24,2023-07-23,7,9406,208,1,1,0,1
24,2023-07-24,1,6998,140,1,1,0,1
24,2023-07-25,2,7211,163,1,1,0,1
24,2023-07-26,3,6911,144,1,1,0,1
24,2023-07-27,4,5758,134,1,0,0,1
24,2023-07-28,5,6893,169,1,0,0,1
24,2023-07-29,6,9692,168,1,0,0,1
24,2023-07-30,7,0,0,0,0,0,1
24,2023-07-31,1,5840,123,1,0,0,1
24,2023-08-01,2,5524,119,1,0,0,0
24,2023-08-02,3,6346,155,1,0,0,0
24,2023-08-03,4,5637,127,1,0,0,0
24,2023-08-04,5,6786,141,1,0,0,0
24,2023-08-05,6,8573,164,1,0,0,0
24,2023-08-06,7,9034,198,1,1,0,0
24,2023-08-07,1,6349,161,1,0,0,0
24,2023-08-08,2,6322,128,1,1,0,0
24,2023-08-09,3,6169,138,1,0,0,0
24,2023-08-10,4,6382,147,1,0,0,0
24,2023-08-11,5,6916,154,1,0,0,0
24,2023-08-12,6,9051,185,1,0,0,0
24,2023-08-13,7,0,0,0,0,0,0
24,2023-08-14,1,5997,154,1,0,0,0
24,2023-08-15,2,5227,91,1,0,0,0
24,2023-08-16,3,5815,107,1,0,0,0
24,2023-08-17,4,8484,200,1,1,a,0
24,2023-08-18,5,6543,152,1,0,0,0
24,2023-08-19,6,8972,205,1,0,0,0
24,2023-08-20,7,0,0,0,0,0,0
24,2023-08-21,1,6137,143,1,0,0,0
24,2023-08-22,2,7212,145,1,1,0,0
24,2023-08-23,3,6295,148,1,0,0,0
24,2023-08-24,4,6416,143,1,0,0,0
24,2023-08-25,5,6824,155,1,0,0,0
24,2023-08-26,6,7953,204,1,0,0,0
24,2023-08-27,7,0,0,0,0,0,0
24,2023-08-28,1,7012,165,1,1,0,0
24,2023-08-29,2,5484,124,1,0,0,0
24,2023-08-30,3,6259,157,1,0,0,0
24,2023-08-31,4,6944,155,1,0,0,0
24,2023-09-01,5,6112,129,1,0,0,0
24,2023-09-02,6,8290,185,1,0,0,0
24,2023-09-03,7,7392,136,1,0,0,0
24,2023-09-04,1,5904,129,1,0,0,0
24,2023-09-05,2,5981,149,1,0,0,0
24,2023-09-06,3,6101,137,1,0,0,0
24,2023-09-07,4,6732,139,1,0,0,0
24,2023-09-08,5,7182,163,1,0,0,0
24,2023-09-09,6,9374,206,1,0,0,0
24,2023-09-10,7,0,0,0,0,0,0
24,2023-09-11,1,5632,127,1,0,0,0
24,2023-09-12,2,7537,178,1,1,0,0
24,2023-09-13,3,7903,190,1,1,0,0
24,2023-09-14,4,7773,183,1,1,0,0
24,2023-09-15,5,8591,162,1,1,0,0
24,2023-09-16,6,11064,271,1,1,0,0
24,2023-09-17,7,8761,219,1,1,0,0
24,2023-09-18,1,6982,143,1,1,0,0
24,2023-09-19,2,8121,188,1,1,0,0
24,2023-09-20,3,6467,130,1,0,0,0
24,2023-09-21,4,6345,131,1,0,0,0
24,2023-09-22,5,8115,176,1,1,0,0
24,2023-09-23,6,9255,204,1,0,0,0
24,2023-09-24,7,9011,202,1,1,0,0
24,2023-09-25,1,5962,113,1,0,0,0
24,2023-09-26,2,6538,146,1,0,0,0
24,2023-09-27,3,8411,189,1,1,0,0
24,2023-09-28,4,6996,162,1,1,0,0
24,2023-09-29,5,7145,167,1,0,0,0
24,2023-09-30,6,11374,296,1,1,0,0
24,2023-10-01,7,0,0,0,1,0,0
24,2023-10-02,1,5851,137,1,0,0,0
24,2023-10-03,2,5887,116,1,0,0,0
24,2023-10-04,3,5819,133,1,0,0,0
24,2023-10-05,4,6688,148,1,0,0,0
24,2023-10-06,5,7383,146,1,0,0,0
24,2023-10-07,6,9781,234,1,0,0,0
24,2023-10-08,7,7082,147,1,0,0,0
24,2023-10-09,1,7638,160,1,1,0,0
24,2023-10-10,2,6499,147,1,0,0,0
24,2023-10-11,3,5958,143,1,0,0,0
24,2023-10-12,4,6047,118,1,0,0,0
24,2023-10-13,5,8932,209,1,1,0,0
24,2023-10-14,6,11977,252,1,1,0,0
24,2023-10-15,7,7133,162,1,0,0,0
24,2023-10-16,1,8278,177,1,1,0,0
24,2023-10-17,2,7044,148,1,1,0,0
24,2023-10-18,3,7974,185,1,1,0,0
24,2023-10-19,4,7704,186,1,1,0,0
24,2023-10-20,5,6887,153,1,0,0,0
24,2023-10-21,6,9442,194,1,0,0,0
24,2023-10-22,7,7314,156,1,0,0,0
24,2023-10-23,1,5589,108,1,0,0,0
24,2023-10-24,2,5679,140,1,0,0,0
24,2023-10-25,3,8011,178,1,1,0,0
24,2023-10-26,4,6516,149,1,0,0,0
24,2023-10-27,5,9149,214,1,1,0,0
24,2023-10-28,6,8810,189,1,0,0,0
24,2023-10-29,7,0,0,0,0,0,0
24,2023-10-30,1,5810,156,1,0,0,0
24,2023-10-31,2,5703,124,1,0,0,0
24,2023-11-01,3,7727,154,1,1,0,0
24,2023-11-02,4,7526,179,1,1,0,0
24,2023-11-03,5,7452,173,1,0,0,0
24,2023-11-04,6,11666,262,1,1,0,0
24,2023-11-05,7,8868,213,1,1,0,0
24,2023-11-06,1,6008,141,1,0,0,0
24,2023-11-07,2,5672,130,1,0,0,0
24,2023-11-08,3,6160,135,1,0,0,0
24,2023-11-09,4,6142,141,1,0,0,0
24,2023-11-10,5,9806,225,1,1,0,0
24,2023-11-11,6,8388,204,1,0,0,0
24,2023-11-12,7,6956,150,1,0,0,0
24,2023-11-13,1,6006,136,1,0,0,0
24,2023-11-14,2,7465,169,1,1,0,0
24,2023-11-15,3,7809,180,1,1,0,0
24,2023-11-16,4,6715,159,1,0,0,0
24,2023-11-17,5,7255,147,1,0,0,0
24,2023-11-18,6,8707,204,1,0,0,0
24,2023-11-19,7,9793,252,1,1,0,0
24,2023-11-20,1,6279,140,1,0,0,0
24,2023-11-21,2,7959,158,1,1,0,0
24,2023-11-22,3,7803,184,1,1,0,0
24,2023-11-23,4,6781,176,1,0,0,0
24,2023-11-24,5,6141,150,1,0,0,0
24,2023-11-25,6,8920,182,1,0,0,0
24,2023-11-26,7,7111,142,1,0,0,0
24,2023-11-27,1,6312,148,1,0,0,0
24,2023-11-28,2,5743,122,1,0,0,0
24,2023-11-29,3,6540,119,1,0,0,0
24,2023-11-30,4,6695,139,1,0,0,0
24,2023-12-01,5,8630,189,1,1,0,0
24,2023-12-02,6,9266,191,1,0,0,0
24,2023-12-03,7,0,0,0,0,0,0
24,2023-12-04,1,7679,182,1,1,0,0
24,2023-12-05,2,6197,132,1,0,0,0
24,2023-12-06,3,2123,46,1,1,0,0
24,2023-12-07,4,7396,154,1,1,0,0
24,2023-12-08,5,7344,149,1,0,0,0
24,2023-12-09,6,9664,210,1,0,0,0
24,2023-12-10,7,6840,163,1,0,0,0
24,2023-12-11,1,6106,134,1,0,0,0
24,2023-12-12,2,5704,118,1,0,0,0
24,2023-12-13,3,8261,170,1,1,0,0
24,2023-12-14,4,6844,173,1,0,0,0
24,2023-12-15,5,6854,164,1,0,0,0
24,2023-12-16,6,10728,224,1,1,0,0
24,2023-12-17,7,9473,213,1,1,0,0
24,2023-12-18,1,5787,132,1,0,0,0
24,2023-12-19,2,6249,145,1,0,0,0
24,2023-12-20,3,6225,121,1,0,0,0
24,2023-12-21,4,8740,227,1,1,0,0
24,2023-12-22,5,7745,182,1,0,0,0
24,2023-12-23,6,12394,245,1,1,0,0
24,2023-12-24,7,7650,175,1,0,0,0
24,2023-12-25,1,7309,143,1,1,a,0
24,2023-12-26,2,5557,121,1,0,0,0
24,2023-12-27,3,8079,204,1,1,0,0
24,2023-12-28,4,8374,171,1,1,0,0
24,2023-12-29,5,7260,145,1,0,0,0
24,2023-12-30,6,10755,235,1,1,0,0
24,2023-12-31,7,0,0,0,1,0,0
24,2024-01-01,1,7716,172,1,1,a,0
24,2024-01-02,2,5827,155,1,0,0,0
24,2024-01-03,3,6043,141,1,0,0,0
24,2024-01-04,4,7724,168,1,1,0,0
24,2024-01-05,5,8912,201,1,1,0,0
24,2024-01-06,6,9135,224,1,0,0,0
24,2024-01-07,7,0,0,0,1,0,0
24,2024-01-08,1,6160,127,1,0,0,0
24,2024-01-09,2,7621,170,1,1,0,0
24,2024-01-10,3,6408,154,1,0,0,0
24,2024-01-11,4,6192,133,1,0,0,0
24,2024-01-12,5,7079,150,1,0,0,0
24,2024-01-13,6,9253,216,1,0,0,0
24,2024-01-14,7,0,0,0,0,0,0
24,2024-01-15,1,5755,143,1,0,0,0
24,2024-01-16,2,5928,143,1,0,0,0
24,2024-01-17,3,6493,143,1,0,0,0
24,2024-01-18,4,7900,172,1,1,0,0
24,2024-01-19,5,7329,175,1,0,0,0
24,2024-01-20,6,9267,205,1,0,0,0
24,2024-01-21,7,7374,176,1,0,0,0
24,2024-01-22,1,8208,204,1,1,0,0
24,2024-01-23,2,7436,160,1,1,0,0
24,2024-01-24,3,6250,131,1,0,0,0
24,2024-01-25,4,7957,151,1,1,0,0
24,2024-01-26,5,9683,206,1,1,0,0
24,2024-01-27,6,9920,235,1,0,0,0
24,2024-01-28,7,9991,220,1,1,0,0
24,2024-01-29,1,6455,148,1,0,0,0
24,2024-01-30,2,5783,154,1,0,0,0
24,2024-01-31,3,6184,154,1,0,0,0
24,2024-02-01,4,6283,142,1,0,0,0
24,2024-02-02,5,7596,153,1,0,0,0
24,2024-02-03,6,10375,257,1,0,0,0
24,2024-02-04,7,7828,164,1,0,0,0
24,2024-02-05,1,6715,151,1,0,0,0
24,2024-02-06,2,6198,129,1,0,0,0
24,2024-02-07,3,6437,152,1,0,0,0
24,2024-02-08,4,6355,134,1,0,0,0
24,2024-02-09,5,9321,205,1,1,0,0
24,2024-02-10,6,9729,209,1,0,0,0
24,2024-02-11,7,7983,188,1,0,0,0
24,2024-02-12,1,6238,142,1,0,0,0
24,2024-02-13,2,6129,137,1,0,0,0
24,2024-02-14,3,6327,142,1,0,0,0
24,2024-02-15,4,6370,141,1,0,0,0
24,2024-02-16,5,9458,201,1,1,0,0
24,2024-02-17,6,8436,183,1,0,0,0
24,2024-02-18,7,6960,161,1,0,0,0
24,2024-02-19,1,6046,129,1,0,0,0
24,2024-02-20,2,7115,140,1,1,0,0
24,2024-02-21,3,8377,175,1,1,0,0
24,2024-02-22,4,6420,142,1,0,0,0
24,2024-02-23,5,7577,165,1,0,0,0
24,2024-02-24,6,12429,321,1,1,0,0
24,2024-02-25,7,7631,167,1,0,0,0
24,2024-02-26,1,6327,148,1,0,0,0
24,2024-02-27,2,6462,138,1,0,0,0
24,2024-02-28,3,6685,173,1,0,0,0
24,2024-02-29,4,7369,161,1,1,0,0
24,2024-03-01,5,8900,185,1,1,0,0
24,2024-03-02,6,11986,265,1,1,0,0
24,2024-03-03,7,0,0,0,0,0,0
24,2024-03-04,1,5926,127,1,0,0,0
24,2024-03-05,2,5578,128,1,0,0,0
24,2024-03-06,3,8215,198,1,1,0,0
24,2024-03-07,4,7886,159,1,1,0,0
24,2024-03-08,5,7232,168,1,0,0,0
24,2024-03-09,6,9431,215,1,0,0,0
24,2024-03-10,7,7569,161,1,0,0,0
24,2024-03-11,1,7443,187,1,1,0,0
24,2024-03-12,2,6083,140,1,0,0,0
24,2024-03-13,3,6213,136,1,0,0,0
24,2024-03-14,4,7143,159,1,0,0,0
24,2024-03-15,5,7371,175,1,0,0,0
24,2024-03-16,6,13227,329,1,1,0,0
24,2024-03-17,7,8924,209,1,1,0,0
24,2024-03-18,1,7701,164,1,1,0,0
24,2024-03-19,2,7531,164,1,1,0,0
24,2024-03-20,3,6149,135,1,0,0,0
24,2024-03-21,4,6491,132,1,0,0,0
24,2024-03-22,5,7129,174,1,0,0,0
24,2024-03-23,6,11167,241,1,1,0,0
24,2024-03-24,7,8342,180,1,0,0,0
24,2024-03-25,1,6239,137,1,0,0,0
24,2024-03-26,2,6411,122,1,0,0,0
24,2024-03-27,3,6724,173,1,0,0,0
24,2024-03-28,4,8862,193,1,1,0,0
24,2024-03-29,5,8695,214,1,1,0,0
24,2024-03-30,6,10004,223,1,0,0,0
24,2024-03-31,7,7639,172,1,0,0,0
24,2024-04-01,1,8642,208,1,1,0,0
24,2024-04-02,2,7872,160,1,1,0,0
24,2024-04-03,3,10885,253,1,0,0,0
24,2024-04-04,4,12680,266,1,0,0,0
24,2024-04-05,5,13953,311,1,0,0,0
24,2024-04-06,6,15865,374,1,0,0,0
24,2024-04-07,7,0,0,0,1,0,0
24,2024-04-08,1,12219,238,1,0,0,0
24,2024-04-09,2,11328,231,1,0,0,0
24,2024-04-10,3,0,0,0,0,b,0
24,2024-04-11,4,0,0,0,0,b,0
24,2024-04-12,5,7583,193,1,0,0,0
24,2024-04-13,6,9329,214,1,0,0,0
24,2024-04-14,7,7515,160,1,0,0,0
24,2024-04-15,1,6502,147,1,0,0,0
24,2024-04-16,2,5876,131,1,0,0,0
24,2024-04-17,3,6502,150,1,0,0,0
24,2024-04-18,4,7047,144,1,0,0,0
24,2024-04-19,5,7909,176,1,0,0,0
24,2024-04-20,6,9204,198,1,0,0,0
24,2024-04-21,7,0,0,0,0,0,0
24,2024-04-22,1,7602,170,1,1,0,0
24,2024-04-23,2,8022,199,1,1,0,0
24,2024-04-24,3,6208,136,1,0,0,0
24,2024-04-25,4,8774,223,1,1,0,0
24,2024-04-26,5,7088,162,1,0,0,0
24,2024-04-27,6,9203,232,1,0,0,0
24,2024-04-28,7,7649,140,1,0,0,0
24,2024-04-29,1,6612,154,1,0,0,0
24,2024-04-30,2,5686,136,1,0,0,0
24,2024-05-01,3,6548,136,1,0,0,0
24,2024-05-02,4,8446,196,1,1,0,0
24,2024-05-03,5,7008,159,1,0,0,0
24,2024-05-04,6,9651,236,1,0,0,0
24,2024-05-05,7,7658,152,1,0,0,0
24,2024-05-06,1,5966,127,1,0,0,0
24,2024-05-07,2,7702,176,1,1,0,0
24,2024-05-08,3,7663,171,1,1,0,0
24,2024-05-09,4,8082,184,1,1,0,0
24,2024-05-10,5,7709,172,1,0,0,0
24,2024-05-11,6,9348,202,1,0,0,0
24,2024-05-12,7,8072,171,1,0,0,0
24,2024-05-13,1,6284,131,1,0,0,0
24,2024-05-14,2,5896,130,1,0,0,0
24,2024-05-15,3,8291,174,1,1,0,0
24,2024-05-16,4,6878,162,1,0,0,0
24,2024-05-17,5,6941,148,1,0,0,0
24,2024-05-18,6,12564,258,1,1,0,0
24,2024-05-19,7,0,0,0,1,0,0
24,2024-05-20,1,6542,152,1,0,0,0
24,2024-05-21,2,6228,139,1,0,0,0
24,2024-05-22,3,7140,166,1,0,0,0
24,2024-05-23,4,6881,147,1,0,0,0
24,2024-05-24,5,7481,175,1,0,0,0
24,2024-05-25,6,10336,244,1,0,0,0
24,2024-05-26,7,8386,197,1,0,0,0
24,2024-05-27,1,5896,116,1,0,0,0
24,2024-05-28,2,7571,168,1,1,0,0
24,2024-05-29,3,8360,173,1,1,0,0
24,2024-05-30,4,7123,159,1,0,0,0
24,2024-05-31,5,8733,207,1,1,0,0
24,2024-06-01,6,9974,217,1,0,0,1
24,2024-06-02,7,7618,174,1,0,0,1
24,2024-06-03,1,6592,150,1,0,0,1
24,2024-06-04,2,6047,136,1,0,0,1
24,2024-06-05,3,5749,109,1,0,0,1
24,2024-06-06,4,7658,169,1,1,0,1
24,2024-06-07,5,7012,167,1,0,0,1
24,2024-06-08,6,11591,254,1,1,0,1
24,2024-06-09,7,7785,173,1,0,0,1
24,2024-06-10,1,6208,145,1,0,0,1
24,2024-06-11,2,6218,152,1,0,0,1
24,2024-06-12,3,6356,149,1,0,0,1
24,2024-06-13,4,6730,162,1,0,0,1
24,2024-06-14,5,7788,167,1,0,0,1
24,2024-06-15,6,9563,214,1,0,0,1
24,2024-06-16,7,8011,180,1,0,0,1
24,2024-06-17,1,6611,159,1,0,0,1
24,2024-06-18,2,6193,130,1,0,0,1
24,2024-06-19,3,5943,129,1,0,0,1
24,2024-06-20,4,8534,206,1,1,0,1
24,2024-06-21,5,9003,206,1,1,0,1
24,2024-06-22,6,9998,213,1,0,0,1
24,2024-06-23,7,8345,213,1,0,0,1
24,2024-06-24,1,6311,129,1,0,0,1
24,2024-06-25,2,7879,175,1,1,0,1
24,2024-06-26,3,6756,165,1,0,0,1
24,2024-06-27,4,6478,163,1,0,0,1
24,2024-06-28,5,7468,176,1,0,0,1
24,2024-06-29,6,8857,199,1,0,0,1
24,2024-06-30,7,10290,246,1,1,0,1
25,2022-01-01,6,6261,160,1,1,a,0
25,2022-01-02,7,4300,100,1,0,0,0
25,2022-01-03,1,3707,101,1,1,0,0
25,2022-01-04,2,3470,90,1,0,0,0
25,2022-01-05,3,3688,96,1,1,0,0
25,2022-01-06,4,3980,97,1,1,0,0
25,2022-01-07,5,4004,105,1,0,0,0
25,2022-01-08,6,5635,152,1,1,0,0
25,2022-01-09,7,4334,131,1,0,0,0
25,2022-01-10,1,3585,89,1,0,0,0
25,2022-01-11,2,3434,94,1,0,0,0
25,2022-01-12,3,3750,95,1,0,0,0
25,2022-01-13,4,3779,79,1,0,0,0
25,2022-01-14,5,3996,99,1,0,0,0
25,2022-01-15,6,5765,173,1,1,0,0
25,2022-01-16,7,0,0,0,0,0,0
25,2022-01-17,1,3448,92,1,0,0,0
25,2022-01-18,2,3526,109,1,0,0,0
25,2022-01-19,3,3212,91,1,0,0,0
25,2022-01-20,4,3719,100,1,0,0,0
25,2022-01-21,5,4169,111,1,0,0,0
25,2022-01-22,6,5982,175,1,1,0,0
25,2022-01-23,7,4542,119,1,0,0,0
25,2022-01-24,1,3497,98,1,0,0,0
25,2022-01-25,2,3947,97,1,1,0,0
25,2022-01-26,3,3712,94,1,0,0,0
25,2022-01-27,4,3770,105,1,0,0,0
25,2022-01-28,5,3827,92,1,0,0,0
25,2022-01-29,6,6136,148,1,1,0,0
25,2022-01-30,7,0,0,0,1,0,0
25,2022-01-31,1,3833,91,1,1,0,0
25,2022-02-01,2,3251,85,1,0,0,0
25,2022-02-02,3,3168,74,1,0,0,0
25,2022-02-03,4,4490,113,1,1,0,0
25,2022-02-04,5,4184,120,1,0,0,0
25,2022-02-05,6,5007,131,1,0,0,0
25,2022-02-06,7,0,0,0,1,0,0
25,2022-02-07,1,3486,92,1,0,0,0
25,2022-02-08,2,3597,101,1,0,0,0
25,2022-02-09,3,4103,111,1,1,0,0
25,2022-02-10,4,3862,110,1,0,0,0
25,2022-02-11,5,3946,103,1,0,0,0
25,2022-02-12,6,5789,148,1,1,0,0
25,2022-02-13,7,4791,129,1,1,0,0
25,2022-02-14,1,3532,98,1,0,0,0
25,2022-02-15,2,3559,92,1,0,0,0
25,2022-02-16,3,4299,119,1,1,0,0
25,2022-02-17,4,3781,99,1,0,0,0
25,2022-02-18,5,4016,98,1,0,0,0
25,2022-02-19,6,4934,128,1,0,0,0
25,2022-02-20,7,4812,129,1,1,0,0
25,2022-02-21,1,3775,99,1,1,0,0
25,2022-02-22,2,3545,87,1,0,0,0
25,2022-02-23,3,4065,104,1,1,0,0
25,2022-02-24,4,4446,107,1,1,0,0
25,2022-02-25,5,4189,112,1,0,0,0
25,2022-02-26,6,5452,152,1,0,0,0
25,2022-02-27,7,0,0,0,0,0,0
25,2022-02-28,1,3631,84,1,1,0,0
25,2022-03-01,2,3664,97,1,0,0,0
25,2022-03-02,3,3856,94,1,0,0,0
25,2022-03-03,4,3694,85,1,0,0,0
25,2022-03-04,5,3751,114,1,0,0,0
25,2022-03-05,6,6274,171,1,1,0,0
25,2022-03-06,7,4611,111,1,0,0,0
25,2022-03-07,1,3896,104,1,1,0,0
25,2022-03-08,2,3670,99,1,0,0,0
25,2022-03-09,3,3636,92,1,0,0,0
25,2022-03-10,4,4184,113,1,1,0,0
25,2022-03-11,5,3822,104,1,0,0,0
25,2022-03-12,6,5677,131,1,0,0,0
25,2022-03-13,7,4376,95,1,1,0,0
25,2022-03-14,1,3876,94,1,0,0,0
25,2022-03-15,2,3809,95,1,0,0,0
25,2022-03-16,3,3184,88,1,0,0,0
25,2022-03-17,4,4064,117,1,0,0,0
25,2022-03-18,5,4530,123,1,1,0,0
25,2022-03-19,6,6021,149,1,1,0,0
25,2022-03-20,7,4061,104,1,0,0,0
25,2022-03-21,1,3870,91,1,1,0,0
25,2022-03-22,2,3620,94,1,1,0,0
25,2022-03-23,3,3513,92,1,0,0,0
25,2022-03-24,4,4008,122,1,0,0,0
25,2022-03-25,5,4385,110,1,0,0,0
25,2022-03-26,6,6150,171,1,1,0,0
25,2022-03-27,7,0,0,0,1,0,0
25,2022-03-28,1,3459,82,1,0,0,0
25,2022-03-29,2,3536,92,1,1,0,0
25,2022-03-30,3,3788,92,1,0,0,0
25,2022-03-31,4,4151,123,1,0,0,0
25,2022-04-01,5,4937,134,1,1,0,0
25,2022-04-02,6,5389,129,1,0,0,0
25,2022-04-03,7,4494,127,1,0,0,0
25,2022-04-04,1,3633,104,1,0,0,0
25,2022-04-05,2,3670,107,1,0,0,0
25,2022-04-06,3,3991,109,1,0,0,0
25,2022-04-07,4,3684,97,1,0,0,0
25,2022-04-08,5,4488,120,1,1,0,0
25,2022-04-09,6,5845,155,1,1,0,0
25,2022-04-10,7,4386,119,1,0,0,0
25,2022-04-11,1,3727,90,1,0,0,0
25,2022-04-12,2,3856,110,1,1,0,0
25,2022-04-13,3,3521,90,1,0,0,0
25,2022-04-14,4,3639,103,1,0,0,0
25,2022-04-15,5,3953,101,1,0,0,0
25,2022-04-16,6,5372,149,1,0,0,0
25,2022-04-17,7,4629,135,1,0,0,0
25,2022-04-18,1,3678,100,1,0,0,0
25,2022-04-19,2,3623,100,1,0,0,0
25,2022-04-20,3,3833,106,1,1,0,0
25,2022-04-21,4,3941,99,1,1,0,0
25,2022-04-22,5,4245,101,1,0,0,0
25,2022-04-23,6,6323,190,1,1,0,0
25,2022-04-24,7,4596,122,1,0,0,0
25,2022-04-25,1,6278,181,1,0,0,0
25,2022-04-26,2,7790,225,1,1,0,0
25,2022-04-27,3,5970,145,1,0,0,0
25,2022-04-28,4,6873,163,1,0,0,0
25,2022-04-29,5,7626,206,1,0,0,0
25,2022-04-30,6,10622,274,1,1,0,0
25,2022-05-01,7,0,0,0,0,0,0
25,2022-05-02,1,0,0,0,1,b,0
25,2022-05-03,2,0,0,0,1,b,0
25,2022-05-04,3,4050,104,1,1,0,0
25,2022-05-05,4,3851,118,1,0,0,0
25,2022-05-06,5,4416,122,1,0,0,0
25,2022-05-07,6,5816,157,1,0,0,0
25,2022-05-08,7,4237,111,1,0,0,0
25,2022-05-09,1,4318,104,1,1,0,0
25,2022-05-10,2,3467,101,1,0,0,0
25,2022-05-11,3,3972,113,1,1,0,0
25,2022-05-12,4,3748,100,1,0,0,0
25,2022-05-13,5,4200,92,1,1,0,0
25,2022-05-14,6,5326,149,1,0,0,0
25,2022-05-15,7,0,0,0,0,0,0
25,2022-05-16,1,4088,96,1,1,0,0
25,2022-05-17,2,3590,98,1,0,0,0
25,2022-05-18,3,3777,96,1,0,0,0
25,2022-05-19,4,4076,116,1,0,0,0
25,2022-05-20,5,4053,103,1,0,0,0
25,2022-05-21,6,6267,158,1,1,0,0
25,2022-05-22,7,0,0,0,1,0,0
25,2022-05-23,1,3494,82,1,0,0,0
25,2022-05-24,2,3639,105,1,0,0,0
25,2022-05-25,3,3735,105,1,0,0,0
25,2022-05-26,4,4055,106,1,1,0,0
25,2022-05-27,5,4422,106,1,1,0,0
25,2022-05-28,6,5877,147,1,1,0,0
25,2022-05-29,7,0,0,0,0,0,0
25,2022-05-30,1,1105,29,1,0,0,0
25,2022-05-31,2,3525,99,1,0,0,0
25,2022-06-01,3,3656,90,1,0,0,1
25,2022-06-02,4,4472,104,1,1,0,1
25,2022-06-03,5,4542,117,1,0,0,1
25,2022-06-04,6,5768,141,1,1,0,1
25,2022-06-05,7,4182,105,1,0,0,1
25,2022-06-06,1,4118,115,1,1,0,1
25,2022-06-07,2,3532,87,1,0,0,1
25,2022-06-08,3,3631,95,1,0,0,1
25,2022-06-09,4,4056,107,1,0,0,1
25,2022-06-10,5,4627,123,1,1,0,1
25,2022-06-11,6,6007,150,1,0,0,1
25,2022-06-12,7,0,0,0,1,0,1
25,2022-06-13,1,3686,94,1,0,0,1
25,2022-06-14,2,3976,98,1,0,0,1
25,2022-06-15,3,4177,114,1,1,0,1
25,2022-06-16,4,3726,92,1,0,0,1
25,2022-06-17,5,4052,114,1,0,0,1
25,2022-06-18,6,5365,134,1,0,0,1
25,2022-06-19,7,4982,129,1,1,0,1
25,2022-06-20,1,3830,87,1,0,0,1
25,2022-06-21,2,3313,83,1,0,0,1
25,2022-06-22,3,3747,88,1,0,0,1
25,2022-06-23,4,4117,115,1,0,0,1
25,2022-06-24,5,4334,100,1,0,0,1
25,2022-06-25,6,5875,166,1,0,0,1
25,2022-06-26,7,4561,128,1,1,0,1
25,2022-06-27,1,3628,89,1,0,0,1
25,2022-06-28,2,3972,96,1,1,0,1
25,2022-06-29,3,4243,106,1,1,0,1
25,2022-06-30,4,4083,101,1,1,0,1
25,2022-07-01,5,4375,115,1,0,0,1
25,2022-07-02,6,5648,142,1,0,0,1
25,2022-07-03,7,4923,130,1,1,0,1
25,2022-07-04,1,3763,97,1,0,0,1
25,2022-07-05,2,3653,105,1,0,0,1
25,2022-07-06,3,4000,111,1,1,0,1
25,2022-07-07,4,3853,95,1,0,0,1
25,2022-07-08,5,4026,110,1,0,0,1
25,2022-07-09,6,5109,125,1,0,0,1
25,2022-07-10,7,5014,121,1,1,0,1
25,2022-07-11,1,3334,91,1,0,0,1
25,2022-07-12,2,3915,112,1,1,0,1
25,2022-07-13,3,3845,107,1,0,0,1
25,2022-07-14,4,3894,107,1,0,0,1
25,2022-07-15,5,4772,139,1,0,0,1
25,2022-07-16,6,5650,153,1,0,0,1
25,2022-07-17,7,4448,116,1,0,0,1
25,2022-07-18,1,3802,101,1,0,0,1
25,2022-07-19,2,3709,91,1,1,0,1
25,2022-07-20,3,3963,103,1,0,0,1
25,2022-07-21,4,3800,108,1,0,0,1
25,2022-07-22,5,4548,116,1,0,0,1
25,2022-07-23,6,6218,174,1,1,0,1
25,2022-07-24,7,4658,143,1,0,0,1
25,2022-07-25,1,3594,85,1,0,0,1
25,2022-07-26,2,3749,90,1,1,0,1
25,2022-07-27,3,3561,106,1,0,0,1
25,2022-07-28,4,3570,111,1,0,0,1
25,2022-07-29,5,4234,104,1,0,0,1
25,2022-07-30,6,5928,151,1,1,0,1
25,2022-07-31,7,0,0,0,0,0,1
25,2022-08-01,1,3512,104,1,0,0,0
25,2022-08-02,2,4421,120,1,1,0,0
25,2022-08-03,3,3598,96,1,0,0,0
25,2022-08-04,4,4108,95,1,1,0,0
25,2022-08-05,5,4005,101,1,0,0,0
25,2022-08-06,6,5565,138,1,0,0,0
25,2022-08-07,7,4460,116,1,0,0,0
25,2022-08-08,1,3690,105,1,0,0,0
25,2022-08-09,2,3702,102,1,0,0,0
25,2022-08-10,3,3981,103,1,0,0,0
25,2022-08-11,4,3690,89,1,0,0,0
25,2022-08-12,5,4771,130,1,1,0,0
25,2022-08-13,6,5811,146,1,0,0,0
25,2022-08-14,7,0,0,0,1,0,0
25,2022-08-15,1,4654,124,1,1,0,0
25,2022-08-16,2,4467,128,1,1,0,0
25,2022-08-17,3,4166,119,1,1,a,0
25,2022-08-18,4,3709,105,1,0,0,0
25,2022-08-19,5,4541,127,1,1,0,0
25,2022-08-20,6,6212,154,1,1,0,0
25,2022-08-21,7,5165,129,1,1,0,0
25,2022-08-22,1,3381,87,1,0,0,0
25,2022-08-23,2,3816,98,1,1,0,0
25,2022-08-24,3,4219,109,1,1,0,0
25,2022-08-25,4,4023,112,1,1,0,0
25,2022-08-26,5,4284,126,1,0,0,0
25,2022-08-27,6,5713,141,1,0,0,0
25,2022-08-28,7,4973,138,1,1,0,0
25,2022-08-29,1,3593,100,1,0,0,0
25,2022-08-30,2,3664,92,1,0,0,0
25,2022-08-31,3,4303,107,1,1,0,0
25,2022-09-01,4,3759,103,1,0,0,0
25,2022-09-02,5,4431,110,1,0,0,0
25,2022-09-03,6,5694,163,1,0,0,0
25,2022-09-04,7,0,0,0,0,0,0
25,2022-09-05,1,3786,108,1,0,0,0
25,2022-09-06,2,3679,112,1,0,0,0
25,2022-09-07,3,3792,102,1,0,0,0
25,2022-09-08,4,3889,104,1,0,0,0
25,2022-09-09,5,4974,118,1,1,0,0
25,2022-09-10,6,5586,154,1,0,0,0
25,2022-09-11,7,4697,119,1,0,0,0
25,2022-09-12,1,3841,92,1,0,0,0
25,2022-09-13,2,3838,99,1,1,0,0
25,2022-09-14,3,4145,118,1,1,0,0
25,2022-09-15,4,3944,96,1,0,0,0
25,2022-09-16,5,4392,128,1,0,0,0
25,2022-09-17,6,5743,171,1,0,0,0
25,2022-09-18,7,5086,150,1,1,0,0
25,2022-09-19,1,3758,94,1,0,0,0
25,2022-09-20,2,3588,101,1,0,0,0
25,2022-09-21,3,4442,126,1,1,0,0
25,2022-09-22,4,4434,111,1,1,0,0
25,2022-09-23,5,4355,123,1,0,0,0
25,2022-09-24,6,6075,157,1,1,0,0
25,2022-09-25,7,0,0,0,0,0,0
25,2022-09-26,1,4139,117,1,1,0,0
25,2022-09-27,2,3395,80,1,0,0,0
25,2022-09-28,3,3652,103,1,0,0,0
25,2022-09-29,4,4228,111,1,0,0,0
25,2022-09-30,5,4469,120,1,0,0,0
25,2022-10-01,6,5462,147,1,0,0,0
25,2022-10-02,7,4513,118,1,0,0,0
25,2022-10-03,1,3602,82,1,0,0,0
25,2022-10-04,2,3585,96,1,0,0,0
25,2022-10-05,3,4451,108,1,1,0,0
25,2022-10-06,4,3940,120,1,0,0,0
25,2022-10-07,5,4579,113,1,0,0,0
25,2022-10-08,6,6113,185,1,0,0,0
25,2022-10-09,7,4516,127,1,0,0,0
25,2022-10-10,1,3526,94,1,0,0,0
25,2022-10-11,2,3768,95,1,0,0,0
25,2022-10-12,3,3698,99,1,0,0,0
25,2022-10-13,4,3983,105,1,0,0,0
25,2022-10-14,5,4885,127,1,1,0,0
25,2022-10-15,6,6189,155,1,0,0,0
25,2022-10-16,7,0,0,0,0,0,0
25,2022-10-17,1,3691,106,1,0,0,0
25,2022-10-18,2,4191,106,1,1,0,0
25,2022-10-19,3,4021,121,1,0,0,0
25,2022-10-20,4,4654,141,1,1,0,0
25,2022-10-21,5,4208,111,1,0,0,0
25,2022-10-22,6,6039,160,1,0,0,0
25,2022-10-23,7,0,0,0,1,0,0
25,2022-10-24,1,4426,107,1,1,0,0
25,2022-10-25,2,3969,109,1,0,0,0
25,2022-10-26,3,3786,95,1,0,0,0
25,2022-10-27,4,4335,92,1,0,0,0
25,2022-10-28,5,4745,121,1,1,0,0
25,2022-10-29,6,5672,151,1,0,0,0
25,2022-10-30,7,4524,143,1,0,0,0
25,2022-10-31,1,3681,92,1,0,0,0
25,2022-11-01,2,3707,95,1,0,0,0
25,2022-11-02,3,3653,99,1,0,0,0
25,2022-11-03,4,3867,109,1,0,0,0
25,2022-11-04,5,4212,109,1,0,0,0
25,2022-11-05,6,6130,169,1,0,0,0
25,2022-11-06,7,0,0,0,0,0,0
25,2022-11-07,1,4281,123,1,0,0,0
25,2022-11-08,2,3702,104,1,0,0,0
25,2022-11-09,3,3890,112,1,0,0,0
25,2022-11-10,4,4166,116,1,0,0,0
25,2022-11-11,5,4152,110,1,0,0,0
25,2022-11-12,6,5967,174,1,1,0,0
25,2022-11-13,7,0,0,0,0,0,0
25,2022-11-14,1,3963,89,1,0,0,0
25,2022-11-15,2,3560,105,1,0,0,0
25,2022-11-16,3,4086,115,1,0,0,0
25,2022-11-17,4,3926,95,1,0,0,0
25,2022-11-18,5,4444,124,1,0,0,0
25,2022-11-19,6,5665,168,1,0,0,0
25,2022-11-20,7,4701,147,1,0,0,0
25,2022-11-21,1,3718,94,1,0,0,0
25,2022-11-22,2,4313,102,1,1,0,0
25,2022-11-23,3,4251,120,1,1,0,0
25,2022-11-24,4,4509,121,1,1,0,0
25,2022-11-25,5,4475,106,1,0,0,0
25,2022-11-26,6,5977,147,1,1,0,0
25,2022-11-27,7,0,0,0,1,0,0
25,2022-11-28,1,4063,100,1,1,0,0
25,2022-11-29,2,3885,96,1,0,0,0
25,2022-11-30,3,4451,123,1,1,0,0
25,2022-12-01,4,3731,101,1,0,0,0
25,2022-12-02,5,4418,117,1,0,0,0
25,2022-12-03,6,5900,166,1,0,0,0
25,2022-12-04,7,5066,151,1,1,0,0
25,2022-12-05,1,4180,112,1,1,0,0
25,2022-12-06,2,3781,73,1,0,0,0
25,2022-12-07,3,3838,100,1,0,0,0
25,2022-12-08,4,4112,121,1,0,0,0
25,2022-12-09,5,4476,130,1,0,0,0
25,2022-12-10,6,5687,150,1,0,0,0
25,2022-12-11,7,4454,111,1,0,0,0
25,2022-12-12,1,4300,108,1,1,0,0
25,2022-12-13,2,3296,90,1,0,0,0
25,2022-12-14,3,3970,89,1,0,0,0
25,2022-12-15,4,4455,128,1,1,0,0
25,2022-12-16,5,4721,129,1,1,0,0
25,2022-12-17,6,5890,140,1,1,0,0
25,2022-12-18,7,0,0,0,0,0,0
25,2022-12-19,1,4169,99,1,1,0,0
25,2022-12-20,2,3780,97,1,0,0,0
25,2022-12-21,3,3921,101,1,1,0,0
25,2022-12-22,4,4566,119,1,1,0,0
25,2022-12-23,5,5162,141,1,1,0,0
25,2022-12-24,6,5720,149,1,0,0,0
25,2022-12-25,7,0,0,0,0,a,0
25,2022-12-26,1,4321,113,1,1,0,0
25,2022-12-27,2,4077,102,1,1,0,0
25,2022-12-28,3,4102,101,1,0,0,0
25,2022-12-29,4,4472,115,1,1,0,0
25,2022-12-30,5,4009,112,1,0,0,0
25,2022-12-31,6,5096,133,1,0,0,0
25,2023-01-01,7,0,0,0,0,a,0
25,2023-01-02,1,3938,106,1,0,0,0
25,2023-01-03,2,3674,100,1,0,0,0
25,2023-01-04,3,4439,111,1,1,0,0
25,2023-01-05,4,3934,91,1,0,0,0
25,2023-01-06,5,4961,120,1,0,0,0
25,2023-01-07,6,6303,176,1,1,0,0
25,2023-01-08,7,5255,146,1,1,0,0
25,2023-01-09,1,3673,111,1,0,0,0
25,2023-01-10,2,3694,107,1,0,0,0
25,2023-01-11,3,4043,97,1,0,0,0
25,2023-01-12,4,4473,134,1,1,0,0
25,2023-01-13,5,3879,104,1,0,0,0
25,2023-01-14,6,5939,139,1,0,0,0
25,2023-01-15,7,0,0,0,1,0,0
25,2023-01-16,1,4006,94,1,0,0,0
25,2023-01-17,2,3988,113,1,0,0,0
25,2023-01-18,3,4387,124,1,1,0,0
25,2023-01-19,4,4571,111,1,0,0,0
25,2023-01-20,5,4566,121,1,0,0,0
25,2023-01-21,6,5650,161,1,1,0,0
25,2023-01-22,7,5262,163,1,1,0,0
25,2023-01-23,1,4088,119,1,0,0,0
25,2023-01-24,2,3526,93,1,0,0,0
25,2023-01-25,3,4296,130,1,1,0,0
25,2023-01-26,4,4338,119,1,0,0,0
25,2023-01-27,5,4394,111,1,0,0,0
25,2023-01-28,6,5745,134,1,0,0,0
25,2023-01-29,7,0,0,0,0,0,0
25,2023-01-30,1,3993,97,1,1,0,0
25,2023-01-31,2,3791,95,1,0,0,0
25,2023-02-01,3,4151,107,1,1,0,0
25,2023-02-02,4,4446,124,1,1,0,0
25,2023-02-03,5,5041,129,1,1,0,0
25,2023-02-04,6,6747,153,1,1,0,0
25,2023-02-05,7,0,0,0,1,0,0
25,2023-02-06,1,3775,101,1,0,0,0
25,2023-02-07,2,4027,107,1,0,0,0
25,2023-02-08,3,4505,116,1,1,0,0
25,2023-02-09,4,3705,91,1,0,0,0
25,2023-02-10,5,4727,125,1,0,0,0
25,2023-02-11,6,5853,146,1,0,0,0
25,2023-02-12,7,0,0,0,0,0,0
25,2023-02-13,1,4536,98,1,1,0,0
25,2023-02-14,2,4144,116,1,1,0,0
25,2023-02-15,3,4158,108,1,0,0,0
25,2023-02-16,4,4811,104,1,1,0,0
25,2023-02-17,5,4559,137,1,0,0,0
25,2023-02-18,6,6573,179,1,1,0,0
25,2023-02-19,7,4929,117,1,0,0,0
25,2023-02-20,1,4387,110,1,1,0,0
25,2023-02-21,2,3982,91,1,0,0,0
25,2023-02-22,3,3779,95,1,0,0,0
25,2023-02-23,4,4384,115,1,1,0,0
25,2023-02-24,5,4266,112,1,0,0,0
25,2023-02-25,6,6983,174,1,1,0,0
25,2023-02-26,7,4372,112,1,0,0,0
25,2023-02-27,1,4163,113,1,0,0,0
25,2023-02-28,2,3909,104,1,0,0,0
25,2023-03-01,3,3819,115,1,0,0,0
25,2023-03-02,4,3863,89,1,0,0,0
25,2023-03-03,5,5007,130,1,1,0,0
25,2023-03-04,6,5799,168,1,0,0,0
25,2023-03-05,7,0,0,0,1,0,0
25,2023-03-06,1,3482,85,1,0,0,0
25,2023-03-07,2,3790,102,1,0,0,0
25,2023-03-08,3,3825,101,1,0,0,0
25,2023-03-09,4,4396,98,1,0,0,0
25,2023-03-10,5,5128,129,1,1,0,0
25,2023-03-11,6,5726,162,1,0,0,0
25,2023-03-12,7,5128,121,1,0,0,0
25,2023-03-13,1,3833,111,1,0,0,0
25,2023-03-14,2,3812,99,1,0,0,0
25,2023-03-15,3,4062,104,1,0,0,0
25,2023-03-16,4,4327,121,1,0,0,0
25,2023-03-17,5,4579,134,1,0,0,0
25,2023-03-18,6,6933,230,1,1,0,0
25,2023-03-19,7,5170,131,1,1,0,0
25,2023-03-20,1,3733,100,1,0,0,0
25,2023-03-21,2,4145,105,1,0,0,0
25,2023-03-22,3,4347,119,1,1,0,0
25,2023-03-23,4,4696,147,1,1,0,0
25,2023-03-24,5,5236,128,1,1,0,0
25,2023-03-25,6,7160,177,1,1,0,0
25,2023-03-26,7,4733,124,1,0,0,0
25,2023-03-27,1,4439,109,1,1,0,0
25,2023-03-28,2,4064,89,1,1,0,0
25,2023-03-29,3,3925,107,1,0,0,0
25,2023-03-30,4,3996,105,1,0,0,0
25,2023-03-31,5,4786,145,1,0,0,0
25,2023-04-01,6,6177,145,1,0,0,0
25,2023-04-02,7,4902,126,1,0,0,0
25,2023-04-03,1,3786,97,1,0,0,0
25,2023-04-04,2,3727,98,1,0,0,0
25,2023-04-05,3,3887,96,1,0,0,0
25,2023-04-06,4,4235,119,1,0,0,0
25,2023-04-07,5,4660,123,1,1,0,0
25,2023-04-08,6,5798,140,1,0,0,0
25,2023-04-09,7,4948,138,1,1,0,0
25,2023-04-10,1,4450,113,1,1,0,0
25,2023-04-11,2,4034,108,1,1,0,0
25,2023-04-12,3,4873,133,1,1,0,0
25,2023-04-13,4,4385,108,1,0,0,0
25,2023-04-14,5,4587,123,1,0,0,0
25,2023-04-15,6,10886,252,1,0,0,0
25,2023-04-16,7,9786,220,1,1,0,0
25,2023-04-17,1,6772,186,1,0,0,0
25,2023-04-18,2,7388,195,1,0,0,0
25,2023-04-19,3,7965,225,1,1,0,0
25,2023-04-20,4,7949,172,1,1,0,0
25,2023-04-21,5,9386,266,1,1,0,0
25,2023-04-22,6,0,0,0,0,b,0
25,2023-04-23,7,0,0,0,0,b,0
25,2023-04-24,1,4027,122,1,0,0,0
25,2023-04-25,2,3746,97,1,0,0,0
25,2023-04-26,3,4667,118,1,1,0,0
25,2023-04-27,4,4329,110,1,0,0,0
25,2023-04-28,5,4549,109,1,0,0,0
25,2023-04-29,6,6716,178,1,1,0,0
25,2023-04-30,7,4523,136,1,0,0,0
25,2023-05-01,1,4469,99,1,1,0,0
25,2023-05-02,2,3955,112,1,1,0,0
25,2023-05-03,3,4490,118,1,1,0,0
25,2023-05-04,4,4333,104,1,0,0,0
25,2023-05-05,5,4709,128,1,0,0,0
25,2023-05-06,6,7060,187,1,1,0,0
25,2023-05-07,7,0,0,0,1,0,0
25,2023-05-08,1,4053,110,1,0,0,0
25,2023-05-09,2,3471,92,1,0,0,0
25,2023-05-10,3,3958,108,1,0,0,0
25,2023-05-11,4,4546,121,1,1,0,0
25,2023-05-12,5,5002,114,1,0,0,0
25,2023-05-13,6,5959,137,1,0,0,0
25,2023-05-14,7,0,0,0,0,0,0
25,2023-05-15,1,3799,95,1,0,0,0
25,2023-05-16,2,4209,112,1,1,0,0
25,2023-05-17,3,3899,95,1,0,0,0
25,2023-05-18,4,3994,101,1,0,0,0
25,2023-05-19,5,4432,122,1,0,0,0
25,2023-05-20,6,5792,136,1,0,0,0
25,2023-05-21,7,5368,144,1,0,0,0
25,2023-05-22,1,3974,93,1,0,0,0
25,2023-05-23,2,3634,93,1,0,0,0
25,2023-05-24,3,4366,113,1,1,0,0
25,2023-05-25,4,4424,109,1,0,0,0
25,2023-05-26,5,4940,139,1,1,0,0
25,2023-05-27,6,6431,194,1,0,0,0
25,2023-05-28,7,5130,102,1,0,0,0
25,2023-05-29,1,3954,113,1,0,0,0
25,2023-05-30,2,3777,108,1,0,0,0
25,2023-05-31,3,3889,102,1,0,0,0
25,2023-06-01,4,4258,112,1,0,0,1
25,2023-06-02,5,4759,120,1,0,0,1
25,2023-06-03,6,6398,169,1,0,0,1
25,2023-06-04,7,4974,142,1,0,0,1
25,2023-06-05,1,3929,97,1,0,0,1
25,2023-06-06,2,4180,103,1,0,0,1
25,2023-06-07,3,4683,135,1,1,0,1
25,2023-06-08,4,4079,112,1,0,0,1
25,2023-06-09,5,5116,135,1,1,0,1
25,2023-06-10,6,6204,179,1,0,0,1
25,2023-06-11,7,5467,138,1,1,0,1
25,2023-06-12,1,3804,106,1,0,0,1
25,2023-06-13,2,4348,127,1,1,0,1
25,2023-06-14,3,3958,107,1,0,0,1
25,2023-06-15,4,4245,104,1,0,0,1
25,2023-06-16,5,4374,104,1,0,0,1
25,2023-06-17,6,5748,144,1,0,0,1
25,2023-06-18,7,5959,165,1,1,0,1
25,2023-06-19,1,3927,108,1,0,0,1
25,2023-06-20,2,4143,109,1,0,0,1
25,2023-06-21,3,4078,109,1,0,0,1
25,2023-06-22,4,3984,112,1,0,0,1
25,2023-06-23,5,4433,112,1,0,0,1
25,2023-06-24,6,5787,125,1,0,0,1
25,2023-06-25,7,0,0,0,0,0,1
25,2023-06-26,1,3973,113,1,0,0,1
25,2023-06-27,2,3967,111,1,0,0,1
25,2023-06-28,3,4251,126,1,0,0,1
25,2023-06-29,4,4353,122,1,0,0,1
25,2023-06-30,5,4897,124,1,0,0,1
25,2023-07-01,6,5878,176,1,0,0,1
25,2023-07-02,7,5091,117,1,1,0,1
25,2023-07-03,1,4220,102,1,1,0,1
25,2023-07-04,2,4000,107,1,1,0,1
25,2023-07-05,3,4010,112,1,0,0,1
25,2023-07-06,4,3807,99,1,1,0,1
25,2023-07-07,5,4872,130,1,0,0,1
25,2023-07-08,6,6219,160,1,0,0,1
25,2023-07-09,7,0,0,0,0,0,1
25,2023-07-10,1,4131,109,1,1,0,1
25,2023-07-11,2,4670,99,1,1,0,1
25,2023-07-12,3,4324,110,1,0,0,1
25,2023-07-13,4,4205,100,1,0,0,1
25,2023-07-14,5,4550,125,1,0,0,1
25,2023-07-15,6,6675,192,1,1,0,1
25,2023-07-16,7,5038,114,1,1,0,1
25,2023-07-17,1,4099,101,1,0,0,1
25,2023-07-18,2,3713,105,1,0,0,1
25,2023-07-19,3,3637,93,1,0,0,1
25,2023-07-20,4,4503,135,1,1,0,1
25,2023-07-21,5,4926,160,1,1,0,1
25,2023-07-22,6,6615,190,1,0,0,1
25,2023-07-23,7,0,0,0,0,0,1
25,2023-07-24,1,4202,103,1,1,0,1
25,2023-07-25,2,3937,101,1,0,0,1
25,2023-07-26,3,4403,129,1,1,0,1
25,2023-07-27,4,4667,115,1,0,0,1
25,2023-07-28,5,4725,122,1,1,0,1
25,2023-07-29,6,6840,183,1,1,0,1
25,2023-07-30,7,0,0,0,0,0,1
25,2023-07-31,1,4337,118,1,1,0,1
25,2023-08-01,2,3969,104,1,0,0,0
25,2023-08-02,3,4800,121,1,1,0,0
25,2023-08-03,4,4449,112,1,1,0,0
25,2023-08-04,5,4884,120,1,0,0,0
25,2023-08-05,6,5615,167,1,0,0,0
25,2023-08-06,7,4565,117,1,0,0,0
25,2023-08-07,1,4656,121,1,1,0,0
25,2023-08-08,2,4156,117,1,1,0,0
25,2023-08-09,3,4189,114,1,0,0,0
25,2023-08-10,4,4439,116,1,1,0,0
25,2023-08-11,5,4807,130,1,0,0,0
25,2023-08-12,6,5591,133,1,0,0,0
25,2023-08-13,7,5291,145,1,0,0,0
25,2023-08-14,1,4232,105,1,0,0,0
25,2023-08-15,2,3857,110,1,0,0,0
25,2023-08-16,3,3771,101,1,0,0,0
25,2023-08-17,4,4251,114,1,0,a,0
25,2023-08-18,5,5130,138,1,1,0,0
25,2023-08-19,6,5941,147,1,0,0,0
25,2023-08-20,7,5239,139,1,0,0,0
25,2023-08-21,1,4320,125,1,0,0,0
25,2023-08-22,2,4476,109,1,1,0,0
25,2023-08-23,3,4924,137,1,1,0,0
25,2023-08-24,4,4069,119,1,1,0,0
25,2023-08-25,5,5153,153,1,1,0,0
25,2023-08-26,6,6009,162,1,0,0,0
25,2023-08-27,7,5195,135,1,0,0,0
25,2023-08-28,1,4416,132,1,1,0,0
25,2023-08-29,2,4511,113,1,1,0,0
25,2023-08-30,3,4072,108,1,0,0,0
25,2023-08-31,4,4581,122,1,1,0,0
25,2023-09-01,5,5451,145,1,1,0,0
25,2023-09-02,6,6739,161,1,1,0,0
25,2023-09-03,7,5577,149,1,1,0,0
25,2023-09-04,1,3833,99,1,0,0,0
25,2023-09-05,2,4132,105,1,0,0,0
25,2023-09-06,3,3954,103,1,0,0,0
25,2023-09-07,4,4686,122,1,0,0,0
25,2023-09-08,5,5182,136,1,1,0,0
25,2023-09-09,6,6010,175,1,0,0,0
25,2023-09-10,7,5225,131,1,0,0,0
25,2023-09-11,1,4083,105,1,0,0,0
25,2023-09-12,2,4562,119,1,1,0,0
25,2023-09-13,3,4124,97,1,0,0,0
25,2023-09-14,4,4478,106,1,0,0,0
25,2023-09-15,5,4762,119,1,0,0,0
25,2023-09-16,6,6414,168,1,0,0,0
25,2023-09-17,7,0,0,0,1,0,0
25,2023-09-18,1,4153,96,1,1,0,0
25,2023-09-19,2,4082,96,1,0,0,0
25,2023-09-20,3,5034,132,1,1,0,0
25,2023-09-21,4,4465,105,1,0,0,0
25,2023-09-22,5,5909,136,1,1,0,0
25,2023-09-23,6,5871,172,1,0,0,0
25,2023-09-24,7,0,0,0,1,0,0
25,2023-09-25,1,4207,105,1,0,0,0
25,2023-09-26,2,3911,119,1,0,0,0
25,2023-09-27,3,3940,102,1,0,0,0
25,2023-09-28,4,4809,131,1,0,0,0
25,2023-09-29,5,5571,148,1,1,0,0
25,2023-09-30,6,6339,174,1,0,0,0
25,2023-10-01,7,0,0,0,0,0,0
25,2023-10-02,1,4557,114,1,1,0,0
25,2023-10-03,2,4149,123,1,0,0,0
25,2023-10-04,3,4961,141,1,1,0,0
25,2023-10-05,4,4191,110,1,0,0,0
25,2023-10-06,5,4829,133,1,0,0,0
25,2023-10-07,6,6669,177,1,1,0,0
25,2023-10-08,7,4769,136,1,0,0,0
25,2023-10-09,1,3994,108,1,0,0,0
25,2023-10-10,2,4480,129,1,1,0,0
25,2023-10-11,3,4151,103,1,0,0,0
25,2023-10-12,4,4794,120,1,1,0,0
25,2023-10-13,5,5484,131,1,1,0,0
25,2023-10-14,6,6545,160,1,0,0,0
25,2023-10-15,7,6283,187,1,1,0,0
25,2023-10-16,1,4286,106,1,0,0,0
25,2023-10-17,2,3912,102,1,0,0,0
25,2023-10-18,3,4899,130,1,1,0,0
25,2023-10-19,4,4719,143,1,1,0,0
25,2023-10-20,5,5116,143,1,1,0,0
25,2023-10-21,6,7030,174,1,1,0,0
25,2023-10-22,7,5408,143,1,0,0,0
25,2023-10-23,1,4008,94,1,0,0,0
25,2023-10-24,2,4106,118,1,0,0,0
25,2023-10-25,3,4324,111,1,0,0,0
25,2023-10-26,4,4159,96,1,0,0,0
25,2023-10-27,5,4930,134,1,1,0,0
25,2023-10-28,6,5772,173,1,0,0,0
25,2023-10-29,7,5921,147,1,1,0,0
25,2023-10-30,1,4449,112,1,1,0,0
25,2023-10-31,2,3922,101,1,0,0,0
25,2023-11-01,3,4302,112,1,0,0,0
25,2023-11-02,4,4658,119,1,0,0,0
25,2023-11-03,5,4553,126,1,0,0,0
25,2023-11-04,6,6194,167,1,1,0,0
25,2023-11-05,7,0,0,0,0,0,0
25,2023-11-06,1,4679,124,1,1,0,0
25,2023-11-07,2,4222,117,1,1,0,0
25,2023-11-08,3,4148,104,1,0,0,0
25,2023-11-09,4,4577,125,1,1,0,0
25,2023-11-10,5,4998,137,1,0,0,0
25,2023-11-11,6,6546,200,1,0,0,0
25,2023-11-12,7,5246,121,1,0,0,0
25,2023-11-13,1,4188,109,1,0,0,0
25,2023-11-14,2,4139,111,1,0,0,0
25,2023-11-15,3,4500,137,1,1,0,0
25,2023-11-16,4,4290,122,1,0,0,0
25,2023-11-17,5,4852,122,1,0,0,0
25,2023-11-18,6,6152,188,1,0,0,0
25,2023-11-19,7,5084,146,1,0,0,0
25,2023-11-20,1,3824,118,1,0,0,0
25,2023-11-21,2,4248,123,1,0,0,0
25,2023-11-22,3,4027,109,1,0,0,0
25,2023-11-23,4,3931,120,1,0,0,0
25,2023-11-24,5,4685,103,1,0,0,0
25,2023-11-25,6,6799,184,1,1,0,0
25,2023-11-26,7,0,0,0,0,0,0
25,2023-11-27,1,4472,117,1,1,0,0
25,2023-11-28,2,4118,109,1,0,0,0
25,2023-11-29,3,4330,103,1,0,0,0
25,2023-11-30,4,4068,116,1,0,0,0
25,2023-12-01,5,4841,125,1,0,0,0
25,2023-12-02,6,6175,177,1,0,0,0
25,2023-12-03,7,5634,137,1,1,0,0
25,2023-12-04,1,4262,95,1,0,0,0
25,2023-12-05,2,4681,111,1,1,0,0
25,2023-12-06,3,4086,113,1,0,0,0
25,2023-12-07,4,4515,114,1,0,0,0
25,2023-12-08,5,4697,119,1,0,0,0
25,2023-12-09,6,5983,164,1,0,0,0
25,2023-12-10,7,0,0,0,1,0,0
25,2023-12-11,1,4182,106,1,1,0,0
25,2023-12-12,2,4381,117,1,1,0,0
25,2023-12-13,3,4323,118,1,0,0,0
25,2023-12-14,4,4284,105,1,0,0,0
25,2023-12-15,5,5411,148,1,1,0,0
25,2023-12-16,6,5857,166,1,0,0,0
25,2023-12-17,7,5109,138,1,1,0,0
25,2023-12-18,1,4004,101,1,0,0,0
25,2023-12-19,2,4539,122,1,1,0,0
25,2023-12-20,3,4670,140,1,1,0,0
25,2023-12-21,4,5020,126,1,1,0,0
25,2023-12-22,5,4541,117,1,0,0,0
25,2023-12-23,6,6107,151,1,0,0,0
25,2023-12-24,7,0,0,0,0,0,0
25,2023-12-25,1,4390,120,1,1,a,0
25,2023-12-26,2,4543,129,1,1,0,0
25,2023-12-27,3,4229,115,1,0,0,0
25,2023-12-28,4,4538,125,1,0,0,0
25,2023-12-29,5,4968,133,1,0,0,0
25,2023-12-30,6,6286,163,1,1,0,0
25,2023-12-31,7,5511,138,1,0,0,0
25,2024-01-01,1,3745,92,1,0,a,0
25,2024-01-02,2,3790,93,1,0,0,0
25,2024-01-03,3,4280,104,1,0,0,0
25,2024-01-04,4,4953,120,1,1,0,0
25,2024-01-05,5,4836,146,1,0,0,0
25,2024-01-06,6,6138,174,1,0,0,0
25,2024-01-07,7,5120,128,1,0,0,0
25,2024-01-08,1,4319,110,1,0,0,0
25,2024-01-09,2,3879,88,1,0,0,0
25,2024-01-10,3,4063,101,1,0,0,0
25,2024-01-11,4,4252,121,1,0,0,0
25,2024-01-12,5,5238,134,1,0,0,0
25,2024-01-13,6,7080,194,1,1,0,0
25,2024-01-14,7,0,0,0,1,0,0
25,2024-01-15,1,5005,128,1,1,0,0
25,2024-01-16,2,4712,130,1,1,0,0
25,2024-01-17,3,4344,117,1,0,0,0
25,2024-01-18,4,4798,114,1,0,0,0
25,2024-01-19,5,5150,133,1,1,0,0
25,2024-01-20,6,6245,144,1,0,0,0
25,2024-01-21,7,5456,167,1,0,0,0
25,2024-01-22,1,3758,100,1,0,0,0
25,2024-01-23,2,3964,91,1,0,0,0
25,2024-01-24,3,4487,130,1,0,0,0
25,2024-01-25,4,4482,110,1,0,0,0
25,2024-01-26,5,5056,134,1,0,0,0
25,2024-01-27,6,6305,171,1,1,0,0
25,2024-01-28,7,4949,131,1,0,0,0
25,2024-01-29,1,4801,137,1,1,0,0
25,2024-01-30,2,3948,105,1,0,0,0
25,2024-01-31,3,4502,120,1,0,0,0
25,2024-02-01,4,4530,114,1,0,0,0
25,2024-02-02,5,4648,106,1,0,0,0
25,2024-02-03,6,6459,165,1,0,0,0
25,2024-02-04,7,5368,132,1,0,0,0
25,2024-02-05,1,4742,121,1,1,0,0
25,2024-02-06,2,4678,130,1,1,0,0
25,2024-02-07,3,3956,96,1,0,0,0
25,2024-02-08,4,4977,135,1,0,0,0
25,2024-02-09,5,5642,144,1,0,0,0
25,2024-02-10,6,6813,171,1,0,0,0
25,2024-02-11,7,0,0,0,0,0,0
25,2024-02-12,1,4571,110,1,1,0,0
25,2024-02-13,2,4068,97,1,0,0,0
25,2024-02-14,3,4958,137,1,1,0,0
25,2024-02-15,4,4719,133,1,0,0,0
25,2024-02-16,5,5271,121,1,1,0,0
25,2024-02-17,6,6362,150,1,0,0,0
25,2024-02-18,7,0,0,0,1,0,0
25,2024-02-19,1,4649,133,1,1,0,0
25,2024-02-20,2,4178,125,1,0,0,0
25,2024-02-21,3,4643,138,1,0,0,0
25,2024-02-22,4,5236,134,1,1,0,0
25,2024-02-23,5,5676,160,1,1,0,0
25,2024-02-24,6,6038,163,1,0,0,0
25,2024-02-25,7,4924,140,1,0,0,0
25,2024-02-26,1,4098,106,1,0,0,0
25,2024-02-27,2,4052,120,1,0,0,0
25,2024-02-28,3,4398,100,1,0,0,0
25,2024-02-29,4,4473,127,1,0,0,0
25,2024-03-01,5,4928,116,1,0,0,0
25,2024-03-02,6,6937,185,1,1,0,0
25,2024-03-03,7,5477,128,1,1,0,0
25,2024-03-04,1,4163,101,1,0,0,0
25,2024-03-05,2,5142,123,1,1,0,0
25,2024-03-06,3,4510,115,1,0,0,0
25,2024-03-07,4,4506,125,1,0,0,0
25,2024-03-08,5,5063,142,1,1,0,0
25,2024-03-09,6,6082,159,1,0,0,0
25,2024-03-10,7,5204,152,1,0,0,0
25,2024-03-11,1,4558,113,1,0,0,0
25,2024-03-12,2,4222,115,1,0,0,0
25,2024-03-13,3,4853,135,1,1,0,0
25,2024-03-14,4,5234,139,1,1,0,0
25,2024-03-15,5,5216,147,1,1,0,0
25,2024-03-16,6,7546,174,1,1,0,0
25,2024-03-17,7,5636,140,1,1,0,0
25,2024-03-18,1,4975,121,1,1,0,0
25,2024-03-19,2,4530,124,1,0,0,0
25,2024-03-20,3,4591,124,1,1,0,0
25,2024-03-21,4,4515,117,1,0,0,0
25,2024-03-22,5,5708,151,1,1,0,0
25,2024-03-23,6,6327,159,1,0,0,0
25,2024-03-24,7,0,0,0,1,0,0
25,2024-03-25,1,4616,117,1,1,0,0
25,2024-03-26,2,4178,113,1,1,0,0
25,2024-03-27,3,5071,117,1,1,0,0
25,2024-03-28,4,4294,126,1,0,0,0
25,2024-03-29,5,4427,117,1,0,0,0
25,2024-03-30,6,6766,174,1,0,0,0
25,2024-03-31,7,0,0,0,0,0,0
25,2024-04-01,1,4006,107,1,0,0,0
25,2024-04-02,2,4422,118,1,0,0,0
25,2024-04-03,3,8157,223,1,0,0,0
25,2024-04-04,4,1494,38,1,1,0,0
25,2024-04-05,5,9741,255,1,1,0,0
25,2024-04-06,6,11520,285,1,0,0,0
25,2024-04-07,7,9544,282,1,0,0,0
25,2024-04-08,1,7426,179,1,0,0,0
25,2024-04-09,2,7984,188,1,0,0,0
25,2024-04-10,3,0,0,0,0,b,0
25,2024-04-11,4,0,0,0,0,b,0
25,2024-04-12,5,5452,142,1,0,0,0
25,2024-04-13,6,6352,164,1,0,0,0
25,2024-04-14,7,5664,145,1,0,0,0
25,2024-04-15,1,4365,117,1,0,0,0
25,2024-04-16,2,4803,124,1,1,0,0
25,2024-04-17,3,4750,114,1,1,0,0
25,2024-04-18,4,4119,108,1,0,0,0
25,2024-04-19,5,5144,135,1,0,0,0
25,2024-04-20,6,6076,147,1,0,0,0
25,2024-04-21,7,5103,124,1,0,0,0
25,2024-04-22,1,4325,112,1,0,0,0
25,2024-04-23,2,4078,107,1,0,0,0
25,2024-04-24,3,4399,98,1,0,0,0
25,2024-04-25,4,4596,115,1,0,0,0
25,2024-04-26,5,5126,113,1,1,0,0
25,2024-04-27,6,6559,185,1,0,0,0
25,2024-04-28,7,0,0,0,0,0,0
25,2024-04-29,1,4085,102,1,0,0,0
25,2024-04-30,2,3798,101,1,0,0,0
25,2024-05-01,3,4477,109,1,1,0,0
25,2024-05-02,4,4563,124,1,0,0,0
25,2024-05-03,5,5050,128,1,0,0,0
25,2024-05-04,6,6648,202,1,0,0,0
25,2024-05-05,7,0,0,0,0,0,0
25,2024-05-06,1,4615,118,1,0,0,0
25,2024-05-07,2,4437,115,1,0,0,0
25,2024-05-08,3,5150,125,1,1,0,0
25,2024-05-09,4,4606,103,1,0,0,0
25,2024-05-10,5,5088,125,1,0,0,0
25,2024-05-11,6,6989,197,1,0,0,0
25,2024-05-12,7,0,0,0,1,0,0
25,2024-05-13,1,4818,120,1,1,0,0
25,2024-05-14,2,4928,128,1,1,0,0
25,2024-05-15,3,4802,142,1,1,0,0
25,2024-05-16,4,4996,147,1,1,0,0
25,2024-05-17,5,4710,124,1,0,0,0
25,2024-05-18,6,6985,184,1,1,0,0
25,2024-05-19,7,5731,117,1,1,0,0
25,2024-05-20,1,4276,106,1,0,0,0
25,2024-05-21,2,4412,123,1,0,0,0
25,2024-05-22,3,4631,124,1,1,0,0
25,2024-05-23,4,5412,150,1,1,0,0
25,2024-05-24,5,4995,135,1,1,0,0
25,2024-05-25,6,7375,196,1,1,0,0
25,2024-05-26,7,0,0,0,1,0,0
25,2024-05-27,1,4492,121,1,0,0,0
25,2024-05-28,2,4479,133,1,0,0,0
25,2024-05-29,3,4394,102,1,0,0,0
25,2024-05-30,4,4874,124,1,0,0,0
25,2024-05-31,5,4895,118,1,0,0,0
25,2024-06-01,6,6322,189,1,0,0,1
25,2024-06-02,7,0,0,0,0,0,1
25,2024-06-03,1,4826,121,1,1,0,1
25,2024-06-04,2,4455,116,1,0,0,1
25,2024-06-05,3,5013,145,1,1,0,1
25,2024-06-06,4,5235,138,1,1,0,1
25,2024-06-07,5,4569,127,1,0,0,1
25,2024-06-08,6,6653,177,1,0,0,1
25,2024-06-09,7,5859,180,1,1,0,1
25,2024-06-10,1,5024,155,1,1,0,1
25,2024-06-11,2,4090,118,1,0,0,1
25,2024-06-12,3,4720,115,1,0,0,1
25,2024-06-13,4,4323,106,1,0,0,1
25,2024-06-14,5,4971,131,1,0,0,1
25,2024-06-15,6,6024,160,1,0,0,1
25,2024-06-16,7,0,0,0,0,0,1
25,2024-06-17,1,4364,116,1,0,0,1
25,2024-06-18,2,5014,145,1,1,0,1
25,2024-06-19,3,4469,125,1,0,0,1
25,2024-06-20,4,4743,120,1,1,0,1
25,2024-06-21,5,5012,136,1,1,0,1
25,2024-06-22,6,7448,227,1,1,0,1
25,2024-06-23,7,5163,155,1,0,0,1
25,2024-06-24,1,4255,111,1,0,0,1
25,2024-06-25,2,4953,131,1,1,0,1
25,2024-06-26,3,4882,122,1,1,0,1
25,2024-06-27,4,4546,109,1,0,0,1
25,2024-06-28,5,1503,39,1,0,0,1
25,2024-06-29,6,7751,174,1,1,0,1
25,2024-06-30,7,0,0,0,0,0,1
26,2022-01-01,6,4766,112,1,0,a,0
26,2022-01-02,7,0,0,0,1,0,0
26,2022-01-03,1,3513,91,1,0,0,0
26,2022-01-04,2,3636,93,1,0,0,0
26,2022-01-05,3,3932,97,1,1,0,0
26,2022-01-06,4,3793,90,1,0,0,0
26,2022-01-07,5,4146,103,1,0,0,0
26,2022-01-08,6,5626,135,1,0,0,0
26,2022-01-09,7,4146,114,1,0,0,0
26,2022-01-10,1,4141,94,1,1,0,0
26,2022-01-11,2,3760,92,1,0,0,0
26,2022-01-12,3,3817,105,1,0,0,0
26,2022-01-13,4,3886,81,1,0,0,0
26,2022-01-14,5,4106,86,1,0,0,0
26,2022-01-15,6,5404,128,1,0,0,0
26,2022-01-16,7,0,0,0,0,0,0
26,2022-01-17,1,3731,91,1,0,0,0
26,2022-01-18,2,3591,76,1,0,0,0
26,2022-01-19,3,3545,90,1,0,0,0
26,2022-01-20,4,4726,121,1,1,0,0
26,2022-01-21,5,4430,109,1,0,0,0
26,2022-01-22,6,5141,115,1,0,0,0
26,2022-01-23,7,4305,92,1,0,0,0
26,2022-01-24,1,4090,98,1,1,0,0
26,2022-01-25,2,3649,94,1,0,0,0
26,2022-01-26,3,4046,101,1,1,0,0
26,2022-01-27,4,3660,95,1,0,0,0
26,2022-01-28,5,5026,124,1,1,0,0
26,2022-01-29,6,5535,132,1,0,0,0
26,2022-01-30,7,0,0,0,1,0,0
26,2022-01-31,1,4266,104,1,1,0,0
26,2022-02-01,2,3254,75,1,0,0,0
26,2022-02-02,3,3557,72,1,0,0,0
26,2022-02-03,4,3725,85,1,0,0,0
26,2022-02-04,5,4096,100,1,0,0,0
26,2022-02-05,6,6002,128,1,1,0,0
26,2022-02-06,7,0,0,0,0,0,0
26,2022-02-07,1,3691,102,1,0,0,0
26,2022-02-08,2,3236,74,1,0,0,0
26,2022-02-09,3,3582,85,1,0,0,0
26,2022-02-10,4,4544,118,1,1,0,0
26,2022-02-11,5,4929,124,1,1,0,0
26,2022-02-12,6,5031,112,1,0,0,0
26,2022-02-13,7,0,0,0,1,0,0
26,2022-02-14,1,3920,101,1,1,0,0
26,2022-02-15,2,3142,71,1,0,0,0
26,2022-02-16,3,4260,104,1,1,0,0
26,2022-02-17,4,3721,83,1,0,0,0
26,2022-02-18,5,4130,99,1,0,0,0
26,2022-02-19,6,5553,122,1,0,0,0
26,2022-02-20,7,5297,117,1,1,0,0
26,2022-02-21,1,3655,100,1,0,0,0
26,2022-02-22,2,3493,83,1,0,0,0
26,2022-02-23,3,3565,101,1,0,0,0
26,2022-02-24,4,3749,88,1,0,0,0
26,2022-02-25,5,4902,123,1,1,0,0
26,2022-02-26,6,5676,148,1,0,0,0
26,2022-02-27,7,4115,103,1,0,0,0
26,2022-02-28,1,3415,79,1,0,0,0
26,2022-03-01,2,3538,90,1,0,0,0
26,2022-03-02,3,3311,69,1,0,0,0
26,2022-03-03,4,3878,95,1,0,0,0
26,2022-03-04,5,4450,115,1,0,0,0
26,2022-03-05,6,6077,145,1,0,0,0
26,2022-03-06,7,4448,91,1,0,0,0
26,2022-03-07,1,3782,90,1,0,0,0
26,2022-03-08,2,4083,106,1,1,0,0
26,2022-03-09,3,4009,84,1,0,0,0
26,2022-03-10,4,4312,106,1,1,0,0
26,2022-03-11,5,4304,105,1,0,0,0
26,2022-03-12,6,5610,139,1,0,0,0
26,2022-03-13,7,0,0,0,0,0,0
26,2022-03-14,1,3492,97,1,0,0,0
26,2022-03-15,2,3309,82,1,0,0,0
26,2022-03-16,3,4491,114,1,1,0,0
26,2022-03-17,4,3886,98,1,0,0,0
26,2022-03-18,5,4259,97,1,0,0,0
26,2022-03-19,6,5700,154,1,0,0,0
26,2022-03-20,7,5330,100,1,1,0,0
26,2022-03-21,1,4260,105,1,1,0,0
26,2022-03-22,2,3673,96,1,0,0,0
26,2022-03-23,3,3625,90,1,0,0,0
26,2022-03-24,4,3947,100,1,0,0,0
26,2022-03-25,5,4505,105,1,1,0,0
26,2022-03-26,6,6293,155,1,1,0,0
26,2022-03-27,7,5315,132,1,1,0,0
26,2022-03-28,1,3515,81,1,0,0,0
26,2022-03-29,2,3592,98,1,0,0,0
26,2022-03-30,3,4353,121,1,1,0,0
26,2022-03-31,4,4232,104,1,1,0,0
26,2022-04-01,5,5174,121,1,1,0,0
26,2022-04-02,6,5564,136,1,0,0,0
26,2022-04-03,7,0,0,0,0,0,0
26,2022-04-04,1,3670,90,1,0,0,0
26,2022-04-05,2,4407,113,1,1,0,0
26,2022-04-06,3,3736,93,1,0,0,0
26,2022-04-07,4,3734,92,1,0,0,0
26,2022-04-08,5,4150,89,1,0,0,0
26,2022-04-09,6,5443,154,1,0,0,0
26,2022-04-10,7,0,0,0,0,0,0
26,2022-04-11,1,3917,94,1,0,0,0
26,2022-04-12,2,3745,83,1,0,0,0
26,2022-04-13,3,4537,113,1,1,0,0
26,2022-04-14,4,4112,116,1,1,0,0
26,2022-04-15,5,4302,106,1,0,0,0
26,2022-04-16,6,6663,149,1,1,0,0
26,2022-04-17,7,0,0,0,0,0,0
26,2022-04-18,1,4202,113,1,1,0,0
26,2022-04-19,2,3897,90,1,1,0,0
26,2022-04-20,3,3907,104,1,0,0,0
26,2022-04-21,4,3832,97,1,0,0,0
26,2022-04-22,5,4263,115,1,0,0,0
26,2022-04-23,6,5976,142,1,1,0,0
26,2022-04-24,7,0,0,0,0,0,0
26,2022-04-25,1,6629,169,1,0,0,0
26,2022-04-26,2,6723,173,1,0,0,0
26,2022-04-27,3,7927,182,1,1,0,0
26,2022-04-28,4,7668,184,1,1,0,0
26,2022-04-29,5,7089,184,1,0,0,0
26,2022-04-30,6,11313,285,1,1,0,0
26,2022-05-01,7,9824,250,1,1,0,0
26,2022-05-02,1,0,0,0,1,b,0
26,2022-05-03,2,0,0,0,0,b,0
26,2022-05-04,3,3921,97,1,0,0,0
26,2022-05-05,4,3925,92,1,0,0,0
26,2022-05-06,5,4274,100,1,0,0,0
26,2022-05-07,6,5765,149,1,0,0,0
26,2022-05-08,7,4231,83,1,0,0,0
26,2022-05-09,1,3769,78,1,0,0,0
26,2022-05-10,2,3662,89,1,0,0,0
26,2022-05-11,3,4110,103,1,0,0,0
26,2022-05-12,4,3824,84,1,0,0,0
26,2022-05-13,5,4963,115,1,1,0,0
26,2022-05-14,6,6348,151,1,1,0,0
26,2022-05-15,7,4397,119,1,0,0,0
26,2022-05-16,1,4562,115,1,1,0,0
26,2022-05-17,2,3437,83,1,0,0,0
26,2022-05-18,3,4015,95,1,1,0,0
26,2022-05-19,4,3950,101,1,0,0,0
26,2022-05-20,5,4158,94,1,0,0,0
26,2022-05-21,6,5619,136,1,0,0,0
26,2022-05-22,7,4665,115,1,0,0,0
26,2022-05-23,1,3728,90,1,0,0,0
26,2022-05-24,2,3624,91,1,0,0,0
26,2022-05-25,3,3395,79,1,0,0,0
26,2022-05-26,4,4622,124,1,1,0,0
26,2022-05-27,5,4365,119,1,0,0,0
26,2022-05-28,6,6080,175,1,0,0,0
26,2022-05-29,7,0,0,0,0,0,0
26,2022-05-30,1,3948,100,1,1,0,0
26,2022-05-31,2,3819,96,1,0,0,0
26,2022-06-01,3,3546,96,1,0,0,1
26,2022-06-02,4,4080,104,1,0,0,1
26,2022-06-03,5,4645,95,1,0,0,1
26,2022-06-04,6,6089,152,1,0,0,1
26,2022-06-05,7,4449,104,1,0,0,1
26,2022-06-06,1,3846,84,1,0,0,1
26,2022-06-07,2,3816,101,1,0,0,1
26,2022-06-08,3,759,17,1,0,0,1
26,2022-06-09,4,3596,86,1,0,0,1
26,2022-06-10,5,4372,112,1,0,0,1
26,2022-06-11,6,6599,159,1,1,0,1
26,2022-06-12,7,0,0,0,0,0,1
26,2022-06-13,1,4096,95,1,1,0,1
26,2022-06-14,2,3603,88,1,0,0,1
26,2022-06-15,3,3978,84,1,0,0,1
26,2022-06-16,4,4610,104,1,1,0,1
26,2022-06-17,5,4448,108,1,0,0,1
26,2022-06-18,6,5520,132,1,0,0,1
26,2022-06-19,7,4653,110,1,0,0,1
26,2022-06-20,1,3336,79,1,0,0,1
26,2022-06-21,2,4184,116,1,1,0,1
26,2022-06-22,3,3741,94,1,0,0,1
26,2022-06-23,4,3944,90,1,0,0,1
26,2022-06-24,5,4714,115,1,1,0,1
26,2022-06-25,6,6559,158,1,1,0,1
26,2022-06-26,7,0,0,0,1,0,1
26,2022-06-27,1,3750,90,1,0,0,1
26,2022-06-28,2,4211,106,1,1,0,1
26,2022-06-29,3,4944,115,1,1,0,1
26,2022-06-30,4,4323,98,1,1,0,1
26,2022-07-01,5,5141,116,1,1,0,1
26,2022-07-02,6,6962,153,1,1,0,1
26,2022-07-03,7,4483,109,1,0,0,1
26,2022-07-04,1,3902,94,1,0,0,1
26,2022-07-05,2,4244,106,1,1,0,1
26,2022-07-06,3,3622,83,1,0,0,1
26,2022-07-07,4,3921,95,1,0,0,1
26,2022-07-08,5,4363,118,1,0,0,1
26,2022-07-09,6,6258,156,1,1,0,1
26,2022-07-10,7,4213,93,1,0,0,1
26,2022-07-11,1,3672,88,1,0,0,1
26,2022-07-12,2,3392,83,1,0,0,1
26,2022-07-13,3,3938,95,1,0,0,1
26,2022-07-14,4,4069,93,1,0,0,1
26,2022-07-15,5,4099,99,1,0,0,1
26,2022-07-16,6,6502,161,1,1,0,1
26,2022-07-17,7,4923,125,1,1,0,1
26,2022-07-18,1,4241,120,1,1,0,1
26,2022-07-19,2,3550,91,1,0,0,1
26,2022-07-20,3,3933,99,1,0,0,1
26,2022-07-21,4,3646,85,1,0,0,1
26,2022-07-22,5,4602,120,1,0,0,1
26,2022-07-23,6,5987,137,1,0,0,1
26,2022-07-24,7,5249,125,1,1,0,1
26,2022-07-25,1,3509,94,1,0,0,1
26,2022-07-26,2,3295,71,1,0,0,1
26,2022-07-27,3,4668,112,1,1,0,1
26,2022-07-28,4,4369,100,1,0,0,1
26,2022-07-29,5,5064,125,1,1,0,1
26,2022-07-30,6,6121,139,1,1,0,1
26,2022-07-31,7,4354,102,1,0,0,1
26,2022-08-01,1,3992,100,1,0,0,0
26,2022-08-02,2,4275,110,1,1,0,0
26,2022-08-03,3,3668,95,1,0,0,0
26,2022-08-04,4,4440,114,1,0,0,0
26,2022-08-05,5,5327,118,1,1,0,0
26,2022-08-06,6,5817,148,1,0,0,0
26,2022-08-07,7,0,0,0,0,0,0
26,2022-08-08,1,4010,103,1,0,0,0
26,2022-08-09,2,4435,96,1,1,0,0
26,2022-08-10,3,3842,87,1,0,0,0
26,2022-08-11,4,4206,97,1,0,0,0
26,2022-08-12,5,4641,132,1,0,0,0
26,2022-08-13,6,5749,146,1,0,0,0
26,2022-08-14,7,0,0,0,1,0,0
26,2022-08-15,1,4128,98,1,1,0,0
26,2022-08-16,2,3407,76,1,0,0,0
26,2022-08-17,3,4125,96,1,0,a,0
26,2022-08-18,4,3704,91,1,0,0,0
26,2022-08-19,5,4426,104,1,0,0,0
26,2022-08-20,6,5230,130,1,0,0,0
26,2022-08-21,7,0,0,0,0,0,0
26,2022-08-22,1,3570,84,1,0,0,0
26,2022-08-23,2,3767,77,1,0,0,0
26,2022-08-24,3,4108,97,1,1,0,0
26,2022-08-25,4,4805,110,1,1,0,0
26,2022-08-26,5,4666,112,1,0,0,0
26,2022-08-27,6,5697,154,1,0,0,0
26,2022-08-28,7,0,0,0,1,0,0
26,2022-08-29,1,4543,106,1,1,0,0
26,2022-08-30,2,3600,84,1,0,0,0
26,2022-08-31,3,4709,115,1,1,0,0
26,2022-09-01,4,4681,109,1,1,0,0
26,2022-09-02,5,4085,108,1,0,0,0
26,2022-09-03,6,6229,164,1,0,0,0
26,2022-09-04,7,4690,105,1,0,0,0
26,2022-09-05,1,3739,102,1,0,0,0
26,2022-09-06,2,3751,97,1,0,0,0
26,2022-09-07,3,4313,103,1,1,0,0
26,2022-09-08,4,4585,117,1,1,0,0
26,2022-09-09,5,4617,109,1,0,0,0
26,2022-09-10,6,5909,139,1,0,0,0
26,2022-09-11,7,0,0,0,0,0,0
26,2022-09-12,1,3696,104,1,0,0,0
26,2022-09-13,2,3566,79,1,0,0,0
26,2022-09-14,3,4569,106,1,1,0,0
26,2022-09-15,4,4180,105,1,0,0,0
26,2022-09-16,5,4287,91,1,0,0,0
26,2022-09-17,6,5658,124,1,0,0,0
26,2022-09-18,7,4756,112,1,0,0,0
26,2022-09-19,1,3799,79,1,0,0,0
26,2022-09-20,2,3949,100,1,0,0,0
26,2022-09-21,3,3649,101,1,0,0,0
26,2022-09-22,4,3740,117,1,0,0,0
26,2022-09-23,5,4702,123,1,0,0,0
26,2022-09-24,6,5910,149,1,0,0,0
26,2022-09-25,7,4694,131,1,0,0,0
26,2022-09-26,1,4324,106,1,1,0,0
26,2022-09-27,2,3828,107,1,0,0,0
26,2022-09-28,3,3948,103,1,0,0,0
26,2022-09-29,4,4100,104,1,0,0,0
26,2022-09-30,5,4451,110,1,0,0,0
26,2022-10-01,6,6782,162,1,1,0,0
26,2022-10-02,7,0,0,0,0,0,0
26,2022-10-03,1,4605,119,1,1,0,0
26,2022-10-04,2,3833,90,1,0,0,0
26,2022-10-05,3,3917,93,1,0,0,0
26,2022-10-06,4,4757,114,1,1,0,0
26,2022-10-07,5,4741,122,1,0,0,0
26,2022-10-08,6,5709,145,1,0,0,0
26,2022-10-09,7,5319,119,1,1,0,0
26,2022-10-10,1,4522,119,1,1,0,0
26,2022-10-11,2,3892,96,1,0,0,0
26,2022-10-12,3,3905,117,1,0,0,0
26,2022-10-13,4,4146,92,1,0,0,0
26,2022-10-14,5,4294,113,1,0,0,0
26,2022-10-15,6,5761,143,1,0,0,0
26,2022-10-16,7,0,0,0,1,0,0
26,2022-10-17,1,3962,90,1,0,0,0
26,2022-10-18,2,4184,96,1,1,0,0
26,2022-10-19,3,3831,91,1,0,0,0
26,2022-10-20,4,3809,84,1,0,0,0
26,2022-10-21,5,5583,136,1,1,0,0
26,2022-10-22,6,5487,131,1,0,0,0
26,2022-10-23,7,0,0,0,0,0,0
26,2022-10-24,1,3581,89,1,0,0,0
26,2022-10-25,2,4343,106,1,1,0,0
26,2022-10-26,3,3798,84,1,0,0,0
26,2022-10-27,4,4095,99,1,0,0,0
26,2022-10-28,5,4575,117,1,0,0,0
26,2022-10-29,6,5604,158,1,0,0,0
26,2022-10-30,7,0,0,0,1,0,0
26,2022-10-31,1,4034,95,1,0,0,0
26,2022-11-01,2,3830,103,1,0,0,0
26,2022-11-02,3,3418,87,1,0,0,0
26,2022-11-03,4,4327,97,1,1,0,0
26,2022-11-04,5,4717,112,1,1,0,0
26,2022-11-05,6,6611,159,1,1,0,0
26,2022-11-06,7,4771,119,1,0,0,0
26,2022-11-07,1,3832,94,1,0,0,0
26,2022-11-08,2,3662,96,1,0,0,0
26,2022-11-09,3,4778,129,1,1,0,0
26,2022-11-10,4,4771,111,1,1,0,0
26,2022-11-11,5,4954,102,1,1,0,0
26,2022-11-12,6,5559,138,1,0,0,0
26,2022-11-13,7,4551,123,1,0,0,0
26,2022-11-14,1,3805,88,1,0,0,0
26,2022-11-15,2,4363,109,1,1,0,0
26,2022-11-16,3,4042,85,1,0,0,0
26,2022-11-17,4,4510,112,1,1,0,0
26,2022-11-18,5,4215,106,1,0,0,0
26,2022-11-19,6,5930,142,1,0,0,0
26,2022-11-20,7,4936,158,1,0,0,0
26,2022-11-21,1,4211,97,1,0,0,0
26,2022-11-22,2,3870,86,1,0,0,0
26,2022-11-23,3,3822,102,1,0,0,0
26,2022-11-24,4,4223,97,1,0,0,0
26,2022-11-25,5,4496,125,1,0,0,0
26,2022-11-26,6,6249,149,1,1,0,0
26,2022-11-27,7,0,0,0,1,0,0
26,2022-11-28,1,3941,94,1,0,0,0
26,2022-11-29,2,4073,91,1,0,0,0
26,2022-11-30,3,3988,92,1,0,0,0
26,2022-12-01,4,4528,104,1,1,0,0
26,2022-12-02,5,4110,103,1,0,0,0
26,2022-12-03,6,5477,135,1,0,0,0
26,2022-12-04,7,0,0,0,1,0,0
26,2022-12-05,1,4217,92,1,0,0,0
26,2022-12-06,2,4336,97,1,1,0,0
26,2022-12-07,3,3963,101,1,0,0,0
26,2022-12-08,4,4338,102,1,0,0,0
26,2022-12-09,5,4683,123,1,0,0,0
26,2022-12-10,6,6635,162,1,1,0,0
26,2022-12-11,7,5794,125,1,1,0,0
26,2022-12-12,1,3766,85,1,0,0,0
26,2022-12-13,2,3868,107,1,0,0,0
26,2022-12-14,3,3738,97,1,0,0,0
26,2022-12-15,4,4799,106,1,1,0,0
26,2022-12-16,5,4786,124,1,0,0,0
26,2022-12-17,6,7028,169,1,1,0,0
26,2022-12-18,7,4988,133,1,0,0,0
26,2022-12-19,1,4470,110,1,0,0,0
26,2022-12-20,2,3769,86,1,0,0,0
26,2022-12-21,3,4387,113,1,1,0,0
26,2022-12-22,4,4854,103,1,1,0,0
26,2022-12-23,5,4361,110,1,0,0,0
26,2022-12-24,6,5534,130,1,0,0,0
26,2022-12-25,7,0,0,0,0,a,0
26,2022-12-26,1,4301,95,1,0,0,0
26,2022-12-27,2,4553,112,1,1,0,0
26,2022-12-28,3,4078,97,1,0,0,0
26,2022-12-29,4,4356,108,1,1,0,0
26,2022-12-30,5,5092,119,1,1,0,0
26,2022-12-31,6,7243,165,1,1,0,0
26,2023-01-01,7,5434,151,1,1,a,0
26,2023-01-02,1,4350,117,1,0,0,0
26,2023-01-03,2,4508,110,1,1,0,0
26,2023-01-04,3,3979,103,1,0,0,0
26,2023-01-05,4,4076,89,1,0,0,0
26,2023-01-06,5,5247,145,1,1,0,0
26,2023-01-07,6,5460,139,1,0,0,0
26,2023-01-08,7,5786,152,1,1,0,0
26,2023-01-09,1,4616,110,1,1,0,0
26,2023-01-10,2,4360,112,1,1,0,0
26,2023-01-11,3,3994,93,1,0,0,0
26,2023-01-12,4,4316,116,1,0,0,0
26,2023-01-13,5,5051,128,1,0,0,0
26,2023-01-14,6,7302,165,1,1,0,0
26,2023-01-15,7,4851,103,1,0,0,0
26,2023-01-16,1,3772,88,1,0,0,0
26,2023-01-17,2,3552,86,1,0,0,0
26,2023-01-18,3,4048,106,1,0,0,0
26,2023-01-19,4,3993,98,1,0,0,0
26,2023-01-20,5,4629,93,1,0,0,0
26,2023-01-21,6,5994,154,1,0,0,0
26,2023-01-22,7,5736,159,1,1,0,0
26,2023-01-23,1,3710,99,1,0,0,0
26,2023-01-24,2,3683,86,1,0,0,0
26,2023-01-25,3,3967,91,1,0,0,0
26,2023-01-26,4,4849,124,1,1,0,0
26,2023-01-27,5,4648,120,1,0,0,0
26,2023-01-28,6,6681,163,1,0,0,0
26,2023-01-29,7,4278,91,1,0,0,0
26,2023-01-30,1,4166,101,1,0,0,0
26,2023-01-31,2,4065,100,1,0,0,0
26,2023-02-01,3,3852,87,1,0,0,0
26,2023-02-02,4,4682,126,1,1,0,0
26,2023-02-03,5,5016,121,1,0,0,0
26,2023-02-04,6,5744,137,1,0,0,0
26,2023-02-05,7,4685,128,1,0,0,0
26,2023-02-06,1,3978,93,1,0,0,0
26,2023-02-07,2,4561,103,1,1,0,0
26,2023-02-08,3,4246,100,1,0,0,0
26,2023-02-09,4,5053,130,1,1,0,0
26,2023-02-10,5,5518,132,1,1,0,0
26,2023-02-11,6,5372,111,1,0,0,0
26,2023-02-12,7,5555,144,1,1,0,0
26,2023-02-13,1,4093,113,1,0,0,0
26,2023-02-14,2,4007,94,1,0,0,0
26,2023-02-15,3,3907,102,1,0,0,0
26,2023-02-16,4,3970,110,1,0,0,0
26,2023-02-17,5,4373,96,1,0,0,0
26,2023-02-18,6,6087,136,1,0,0,0
26,2023-02-19,7,5093,129,1,0,0,0
26,2023-02-20,1,3996,93,1,0,0,0
26,2023-02-21,2,3673,91,1,0,0,0
26,2023-02-22,3,4094,97,1,0,0,0
26,2023-02-23,4,3992,102,1,0,0,0
26,2023-02-24,5,4463,108,1,0,0,0
26,2023-02-25,6,5849,156,1,0,0,0
26,2023-02-26,7,4663,133,1,0,0,0
26,2023-02-27,1,3750,91,1,0,0,0
26,2023-02-28,2,4189,120,1,0,0,0
26,2023-03-01,3,3681,102,1,0,0,0
26,2023-03-02,4,4686,120,1,1,0,0
26,2023-03-03,5,4592,117,1,0,0,0
26,2023-03-04,6,6336,158,1,0,0,0
26,2023-03-05,7,4937,105,1,0,0,0
26,2023-03-06,1,3926,98,1,0,0,0
26,2023-03-07,2,3750,98,1,0,0,0
26,2023-03-08,3,4306,102,1,0,0,0
26,2023-03-09,4,4036,88,1,0,0,0
26,2023-03-10,5,4699,123,1,0,0,0
26,2023-03-11,6,6818,191,1,1,0,0
26,2023-03-12,7,0,0,0,0,0,0
26,2023-03-13,1,4302,105,1,0,0,0
26,2023-03-14,2,4644,114,1,1,0,0
26,2023-03-15,3,4053,97,1,0,0,0
26,2023-03-16,4,5251,135,1,1,0,0
26,2023-03-17,5,5026,134,1,0,0,0
26,2023-03-18,6,6331,161,1,0,0,0
26,2023-03-19,7,4951,120,1,0,0,0
26,2023-03-20,1,4417,114,1,1,0,0
26,2023-03-21,2,3445,85,1,0,0,0
26,2023-03-22,3,4749,127,1,1,0,0
26,2023-03-23,4,4384,96,1,0,0,0
26,2023-03-24,5,4354,112,1,0,0,0
26,2023-03-25,6,7044,162,1,1,0,0
26,2023-03-26,7,4781,125,1,0,0,0
26,2023-03-27,1,4720,124,1,1,0,0
26,2023-03-28,2,3793,98,1,0,0,0
26,2023-03-29,3,4536,122,1,1,0,0
26,2023-03-30,4,4215,113,1,0,0,0
26,2023-03-31,5,4399,106,1,0,0,0
26,2023-04-01,6,7244,188,1,1,0,0
26,2023-04-02,7,0,0,0,0,0,0
26,2023-04-03,1,3780,92,1,0,0,0
26,2023-04-04,2,3800,87,1,0,0,0
26,2023-04-05,3,4221,97,1,0,0,0
26,2023-04-06,4,4797,111,1,1,0,0
26,2023-04-07,5,4848,124,1,0,0,0
26,2023-04-08,6,5721,144,1,0,0,0
26,2023-04-09,7,4838,115,1,0,0,0
26,2023-04-10,1,4601,98,1,1,0,0
26,2023-04-11,2,4365,112,1,0,0,0
26,2023-04-12,3,3958,87,1,0,0,0
26,2023-04-13,4,4375,104,1,0,0,0
26,2023-04-14,5,4800,107,1,0,0,0
26,2023-04-15,6,13575,339,1,1,0,0
26,2023-04-16,7,0,0,0,0,0,0
26,2023-04-17,1,7073,184,1,0,0,0
26,2023-04-18,2,6710,161,1,0,0,0
26,2023-04-19,3,7913,203,1,1,0,0
26,2023-04-20,4,7739,175,1,0,0,0
26,2023-04-21,5,8884,238,1,0,0,0
26,2023-04-22,6,0,0,0,0,b,0
26,2023-04-23,7,0,0,0,1,b,0
26,2023-04-24,1,4038,82,1,0,0,0
26,2023-04-25,2,4222,117,1,0,0,0
26,2023-04-26,3,3964,101,1,0,0,0
26,2023-04-27,4,3730,97,1,0,0,0
26,2023-04-28,5,5723,138,1,1,0,0
26,2023-04-29,6,5700,144,1,0,0,0
26,2023-04-30,7,5589,148,1,1,0,0
26,2023-05-01,1,4128,102,1,0,0,0
26,2023-05-02,2,3856,101,1,0,0,0
26,2023-05-03,3,4351,99,1,0,0,0
26,2023-05-04,4,5558,153,1,1,0,0
26,2023-05-05,5,4523,125,1,0,0,0
26,2023-05-06,6,7018,159,1,1,0,0
26,2023-05-07,7,0,0,0,0,0,0
26,2023-05-08,1,4106,115,1,0,0,0
26,2023-05-09,2,4410,111,1,1,0,0
26,2023-05-10,3,4601,113,1,1,0,0
26,2023-05-11,4,4137,90,1,0,0,0
26,2023-05-12,5,4613,111,1,0,0,0
26,2023-05-13,6,5937,156,1,0,0,0
26,2023-05-14,7,4329,96,1,0,0,0
26,2023-05-15,1,4068,103,1,0,0,0
26,2023-05-16,2,3901,96,1,0,0,0
26,2023-05-17,3,3993,96,1,0,0,0
26,2023-05-18,4,4298,116,1,0,0,0
26,2023-05-19,5,5437,124,1,1,0,0
26,2023-05-20,6,5961,145,1,0,0,0
26,2023-05-21,7,4959,122,1,0,0,0
26,2023-05-22,1,4530,113,1,1,0,0
26,2023-05-23,2,3736,102,1,0,0,0
26,2023-05-24,3,4556,105,1,0,0,0
26,2023-05-25,4,4179,108,1,0,0,0
26,2023-05-26,5,4800,124,1,0,0,0
26,2023-05-27,6,7916,207,1,1,0,0
26,2023-05-28,7,0,0,0,0,0,0
26,2023-05-29,1,4157,95,1,0,0,0
26,2023-05-30,2,4437,116,1,0,0,0
26,2023-05-31,3,4385,104,1,1,0,0
26,2023-06-01,4,4579,123,1,0,0,1
26,2023-06-02,5,4798,108,1,0,0,1
26,2023-06-03,6,5949,165,1,0,0,1
26,2023-06-04,7,4986,135,1,0,0,1
26,2023-06-05,1,3997,94,1,0,0,1
26,2023-06-06,2,4295,100,1,0,0,1
26,2023-06-07,3,4160,99,1,0,0,1
26,2023-06-08,4,4450,109,1,0,0,1
26,2023-06-09,5,4628,116,1,0,0,1
26,2023-06-10,6,6202,158,1,0,0,1
26,2023-06-11,7,5620,139,1,1,0,1
26,2023-06-12,1,3788,87,1,0,0,1
26,2023-06-13,2,4249,103,1,0,0,1
26,2023-06-14,3,4243,102,1,0,0,1
26,2023-06-15,4,4473,132,1,0,0,1
26,2023-06-16,5,4588,101,1,0,0,1
26,2023-06-17,6,7459,212,1,1,0,1
26,2023-06-18,7,5107,118,1,0,0,1
26,2023-06-19,1,4732,105,1,1,0,1
26,2023-06-20,2,4830,115,1,1,0,1
26,2023-06-21,3,4108,111,1,0,0,1
26,2023-06-22,4,5283,141,1,1,0,1
26,2023-06-23,5,4612,116,1,0,0,1
26,2023-06-24,6,6144,154,1,0,0,1
26,2023-06-25,7,4765,124,1,0,0,1
26,2023-06-26,1,3856,97,1,0,0,1
26,2023-06-27,2,4494,112,1,1,0,1
26,2023-06-28,3,4773,104,1,1,0,1
26,2023-06-29,4,5107,111,1,1,0,1
26,2023-06-30,5,4624,111,1,0,0,1
26,2023-07-01,6,6324,135,1,0,0,1
26,2023-07-02,7,4927,112,1,0,0,1
26,2023-07-03,1,3997,101,1,0,0,1
26,2023-07-04,2,4134,106,1,0,0,1
26,2023-07-05,3,4077,100,1,0,0,1
26,2023-07-06,4,4724,114,1,0,0,1
26,2023-07-07,5,4889,125,1,0,0,1
26,2023-07-08,6,5733,133,1,0,0,1
26,2023-07-09,7,4986,109,1,0,0,1
26,2023-07-10,1,4568,110,1,1,0,1
26,2023-07-11,2,988,23,1,0,0,1
26,2023-07-12,3,4420,99,1,0,0,1
26,2023-07-13,4,5256,142,1,1,0,1
26,2023-07-14,5,5313,133,1,1,0,1
26,2023-07-15,6,7341,161,1,1,0,1
26,2023-07-16,7,5244,131,1,0,0,1
26,2023-07-17,1,4109,98,1,0,0,1
26,2023-07-18,2,4845,128,1,1,0,1
26,2023-07-19,3,4907,135,1,1,0,1
26,2023-07-20,4,4592,97,1,0,0,1
26,2023-07-21,5,4520,111,1,0,0,1
26,2023-07-22,6,6220,141,1,0,0,1
26,2023-07-23,7,0,0,0,0,0,1
26,2023-07-24,1,3880,107,1,0,0,1
26,2023-07-25,2,3814,92,1,0,0,1
26,2023-07-26,3,4460,113,1,1,0,1
26,2023-07-27,4,4360,101,1,0,0,1
26,2023-07-28,5,5409,133,1,1,0,1
26,2023-07-29,6,5786,142,1,0,0,1
26,2023-07-30,7,5348,125,1,0,0,1
26,2023-07-31,1,4208,103,1,0,0,1
26,2023-08-01,2,4472,134,1,1,0,0
26,2023-08-02,3,4262,97,1,0,0,0
26,2023-08-03,4,4306,103,1,0,0,0
26,2023-08-04,5,5107,140,1,1,0,0
26,2023-08-05,6,6280,152,1,0,0,0
26,2023-08-06,7,6283,130,1,1,0,0
26,2023-08-07,1,5087,122,1,1,0,0
26,2023-08-08,2,4671,94,1,1,0,0
26,2023-08-09,3,4134,97,1,0,0,0
26,2023-08-10,4,4488,114,1,0,0,0
26,2023-08-11,5,5623,130,1,1,0,0
26,2023-08-12,6,6162,156,1,0,0,0
26,2023-08-13,7,5528,130,1,0,0,0
26,2023-08-14,1,4666,124,1,1,0,0
26,2023-08-15,2,4242,108,1,0,0,0
26,2023-08-16,3,4903,117,1,1,0,0
26,2023-08-17,4,5065,114,1,1,a,0
26,2023-08-18,5,5100,116,1,1,0,0
26,2023-08-19,6,6558,164,1,0,0,0
26,2023-08-20,7,0,0,0,0,0,0
26,2023-08-21,1,4185,107,1,0,0,0
26,2023-08-22,2,4264,107,1,0,0,0
26,2023-08-23,3,4328,113,1,0,0,0
26,2023-08-24,4,4095,93,1,0,0,0
26,2023-08-25,5,4606,112,1,0,0,0
26,2023-08-26,6,6207,155,1,0,0,0
26,2023-08-27,7,5342,124,1,1,0,0
26,2023-08-28,1,4386,90,1,0,0,0
26,2023-08-29,2,4018,99,1,0,0,0
26,2023-08-30,3,4276,99,1,0,0,0
26,2023-08-31,4,4797,100,1,1,0,0
26,2023-09-01,5,5006,113,1,0,0,0
26,2023-09-02,6,6192,145,1,0,0,0
26,2023-09-03,7,5000,116,1,0,0,0
26,2023-09-04,1,4453,111,1,0,0,0
26,2023-09-05,2,4984,121,1,1,0,0
26,2023-09-06,3,5075,118,1,1,0,0
26,2023-09-07,4,4440,116,1,0,0,0
26,2023-09-08,5,5442,145,1,1,0,0
26,2023-09-09,6,7080,185,1,1,0,0
26,2023-09-10,7,5757,137,1,1,0,0
26,2023-09-11,1,4248,103,1,0,0,0
26,2023-09-12,2,4068,107,1,0,0,0
26,2023-09-13,3,4259,108,1,0,0,0
26,2023-09-14,4,4740,109,1,0,0,0
26,2023-09-15,5,5144,123,1,0,0,0
26,2023-09-16,6,6914,171,1,1,0,0
26,2023-09-17,7,0,0,0,1,0,0
26,2023-09-18,1,4613,116,1,1,0,0
26,2023-09-19,2,4204,95,1,0,0,0
26,2023-09-20,3,4680,112,1,0,0,0
26,2023-09-21,4,4330,119,1,0,0,0
26,2023-09-22,5,5066,125,1,0,0,0
26,2023-09-23,6,7789,193,1,1,0,0
26,2023-09-24,7,0,0,0,0,0,0
26,2023-09-25,1,4926,114,1,1,0,0
26,2023-09-26,2,4439,119,1,0,0,0
26,2023-09-27,3,4075,100,1,0,0,0
26,2023-09-28,4,4186,98,1,0,0,0
26,2023-09-29,5,4578,112,1,0,0,0
26,2023-09-30,6,6514,186,1,0,0,0
26,2023-10-01,7,0,0,0,0,0,0
26,2023-10-02,1,4304,114,1,0,0,0
26,2023-10-03,2,5029,113,1,1,0,0
26,2023-10-04,3,4761,139,1,1,0,0
26,2023-10-05,4,4892,112,1,1,0,0
26,2023-10-06,5,5811,143,1,1,0,0
26,2023-10-07,6,7248,184,1,1,0,0
26,2023-10-08,7,4519,109,1,0,0,0
26,2023-10-09,1,4515,115,1,0,0,0
26,2023-10-10,2,4215,103,1,0,0,0
26,2023-10-11,3,4838,113,1,1,0,0
26,2023-10-12,4,4337,104,1,0,0,0
26,2023-10-13,5,5069,114,1,0,0,0
26,2023-10-14,6,7226,164,1,1,0,0
26,2023-10-15,7,5147,132,1,0,0,0
26,2023-10-16,1,4867,118,1,1,0,0
26,2023-10-17,2,4531,114,1,1,0,0
26,2023-10-18,3,4218,104,1,0,0,0
26,2023-10-19,4,4395,100,1,0,0,0
26,2023-10-20,5,5426,122,1,1,0,0
26,2023-10-21,6,6395,171,1,0,0,0
26,2023-10-22,7,0,0,0,1,0,0
26,2023-10-23,1,5246,133,1,1,0,0
26,2023-10-24,2,3958,93,1,0,0,0
26,2023-10-25,3,4494,107,1,0,0,0
26,2023-10-26,4,4761,133,1,0,0,0
26,2023-10-27,5,5146,145,1,0,0,0
26,2023-10-28,6,6161,163,1,0,0,0
26,2023-10-29,7,5830,155,1,1,0,0
26,2023-10-30,1,4534,129,1,0,0,0
26,2023-10-31,2,4696,118,1,1,0,0
26,2023-11-01,3,4303,105,1,0,0,0
26,2023-11-02,4,4343,104,1,0,0,0
26,2023-11-03,5,5112,128,1,0,0,0
26,2023-11-04,6,6382,149,1,1,0,0
26,2023-11-05,7,4949,117,1,0,0,0
26,2023-11-06,1,4014,91,1,0,0,0
26,2023-11-07,2,5124,136,1,1,0,0
26,2023-11-08,3,4367,106,1,0,0,0
26,2023-11-09,4,4414,111,1,0,0,0
26,2023-11-10,5,4879,128,1,0,0,0
26,2023-11-11,6,6786,157,1,1,0,0
26,2023-11-12,7,5517,149,1,0,0,0
26,2023-11-13,1,4154,100,1,0,0,0
26,2023-11-14,2,4258,94,1,0,0,0
26,2023-11-15,3,4809,109,1,1,0,0
26,2023-11-16,4,4453,100,1,0,0,0
26,2023-11-17,5,4710,142,1,0,0,0
26,2023-11-18,6,6270,151,1,0,0,0
26,2023-11-19,7,5444,137,1,0,0,0
26,2023-11-20,1,4896,111,1,1,0,0
26,2023-11-21,2,4219,114,1,0,0,0
26,2023-11-22,3,4996,119,1,1,0,0
26,2023-11-23,4,5564,124,1,1,0,0
26,2023-11-24,5,5455,122,1,1,0,0
26,2023-11-25,6,6316,172,1,0,0,0
26,2023-11-26,7,6016,129,1,1,0,0
26,2023-11-27,1,4030,106,1,0,0,0
26,2023-11-28,2,4801,109,1,1,0,0
26,2023-11-29,3,4344,98,1,0,0,0
26,2023-11-30,4,5182,128,1,1,0,0
26,2023-12-01,5,4982,112,1,0,0,0
26,2023-12-02,6,7079,179,1,1,0,0
26,2023-12-03,7,5485,124,1,1,0,0
26,2023-12-04,1,4930,131,1,1,0,0
26,2023-12-05,2,4565,123,1,1,0,0
26,2023-12-06,3,4325,104,1,0,0,0
26,2023-12-07,4,4320,117,1,0,0,0
26,2023-12-08,5,5283,119,1,1,0,0
26,2023-12-09,6,6495,149,1,0,0,0
26,2023-12-10,7,0,0,0,0,0,0
26,2023-12-11,1,4490,114,1,0,0,0
26,2023-12-12,2,4069,91,1,0,0,0
26,2023-12-13,3,4360,107,1,0,0,0
26,2023-12-14,4,4571,111,1,0,0,0
26,2023-12-15,5,5223,132,1,0,0,0
26,2023-12-16,6,5831,164,1,0,0,0
26,2023-12-17,7,0,0,0,0,0,0
26,2023-12-18,1,4558,108,1,0,0,0
26,2023-12-19,2,3817,92,1,0,0,0
26,2023-12-20,3,4559,101,1,0,0,0
26,2023-12-21,4,5522,150,1,1,0,0
26,2023-12-22,5,5177,139,1,0,0,0
26,2023-12-23,6,6991,179,1,1,0,0
26,2023-12-24,7,5731,141,1,1,0,0
26,2023-12-25,1,4257,102,1,0,a,0
26,2023-12-26,2,4541,121,1,0,0,0
26,2023-12-27,3,4746,106,1,0,0,0
26,2023-12-28,4,4577,116,1,0,0,0
26,2023-12-29,5,4588,120,1,0,0,0
26,2023-12-30,6,6463,161,1,0,0,0
26,2023-12-31,7,5171,129,1,0,0,0
26,2024-01-01,1,4281,99,1,0,a,0
26,2024-01-02,2,4411,117,1,1,0,0
26,2024-01-03,3,4426,107,1,0,0,0
26,2024-01-04,4,4804,102,1,1,0,0
26,2024-01-05,5,4361,103,1,0,0,0
26,2024-01-06,6,6493,159,1,0,0,0
26,2024-01-07,7,5735,137,1,0,0,0
26,2024-01-08,1,4719,122,1,1,0,0
26,2024-01-09,2,4089,96,1,0,0,0
26,2024-01-10,3,4576,107,1,0,0,0
26,2024-01-11,4,5505,123,1,1,0,0
26,2024-01-12,5,5027,109,1,0,0,0
26,2024-01-13,6,6204,148,1,0,0,0
26,2024-01-14,7,0,0,0,1,0,0
26,2024-01-15,1,4629,108,1,1,0,0
26,2024-01-16,2,4086,89,1,0,0,0
26,2024-01-17,3,4516,110,1,0,0,0
26,2024-01-18,4,4802,105,1,1,0,0
26,2024-01-19,5,5872,144,1,1,0,0
26,2024-01-20,6,6808,168,1,0,0,0
26,2024-01-21,7,0,0,0,1,0,0
26,2024-01-22,1,4213,99,1,0,0,0
26,2024-01-23,2,4109,111,1,0,0,0
26,2024-01-24,3,4551,122,1,0,0,0
26,2024-01-25,4,4398,118,1,0,0,0
26,2024-01-26,5,4940,127,1,0,0,0
26,2024-01-27,6,6556,145,1,0,0,0
26,2024-01-28,7,5356,131,1,0,0,0
26,2024-01-29,1,3893,95,1,0,0,0
26,2024-01-30,2,3963,93,1,0,0,0
26,2024-01-31,3,4597,116,1,1,0,0
26,2024-02-01,4,4791,135,1,1,0,0
26,2024-02-02,5,4744,128,1,0,0,0
26,2024-02-03,6,7349,175,1,1,0,0
26,2024-02-04,7,5234,136,1,0,0,0
26,2024-02-05,1,3846,90,1,0,0,0
26,2024-02-06,2,4621,116,1,1,0,0
26,2024-02-07,3,4073,108,1,0,0,0
26,2024-02-08,4,4507,114,1,0,0,0
26,2024-02-09,5,4868,128,1,0,0,0
26,2024-02-10,6,6880,150,1,0,0,0
26,2024-02-11,7,5238,132,1,0,0,0
26,2024-02-12,1,4814,105,1,1,0,0
26,2024-02-13,2,4167,106,1,0,0,0
26,2024-02-14,3,4914,118,1,1,0,0
26,2024-02-15,4,5595,125,1,1,0,0
26,2024-02-16,5,4956,113,1,0,0,0
26,2024-02-17,6,6630,172,1,0,0,0
26,2024-02-18,7,5492,125,1,0,0,0
26,2024-02-19,1,4181,95,1,0,0,0
26,2024-02-20,2,3847,104,1,0,0,0
26,2024-02-21,3,4963,112,1,1,0,0
26,2024-02-22,4,5419,135,1,1,0,0
26,2024-02-23,5,4621,110,1,0,0,0
26,2024-02-24,6,6575,193,1,0,0,0
26,2024-02-25,7,0,0,0,0,0,0
26,2024-02-26,1,4632,123,1,0,0,0
26,2024-02-27,2,5036,130,1,1,0,0
26,2024-02-28,3,5168,127,1,1,0,0
26,2024-02-29,4,4617,103,1,0,0,0
26,2024-03-01,5,4751,123,1,0,0,0
26,2024-03-02,6,6195,143,1,0,0,0
26,2024-03-03,7,4841,113,1,0,0,0
26,2024-03-04,1,4353,117,1,0,0,0
26,2024-03-05,2,4335,107,1,0,0,0
26,2024-03-06,3,4462,125,1,0,0,0
26,2024-03-07,4,4646,132,1,0,0,0
26,2024-03-08,5,5257,130,1,0,0,0
26,2024-03-09,6,6081,134,1,0,0,0
26,2024-03-10,7,5325,133,1,0,0,0
26,2024-03-11,1,4398,98,1,0,0,0
26,2024-03-12,2,4149,117,1,0,0,0
26,2024-03-13,3,3971,108,1,0,0,0
26,2024-03-14,4,5007,120,1,1,0,0
26,2024-03-15,5,4944,129,1,0,0,0
26,2024-03-16,6,6572,173,1,0,0,0
26,2024-03-17,7,6125,144,1,1,0,0
26,2024-03-18,1,4770,121,1,0,0,0
26,2024-03-19,2,5125,131,1,1,0,0
26,2024-03-20,3,4445,108,1,0,0,0
26,2024-03-21,4,4624,111,1,0,0,0
26,2024-03-22,5,5404,117,1,0,0,0
26,2024-03-23,6,6962,165,1,0,0,0
26,2024-03-24,7,0,0,0,0,0,0
26,2024-03-25,1,4736,118,1,0,0,0
26,2024-03-26,2,4681,114,1,1,0,0
26,2024-03-27,3,4450,122,1,0,0,0
26,2024-03-28,4,5332,133,1,0,0,0
26,2024-03-29,5,5270,131,1,0,0,0
26,2024-03-30,6,7473,170,1,1,0,0
26,2024-03-31,7,6165,139,1,1,0,0
26,2024-04-01,1,5065,115,1,1,0,0
26,2024-04-02,2,4625,112,1,0,0,0
26,2024-04-03,3,8358,221,1,0,0,0
26,2024-04-04,4,8266,185,1,0,0,0
26,2024-04-05,5,8405,200,1,0,0,0
26,2024-04-06,6,13075,330,1,1,0,0
26,2024-04-07,7,11091,315,1,1,0,0
26,2024-04-08,1,7818,208,1,0,0,0
26,2024-04-09,2,8117,204,1,0,0,0
26,2024-04-10,3,0,0,0,0,b,0
26,2024-04-11,4,0,0,0,0,b,0
26,2024-04-12,5,4729,116,1,0,0,0
26,2024-04-13,6,6393,148,1,0,0,0
26,2024-04-14,7,6366,165,1,1,0,0
26,2024-04-15,1,4831,121,1,0,0,0
26,2024-04-16,2,4889,119,1,1,0,0
26,2024-04-17,3,4663,110,1,0,0,0
26,2024-04-18,4,4934,105,1,0,0,0
26,2024-04-19,5,5356,128,1,0,0,0
26,2024-04-20,6,6821,163,1,0,0,0
26,2024-04-21,7,5264,124,1,0,0,0
26,2024-04-22,1,4718,88,1,0,0,0
26,2024-04-23,2,4006,97,1,0,0,0
26,2024-04-24,3,4831,109,1,1,0,0
26,2024-04-25,4,5065,113,1,0,0,0
26,2024-04-26,5,5995,154,1,1,0,0
26,2024-04-27,6,6178,136,1,0,0,0
26,2024-04-28,7,4982,136,1,0,0,0
26,2024-04-29,1,4068,98,1,0,0,0
26,2024-04-30,2,5442,138,1,1,0,0
26,2024-05-01,3,4473,125,1,0,0,0
26,2024-05-02,4,4519,109,1,0,0,0
26,2024-05-03,5,5546,139,1,0,0,0
26,2024-05-04,6,6678,162,1,0,0,0
26,2024-05-05,7,6080,161,1,1,0,0
26,2024-05-06,1,4632,119,1,0,0,0
26,2024-05-07,2,4431,97,1,0,0,0
26,2024-05-08,3,5329,108,1,1,0,0
26,2024-05-09,4,4584,111,1,0,0,0
26,2024-05-10,5,4907,131,1,0,0,0
26,2024-05-11,6,6272,142,1,0,0,0
26,2024-05-12,7,6223,152,1,1,0,0
26,2024-05-13,1,5069,110,1,1,0,0
26,2024-05-14,2,4413,95,1,0,0,0
26,2024-05-15,3,5072,112,1,1,0,0
26,2024-05-16,4,4952,131,1,0,0,0
26,2024-05-17,5,4804,95,1,0,0,0
26,2024-05-18,6,6754,154,1,0,0,0
26,2024-05-19,7,5147,109,1,0,0,0
26,2024-05-20,1,4359,93,1,0,0,0
26,2024-05-21,2,4734,126,1,1,0,0
26,2024-05-22,3,4430,110,1,0,0,0
26,2024-05-23,4,5073,127,1,1,0,0
26,2024-05-24,5,4895,120,1,0,0,0
26,2024-05-25,6,6946,169,1,0,0,0
26,2024-05-26,7,0,0,0,0,0,0
26,2024-05-27,1,4563,111,1,0,0,0
26,2024-05-28,2,5182,127,1,1,0,0
26,2024-05-29,3,4685,118,1,0,0,0
26,2024-05-30,4,5361,127,1,1,0,0
26,2024-05-31,5,5611,143,1,1,0,0
26,2024-06-01,6,6124,164,1,0,0,1
26,2024-06-02,7,0,0,0,0,0,1
26,2024-06-03,1,4167,113,1,0,0,1
26,2024-06-04,2,4388,93,1,0,0,1
26,2024-06-05,3,4206,110,1,0,0,1
26,2024-06-06,4,4627,117,1,0,0,1
26,2024-06-07,5,5179,120,1,0,0,1
26,2024-06-08,6,7528,179,1,1,0,1
26,2024-06-09,7,0,0,0,0,0,1
26,2024-06-10,1,4716,109,1,0,0,1
26,2024-06-11,2,4444,123,1,0,0,1
26,2024-06-12,3,5397,121,1,1,0,1
26,2024-06-13,4,4596,101,1,0,0,1
26,2024-06-14,5,5380,145,1,0,0,1
26,2024-06-15,6,7772,201,1,1,0,1
26,2024-06-16,7,0,0,0,1,0,1
26,2024-06-17,1,5006,107,1,1,0,1
26,2024-06-18,2,4394,104,1,0,0,1
26,2024-06-19,3,5772,132,1,1,0,1
26,2024-06-20,4,4831,117,1,0,0,1
26,2024-06-21,5,6472,157,1,1,0,1
26,2024-06-22,6,6038,169,1,0,0,1
26,2024-06-23,7,0,0,0,1,0,1
26,2024-06-24,1,5324,137,1,1,0,1
26,2024-06-25,2,4433,115,1,0,0,1
26,2024-06-26,3,5365,129,1,1,0,1
26,2024-06-27,4,4606,120,1,0,0,1
26,2024-06-28,5,5507,135,1,0,0,1
26,2024-06-29,6,6143,158,1,0,0,1
26,2024-06-30,7,0,0,0,1,0,1
27,2022-01-01,6,6641,131,1,0,a,0
27,2022-01-02,7,0,0,0,0,0,0
27,2022-01-03,1,4408,114,1,0,0,0
27,2022-01-04,2,4853,109,1,1,0,0
27,2022-01-05,3,5263,118,1,1,0,0
27,2022-01-06,4,4946,126,1,0,0,0
27,2022-01-07,5,5204,101,1,0,0,0
27,2022-01-08,6,6487,144,1,0,0,0
27,2022-01-09,7,5653,111,1,0,0,0
27,2022-01-10,1,4717,98,1,0,0,0
27,2022-01-11,2,4704,105,1,0,0,0
27,2022-01-12,3,5107,126,1,1,0,0
27,2022-01-13,4,4982,107,1,0,0,0
27,2022-01-14,5,4852,111,1,0,0,0
27,2022-01-15,6,6725,146,1,0,0,0
27,2022-01-16,7,0,0,0,0,0,0
27,2022-01-17,1,4775,113,1,0,0,0
27,2022-01-18,2,4423,110,1,0,0,0
27,2022-01-19,3,5728,133,1,1,0,0
27,2022-01-20,4,4473,104,1,0,0,0
27,2022-01-21,5,4726,106,1,0,0,0
27,2022-01-22,6,7939,208,1,1,0,0
27,2022-01-23,7,7238,166,1,1,0,0
27,2022-01-24,1,5543,122,1,1,0,0
27,2022-01-25,2,5862,144,1,1,0,0
27,2022-01-26,3,5457,130,1,1,0,0
27,2022-01-27,4,4861,100,1,0,0,0
27,2022-01-28,5,6518,156,1,1,0,0
27,2022-01-29,6,7081,146,1,0,0,0
27,2022-01-30,7,5360,126,1,0,0,0
27,2022-01-31,1,4408,89,1,0,0,0
27,2022-02-01,2,4603,103,1,0,0,0
27,2022-02-02,3,4063,97,1,0,0,0
27,2022-02-03,4,4653,104,1,0,0,0
27,2022-02-04,5,4751,98,1,0,0,0
27,2022-02-05,6,8316,154,1,1,0,0
27,2022-02-06,7,6646,146,1,1,0,0
27,2022-02-07,1,4578,108,1,0,0,0
27,2022-02-08,2,5560,133,1,1,0,0
27,2022-02-09,3,4481,111,1,0,0,0
27,2022-02-10,4,5587,124,1,1,0,0
27,2022-02-11,5,5211,121,1,0,0,0
27,2022-02-12,6,7111,150,1,0,0,0
27,2022-02-13,7,5174,107,1,0,0,0
27,2022-02-14,1,4118,81,1,0,0,0
27,2022-02-15,2,3954,91,1,0,0,0
27,2022-02-16,3,4205,97,1,0,0,0
27,2022-02-17,4,4702,103,1,0,0,0
27,2022-02-18,5,4835,119,1,0,0,0
27,2022-02-19,6,6563,141,1,0,0,0
27,2022-02-20,7,6971,183,1,1,0,0
27,2022-02-21,1,3986,82,1,0,0,0
27,2022-02-22,2,4579,100,1,0,0,0
27,2022-02-23,3,4889,106,1,0,0,0
27,2022-02-24,4,6440,149,1,1,0,0
27,2022-02-25,5,5595,124,1,0,0,0
27,2022-02-26,6,9387,189,1,1,0,0
27,2022-02-27,7,0,0,0,0,0,0
27,2022-02-28,1,4650,110,1,0,0,0
27,2022-03-01,2,4317,85,1,0,0,0
27,2022-03-02,3,4723,99,1,0,0,0
27,2022-03-03,4,4754,111,1,0,0,0
27,2022-03-04,5,4786,110,1,0,0,0
27,2022-03-05,6,6209,124,1,0,0,0
27,2022-03-06,7,7459,158,1,1,0,0
27,2022-03-07,1,4513,110,1,0,0,0
27,2022-03-08,2,4691,103,1,0,0,0
27,2022-03-09,3,4450,108,1,0,0,0
27,2022-03-10,4,4520,83,1,0,0,0
27,2022-03-11,5,5208,113,1,0,0,0
27,2022-03-12,6,8738,183,1,1,0,0
27,2022-03-13,7,7330,153,1,1,0,0
27,2022-03-14,1,4528,95,1,0,0,0
27,2022-03-15,2,5664,143,1,1,0,0
27,2022-03-16,3,4556,102,1,0,0,0
27,2022-03-17,4,5085,97,1,0,0,0
27,2022-03-18,5,5625,125,1,0,0,0
27,2022-03-19,6,6474,138,1,0,0,0
27,2022-03-20,7,5598,131,1,0,0,0
27,2022-03-21,1,4271,96,1,0,0,0
27,2022-03-22,2,4576,98,1,0,0,0
27,2022-03-23,3,5634,144,1,1,0,0
27,2022-03-24,4,4559,104,1,0,0,0
27,2022-03-25,5,5893,131,1,1,0,0
27,2022-03-26,6,7117,164,1,0,0,0
27,2022-03-27,7,0,0,0,0,0,0
27,2022-03-28,1,5700,120,1,1,0,0
27,2022-03-29,2,4588,114,1,0,0,0
27,2022-03-30,3,4431,91,1,0,0,0
27,2022-03-31,4,4539,92,1,0,0,0
27,2022-04-01,5,5404,108,1,0,0,0
27,2022-04-02,6,7156,151,1,0,0,0
27,2022-04-03,7,0,0,0,0,0,0
27,2022-04-04,1,6092,129,1,1,0,0
27,2022-04-05,2,4537,113,1,0,0,0
27,2022-04-06,3,4732,110,1,0,0,0
27,2022-04-07,4,4962,99,1,0,0,0
27,2022-04-08,5,5209,105,1,0,0,0
27,2022-04-09,6,6356,131,1,0,0,0
27,2022-04-10,7,0,0,0,0,0,0
27,2022-04-11,1,4682,111,1,0,0,0
27,2022-04-12,2,5289,104,1,1,0,0
27,2022-04-13,3,4298,93,1,0,0,0
27,2022-04-14,4,5753,134,1,1,0,0
27,2022-04-15,5,5632,118,1,0,0,0
27,2022-04-16,6,6958,175,1,0,0,0
27,2022-04-17,7,0,0,0,0,0,0
27,2022-04-18,1,5387,129,1,1,0,0
27,2022-04-19,2,4490,110,1,0,0,0
27,2022-04-20,3,5844,125,1,1,0,0
27,2022-04-21,4,6117,158,1,1,0,0
27,2022-04-22,5,7440,168,1,1,0,0
27,2022-04-23,6,6970,160,1,0,0,0
27,2022-04-24,7,6690,151,1,1,0,0
27,2022-04-25,1,9502,210,1,1,0,0
27,2022-04-26,2,7764,162,1,0,0,0
27,2022-04-27,3,10203,242,1,1,0,0
27,2022-04-28,4,11232,252,1,1,0,0
27,2022-04-29,5,9244,201,1,0,0,0
27,2022-04-30,6,11659,251,1,0,0,0
27,2022-05-01,7,10267,228,1,0,0,0
27,2022-05-02,1,0,0,0,0,b,0
27,2022-05-03,2,0,0,0,0,b,0
27,2022-05-04,3,4453,115,1,0,0,0
27,2022-05-05,4,4689,104,1,0,0,0
27,2022-05-06,5,5155,109,1,0,0,0
27,2022-05-07,6,8710,197,1,1,0,0
27,2022-05-08,7,5525,131,1,0,0,0
27,2022-05-09,1,5345,125,1,1,0,0
27,2022-05-10,2,4164,95,1,0,0,0
27,2022-05-11,3,5730,131,1,1,0,0
27,2022-05-12,4,5588,114,1,1,0,0
27,2022-05-13,5,5209,121,1,0,0,0
27,2022-05-14,6,6928,147,1,0,0,0
27,2022-05-15,7,5246,116,1,0,0,0
27,2022-05-16,1,5945,133,1,1,0,0
27,2022-05-17,2,5964,131,1,1,0,0
27,2022-05-18,3,4919,114,1,0,0,0
27,2022-05-19,4,4981,108,1,0,0,0
27,2022-05-20,5,5441,116,1,0,0,0
27,2022-05-21,6,6935,154,1,0,0,0
27,2022-05-22,7,7111,170,1,1,0,0
27,2022-05-23,1,4433,94,1,0,0,0
27,2022-05-24,2,5581,143,1,1,0,0
27,2022-05-25,3,5887,134,1,1,0,0
27,2022-05-26,4,6230,130,1,1,0,0
27,2022-05-27,5,4914,109,1,0,0,0
27,2022-05-28,6,6938,155,1,0,0,0
27,2022-05-29,7,0,0,0,0,0,0
27,2022-05-30,1,5552,115,1,1,0,0
27,2022-05-31,2,4455,109,1,0,0,0
27,2022-06-01,3,4247,96,1,0,0,1
27,2022-06-02,4,6067,129,1,1,0,1
27,2022-06-03,5,4950,87,1,0,0,1
27,2022-06-04,6,6688,151,1,0,0,1
27,2022-06-05,7,0,0,0,0,0,1
27,2022-06-06,1,4449,91,1,0,0,1
27,2022-06-07,2,4450,101,1,0,0,1
27,2022-06-08,3,4780,96,1,0,0,1
27,2022-06-09,4,6047,124,1,1,0,1
27,2022-06-10,5,6745,152,1,1,0,1
27,2022-06-11,6,6247,150,1,0,0,1
27,2022-06-12,7,0,0,0,1,0,1
27,2022-06-13,1,4086,103,1,0,0,1
27,2022-06-14,2,4407,86,1,0,0,1
27,2022-06-15,3,6417,132,1,1,0,1
27,2022-06-16,4,5083,96,1,0,0,1
27,2022-06-17,5,4985,104,1,0,0,1
27,2022-06-18,6,6716,133,1,0,0,1
27,2022-06-19,7,0,0,0,0,0,1
27,2022-06-20,1,4722,101,1,0,0,1
27,2022-06-21,2,5869,125,1,1,0,1
27,2022-06-22,3,5093,106,1,0,0,1
27,2022-06-23,4,5791,134,1,1,0,1
27,2022-06-24,5,5437,115,1,0,0,1
27,2022-06-25,6,6307,153,1,0,0,1
27,2022-06-26,7,0,0,0,0,0,1
27,2022-06-27,1,4727,101,1,0,0,1
27,2022-06-28,2,5646,113,1,1,0,1
27,2022-06-29,3,4873,107,1,0,0,1
27,2022-06-30,4,4664,116,1,0,0,1
27,2022-07-01,5,5032,126,1,0,0,1
27,2022-07-02,6,6600,130,1,0,0,1
27,2022-07-03,7,0,0,0,0,0,1
27,2022-07-04,1,4925,100,1,0,0,1
27,2022-07-05,2,4326,90,1,0,0,1
27,2022-07-06,3,4566,112,1,0,0,1
27,2022-07-07,4,6138,129,1,1,0,1
27,2022-07-08,5,6328,136,1,0,0,1
27,2022-07-09,6,8483,193,1,1,0,1
27,2022-07-10,7,5931,128,1,0,0,1
27,2022-07-11,1,4589,104,1,0,0,1
27,2022-07-12,2,4406,93,1,0,0,1
27,2022-07-13,3,4421,106,1,0,0,1
27,2022-07-14,4,4817,101,1,0,0,1
27,2022-07-15,5,5637,144,1,0,0,1
27,2022-07-16,6,6652,149,1,0,0,1
27,2022-07-17,7,7119,159,1,1,0,1
27,2022-07-18,1,5551,123,1,1,0,1
27,2022-07-19,2,5553,134,1,1,0,1
27,2022-07-20,3,4385,91,1,0,0,1
27,2022-07-21,4,5468,117,1,0,0,1
27,2022-07-22,5,5501,132,1,0,0,1
27,2022-07-23,6,6854,145,1,0,0,1
27,2022-07-24,7,6045,137,1,0,0,1
27,2022-07-25,1,4626,104,1,0,0,1
27,2022-07-26,2,4649,100,1,0,0,1
27,2022-07-27,3,6405,138,1,1,0,1
27,2022-07-28,4,6589,166,1,1,0,1
27,2022-07-29,5,5117,121,1,0,0,1
27,2022-07-30,6,6984,171,1,0,0,1
27,2022-07-31,7,7565,148,1,1,0,1
27,2022-08-01,1,4404,104,1,0,0,0
27,2022-08-02,2,4495,108,1,0,0,0
27,2022-08-03,3,4692,107,1,0,0,0
27,2022-08-04,4,5041,100,1,0,0,0
27,2022-08-05,5,5655,148,1,0,0,0
27,2022-08-06,6,9243,221,1,1,0,0
27,2022-08-07,7,0,0,0,0,0,0
27,2022-08-08,1,4421,86,1,0,0,0
27,2022-08-09,2,4481,108,1,0,0,0
27,2022-08-10,3,5647,122,1,1,0,0
27,2022-08-11,4,4759,102,1,0,0,0
27,2022-08-12,5,5640,123,1,0,0,0
27,2022-08-13,6,6503,151,1,0,0,0
27,2022-08-14,7,0,0,0,0,0,0
27,2022-08-15,1,4881,99,1,0,0,0
27,2022-08-16,2,4726,98,1,0,0,0
27,2022-08-17,3,5734,125,1,1,a,0
27,2022-08-18,4,5892,129,1,1,0,0
27,2022-08-19,5,5887,129,1,0,0,0
27,2022-08-20,6,7149,164,1,0,0,0
27,2022-08-21,7,0,0,0,0,0,0
27,2022-08-22,1,5839,139,1,1,0,0
27,2022-08-23,2,4827,115,1,0,0,0
27,2022-08-24,3,5717,124,1,1,0,0
27,2022-08-25,4,4719,103,1,0,0,0
27,2022-08-26,5,6909,155,1,1,0,0
27,2022-08-27,6,8194,174,1,1,0,0
27,2022-08-28,7,0,0,0,1,0,0
27,2022-08-29,1,4587,103,1,0,0,0
27,2022-08-30,2,3977,88,1,0,0,0
27,2022-08-31,3,4816,113,1,0,0,0
27,2022-09-01,4,5106,122,1,0,0,0
27,2022-09-02,5,6011,117,1,0,0,0
27,2022-09-03,6,7253,147,1,0,0,0
27,2022-09-04,7,5446,131,1,0,0,0
27,2022-09-05,1,4592,107,1,0,0,0
27,2022-09-06,2,5022,123,1,0,0,0
27,2022-09-07,3,4914,114,1,0,0,0
27,2022-09-08,4,5223,131,1,0,0,0
27,2022-09-09,5,5329,125,1,0,0,0
27,2022-09-10,6,8725,207,1,1,0,0
27,2022-09-11,7,0,0,0,0,0,0
27,2022-09-12,1,4923,118,1,0,0,0
27,2022-09-13,2,4504,95,1,0,0,0
27,2022-09-14,3,4959,115,1,0,0,0
27,2022-09-15,4,4972,110,1,0,0,0
27,2022-09-16,5,6454,146,1,1,0,0
27,2022-09-17,6,7068,147,1,0,0,0
27,2022-09-18,7,0,0,0,0,0,0
27,2022-09-19,1,4716,107,1,0,0,0
27,2022-09-20,2,4535,98,1,0,0,0
27,2022-09-21,3,6457,146,1,1,0,0
27,2022-09-22,4,5078,126,1,0,0,0
27,2022-09-23,5,6407,152,1,1,0,0
27,2022-09-24,6,6979,162,1,0,0,0
27,2022-09-25,7,0,0,0,1,0,0
27,2022-09-26,1,4779,96,1,0,0,0
27,2022-09-27,2,4738,101,1,0,0,0
27,2022-09-28,3,5990,117,1,1,0,0
27,2022-09-29,4,4937,108,1,0,0,0
27,2022-09-30,5,5520,127,1,0,0,0
27,2022-10-01,6,7376,146,1,0,0,0
27,2022-10-02,7,5584,121,1,0,0,0
27,2022-10-03,1,4715,101,1,0,0,0
27,2022-10-04,2,4685,84,1,0,0,0
27,2022-10-05,3,4709,93,1,0,0,0
27,2022-10-06,4,5114,94,1,0,0,0
27,2022-10-07,5,5622,132,1,0,0,0
27,2022-10-08,6,6372,137,1,0,0,0
27,2022-10-09,7,0,0,0,1,0,0
27,2022-10-10,1,5076,117,1,0,0,0
27,2022-10-11,2,6229,153,1,1,0,0
27,2022-10-12,3,5013,126,1,0,0,0
27,2022-10-13,4,539,11,1,0,0,0
27,2022-10-14,5,5494,126,1,0,0,0
27,2022-10-15,6,7322,181,1,0,0,0
27,2022-10-16,7,0,0,0,0,0,0
27,2022-10-17,1,4907,107,1,0,0,0
27,2022-10-18,2,5073,109,1,0,0,0
27,2022-10-19,3,6375,130,1,1,0,0
27,2022-10-20,4,6163,135,1,1,0,0
27,2022-10-21,5,5984,140,1,0,0,0
27,2022-10-22,6,7220,146,1,0,0,0
27,2022-10-23,7,6002,124,1,0,0,0
27,2022-10-24,1,4701,105,1,0,0,0
27,2022-10-25,2,4824,104,1,0,0,0
27,2022-10-26,3,4962,101,1,0,0,0
27,2022-10-27,4,6637,164,1,1,0,0
27,2022-10-28,5,5416,104,1,0,0,0
27,2022-10-29,6,872,18,1,0,0,0
27,2022-10-30,7,6391,132,1,1,0,0
27,2022-10-31,1,4619,93,1,0,0,0
27,2022-11-01,2,4347,111,1,0,0,0
27,2022-11-02,3,6195,158,1,1,0,0
27,2022-11-03,4,5276,111,1,0,0,0
27,2022-11-04,5,5563,128,1,0,0,0
27,2022-11-05,6,7643,170,1,0,0,0
27,2022-11-06,7,5608,130,1,0,0,0
27,2022-11-07,1,5549,137,1,1,0,0
27,2022-11-08,2,4838,100,1,0,0,0
27,2022-11-09,3,5168,111,1,0,0,0
27,2022-11-10,4,5070,137,1,0,0,0
27,2022-11-11,5,7604,154,1,1,0,0
27,2022-11-12,6,7352,159,1,0,0,0
27,2022-11-13,7,5960,119,1,0,0,0
27,2022-11-14,1,5849,150,1,1,0,0
27,2022-11-15,2,5466,115,1,1,0,0
27,2022-11-16,3,4826,117,1,0,0,0
27,2022-11-17,4,5451,108,1,0,0,0
27,2022-11-18,5,5638,123,1,0,0,0
27,2022-11-19,6,7042,164,1,0,0,0
27,2022-11-20,7,5589,101,1,0,0,0
27,2022-11-21,1,4920,99,1,0,0,0
27,2022-11-22,2,4422,87,1,0,0,0
27,2022-11-23,3,4987,109,1,0,0,0
27,2022-11-24,4,6180,147,1,1,0,0
27,2022-11-25,5,5522,121,1,0,0,0
27,2022-11-26,6,7426,124,1,0,0,0
27,2022-11-27,7,0,0,0,1,0,0
27,2022-11-28,1,4801,118,1,0,0,0
27,2022-11-29,2,4335,101,1,0,0,0
27,2022-11-30,3,4881,105,1,0,0,0
27,2022-12-01,4,5196,124,1,0,0,0
27,2022-12-02,5,5827,135,1,0,0,0
27,2022-12-03,6,7617,157,1,0,0,0
27,2022-12-04,7,6068,154,1,0,0,0
27,2022-12-05,1,4710,88,1,0,0,0
27,2022-12-06,2,4277,100,1,0,0,0
27,2022-12-07,3,5161,121,1,0,0,0
27,2022-12-08,4,4946,111,1,0,0,0
27,2022-12-09,5,5209,106,1,0,0,0
27,2022-12-10,6,9871,218,1,1,0,0
27,2022-12-11,7,5867,129,1,0,0,0
27,2022-12-12,1,4934,110,1,0,0,0
27,2022-12-13,2,4764,97,1,0,0,0
27,2022-12-14,3,4922,106,1,0,0,0
27,2022-12-15,4,6237,145,1,1,0,0
27,2022-12-16,5,6826,140,1,1,0,0
27,2022-12-17,6,8038,156,1,0,0,0
27,2022-12-18,7,6832,139,1,1,0,0
27,2022-12-19,1,4720,95,1,0,0,0
27,2022-12-20,2,5636,124,1,1,0,0
27,2022-12-21,3,5062,119,1,0,0,0
27,2022-12-22,4,4991,110,1,0,0,0
27,2022-12-23,5,6867,166,1,1,0,0
27,2022-12-24,6,7479,163,1,0,0,0
27,2022-12-25,7,0,0,0,1,a,0
27,2022-12-26,1,4632,99,1,0,0,0
27,2022-12-27,2,4360,96,1,0,0,0
27,2022-12-28,3,4959,110,1,0,0,0
27,2022-12-29,4,5319,119,1,0,0,0
27,2022-12-30,5,5584,137,1,0,0,0
27,2022-12-31,6,7489,158,1,0,0,0
27,2023-01-01,7,0,0,0,0,a,0
27,2023-01-02,1,6776,136,1,1,0,0
27,2023-01-03,2,4881,101,1,0,0,0
27,2023-01-04,3,6040,126,1,1,0,0
27,2023-01-05,4,4922,99,1,0,0,0
27,2023-01-06,5,5731,122,1,0,0,0
27,2023-01-07,6,7516,164,1,0,0,0
27,2023-01-08,7,0,0,0,1,0,0
27,2023-01-09,1,4853,119,1,0,0,0
27,2023-01-10,2,4920,122,1,0,0,0
27,2023-01-11,3,6304,128,1,1,0,0
27,2023-01-12,4,5283,108,1,0,0,0
27,2023-01-13,5,7608,162,1,1,0,0
27,2023-01-14,6,6152,148,1,0,0,0
27,2023-01-15,7,6002,132,1,0,0,0
27,2023-01-16,1,4287,93,1,0,0,0
27,2023-01-17,2,4741,111,1,0,0,0
27,2023-01-18,3,6615,178,1,1,0,0
27,2023-01-19,4,6374,124,1,1,0,0
27,2023-01-20,5,5409,114,1,0,0,0
27,2023-01-21,6,9498,202,1,1,0,0
27,2023-01-22,7,5989,107,1,0,0,0
27,2023-01-23,1,4913,104,1,0,0,0
27,2023-01-24,2,5273,105,1,0,0,0
27,2023-01-25,3,4603,110,1,0,0,0
27,2023-01-26,4,4978,101,1,0,0,0
27,2023-01-27,5,5791,124,1,0,0,0
27,2023-01-28,6,7755,190,1,0,0,0
27,2023-01-29,7,7089,160,1,1,0,0
27,2023-01-30,1,5969,126,1,1,0,0
27,2023-01-31,2,4752,92,1,0,0,0
27,2023-02-01,3,4948,105,1,0,0,0
27,2023-02-02,4,5330,120,1,0,0,0
27,2023-02-03,5,7099,157,1,1,0,0
27,2023-02-04,6,7560,171,1,0,0,0
27,2023-02-05,7,5609,128,1,0,0,0
27,2023-02-06,1,6149,128,1,1,0,0
27,2023-02-07,2,4785,103,1,0,0,0
27,2023-02-08,3,5206,109,1,0,0,0
27,2023-02-09,4,5809,135,1,0,0,0
27,2023-02-10,5,5976,120,1,0,0,0
27,2023-02-11,6,8846,175,1,1,0,0
27,2023-02-12,7,6167,150,1,0,0,0
27,2023-02-13,1,4880,116,1,0,0,0
27,2023-02-14,2,4704,110,1,0,0,0
27,2023-02-15,3,4871,105,1,0,0,0
27,2023-02-16,4,5018,113,1,0,0,0
27,2023-02-17,5,5386,116,1,0,0,0
27,2023-02-18,6,6872,140,1,0,0,0
27,2023-02-19,7,0,0,0,0,0,0
27,2023-02-20,1,4813,101,1,0,0,0
27,2023-02-21,2,4837,92,1,0,0,0
27,2023-02-22,3,5993,139,1,1,0,0
27,2023-02-23,4,5327,115,1,0,0,0
27,2023-02-24,5,6902,153,1,1,0,0
27,2023-02-25,6,6868,169,1,0,0,0
27,2023-02-26,7,0,0,0,1,0,0
27,2023-02-27,1,4960,126,1,0,0,0
27,2023-02-28,2,4726,105,1,0,0,0
27,2023-03-01,3,4973,112,1,0,0,0
27,2023-03-02,4,5093,114,1,0,0,0
27,2023-03-03,5,7343,156,1,1,0,0
27,2023-03-04,6,6802,147,1,0,0,0
27,2023-03-05,7,5467,118,1,0,0,0
27,2023-03-06,1,6182,130,1,1,0,0
27,2023-03-07,2,4391,109,1,0,0,0
27,2023-03-08,3,4550,104,1,0,0,0
27,2023-03-09,4,5429,131,1,0,0,0
27,2023-03-10,5,5791,124,1,0,0,0
27,2023-03-11,6,9315,222,1,1,0,0
27,2023-03-12,7,5683,144,1,0,0,0
27,2023-03-13,1,5269,125,1,0,0,0
27,2023-03-14,2,5060,110,1,0,0,0
27,2023-03-15,3,4696,113,1,0,0,0
27,2023-03-16,4,5175,119,1,0,0,0
27,2023-03-17,5,5635,151,1,0,0,0
27,2023-03-18,6,7382,165,1,0,0,0
27,2023-03-19,7,7947,193,1,1,0,0
27,2023-03-20,1,4841,100,1,0,0,0
27,2023-03-21,2,5063,115,1,0,0,0
27,2023-03-22,3,4610,107,1,0,0,0
27,2023-03-23,4,6315,154,1,1,0,0
27,2023-03-24,5,5647,124,1,0,0,0
27,2023-03-25,6,9013,154,1,1,0,0
27,2023-03-26,7,0,0,0,1,0,0
27,2023-03-27,1,6228,126,1,1,0,0
27,2023-03-28,2,4890,115,1,0,0,0
27,2023-03-29,3,5279,112,1,0,0,0
27,2023-03-30,4,5413,120,1,0,0,0
27,2023-03-31,5,6674,156,1,1,0,0
27,2023-04-01,6,9349,189,1,1,0,0
27,2023-04-02,7,7332,172,1,1,0,0
27,2023-04-03,1,5154,113,1,0,0,0
27,2023-04-04,2,5156,115,1,0,0,0
27,2023-04-05,3,5277,119,1,0,0,0
27,2023-04-06,4,5729,111,1,0,0,0
27,2023-04-07,5,6000,146,1,0,0,0
27,2023-04-08,6,7808,178,1,0,0,0
27,2023-04-09,7,7275,159,1,1,0,0
27,2023-04-10,1,4954,102,1,0,0,0
27,2023-04-11,2,6273,147,1,1,0,0
27,2023-04-12,3,6432,152,1,1,0,0
27,2023-04-13,4,5000,103,1,0,0,0
27,2023-04-14,5,5525,122,1,0,0,0
27,2023-04-15,6,12194,216,1,0,0,0
27,2023-04-16,7,11131,259,1,0,0,0
27,2023-04-17,1,8482,203,1,0,0,0
27,2023-04-18,2,9040,207,1,0,0,0
27,2023-04-19,3,11847,228,1,1,0,0
27,2023-04-20,4,9552,197,1,0,0,0
27,2023-04-21,5,10650,216,1,0,0,0
27,2023-04-22,6,0,0,0,1,b,0
27,2023-04-23,7,0,0,0,0,b,0
27,2023-04-24,1,4422,114,1,0,0,0
27,2023-04-25,2,6299,137,1,1,0,0
27,2023-04-26,3,5214,102,1,0,0,0
27,2023-04-27,4,5335,100,1,0,0,0
27,2023-04-28,5,7437,157,1,1,0,0
27,2023-04-29,6,7356,137,1,0,0,0
27,2023-04-30,7,5362,123,1,0,0,0
27,2023-05-01,1,4834,119,1,0,0,0
27,2023-05-02,2,4430,107,1,0,0,0
27,2023-05-03,3,5847,141,1,1,0,0
27,2023-05-04,4,6935,181,1,1,0,0
27,2023-05-05,5,5663,130,1,0,0,0
27,2023-05-06,6,9485,206,1,1,0,0
27,2023-05-07,7,0,0,0,1,0,0
27,2023-05-08,1,5328,97,1,0,0,0
27,2023-05-09,2,4902,99,1,0,0,0
27,2023-05-10,3,4955,105,1,0,0,0
27,2023-05-11,4,5666,135,1,0,0,0
27,2023-05-12,5,5686,114,1,0,0,0
27,2023-05-13,6,7656,164,1,0,0,0
27,2023-05-14,7,6264,145,1,0,0,0
27,2023-05-15,1,5864,136,1,1,0,0
27,2023-05-16,2,6397,135,1,1,0,0
27,2023-05-17,3,5462,117,1,0,0,0
27,2023-05-18,4,6231,131,1,1,0,0
27,2023-05-19,5,5850,155,1,0,0,0
27,2023-05-20,6,8016,189,1,0,0,0
27,2023-05-21,7,5625,118,1,0,0,0
27,2023-05-22,1,6460,147,1,1,0,0
27,2023-05-23,2,5743,124,1,1,0,0
27,2023-05-24,3,6303,127,1,1,0,0
27,2023-05-25,4,6546,161,1,1,0,0
27,2023-05-26,5,5507,118,1,0,0,0
27,2023-05-27,6,8978,190,1,1,0,0
27,2023-05-28,7,6111,129,1,0,0,0
27,2023-05-29,1,5365,99,1,0,0,0
27,2023-05-30,2,5027,110,1,0,0,0
27,2023-05-31,3,4712,112,1,0,0,0
27,2023-06-01,4,5425,119,1,0,0,1
27,2023-06-02,5,5873,134,1,0,0,1
27,2023-06-03,6,7299,169,1,0,0,1
27,2023-06-04,7,1111,27,1,0,0,1
27,2023-06-05,1,5153,112,1,0,0,1
27,2023-06-06,2,4531,99,1,0,0,1
27,2023-06-07,3,4975,108,1,0,0,1
27,2023-06-08,4,6258,141,1,1,0,1
27,2023-06-09,5,7046,145,1,1,0,1
27,2023-06-10,6,7675,183,1,0,0,1
27,2023-06-11,7,7711,168,1,1,0,1
27,2023-06-12,1,5205,129,1,0,0,1
27,2023-06-13,2,4370,101,1,0,0,1
27,2023-06-14,3,5081,109,1,0,0,1
27,2023-06-15,4,5291,117,1,0,0,1
27,2023-06-16,5,5399,125,1,0,0,1
27,2023-06-17,6,7303,185,1,0,0,1
27,2023-06-18,7,0,0,0,0,0,1
27,2023-06-19,1,5125,126,1,0,0,1
27,2023-06-20,2,6274,148,1,1,0,1
27,2023-06-21,3,4651,109,1,0,0,1
27,2023-06-22,4,6451,150,1,1,0,1
27,2023-06-23,5,5440,113,1,0,0,1
27,2023-06-24,6,9467,227,1,1,0,1
27,2023-06-25,7,6041,146,1,0,0,1
27,2023-06-26,1,6119,154,1,1,0,1
27,2023-06-27,2,7155,161,1,1,0,1
27,2023-06-28,3,4896,112,1,0,0,1
27,2023-06-29,4,5333,126,1,0,0,1
27,2023-06-30,5,6042,135,1,0,0,1
27,2023-07-01,6,9655,207,1,1,0,1
27,2023-07-02,7,6364,150,1,0,0,1
27,2023-07-03,1,5151,114,1,0,0,1
27,2023-07-04,2,4868,115,1,0,0,1
27,2023-07-05,3,5179,108,1,0,0,1
27,2023-07-06,4,5171,110,1,0,0,1
27,2023-07-07,5,7114,172,1,1,0,1
27,2023-07-08,6,7100,175,1,0,0,1
27,2023-07-09,7,8049,196,1,1,0,1
27,2023-07-10,1,5350,122,1,0,0,1
27,2023-07-11,2,4813,112,1,0,0,1
27,2023-07-12,3,5165,122,1,0,0,1
27,2023-07-13,4,7230,134,1,1,0,1
27,2023-07-14,5,6253,133,1,0,0,1
27,2023-07-15,6,7953,197,1,0,0,1
27,2023-07-16,7,0,0,0,0,0,1
27,2023-07-17,1,4919,95,1,0,0,1
27,2023-07-18,2,6048,134,1,1,0,1
27,2023-07-19,3,5255,111,1,0,0,1
27,2023-07-20,4,5482,126,1,0,0,1
27,2023-07-21,5,5643,130,1,0,0,1
27,2023-07-22,6,8102,162,1,0,0,1
27,2023-07-23,7,0,0,0,0,0,1
27,2023-07-24,1,5289,108,1,0,0,1
27,2023-07-25,2,5349,124,1,0,0,1
27,2023-07-26,3,5368,125,1,0,0,1
27,2023-07-27,4,5447,131,1,0,0,1
27,2023-07-28,5,5955,135,1,0,0,1
27,2023-07-29,6,7518,171,1,0,0,1
27,2023-07-30,7,6224,116,1,0,0,1
27,2023-07-31,1,4830,101,1,0,0,1
27,2023-08-01,2,4962,128,1,0,0,0
27,2023-08-02,3,6133,124,1,1,0,0
27,2023-08-03,4,5167,109,1,0,0,0
27,2023-08-04,5,6316,121,1,0,0,0
27,2023-08-05,6,8104,184,1,0,0,0
27,2023-08-06,7,5975,129,1,0,0,0
27,2023-08-07,1,6657,143,1,1,0,0
27,2023-08-08,2,4845,101,1,0,0,0
27,2023-08-09,3,5046,117,1,0,0,0
27,2023-08-10,4,5766,138,1,0,0,0
27,2023-08-11,5,7042,156,1,1,0,0
27,2023-08-12,6,8724,172,1,1,0,0
27,2023-08-13,7,0,0,0,0,0,0
27,2023-08-14,1,6198,157,1,1,0,0
27,2023-08-15,2,4906,103,1,0,0,0
27,2023-08-16,3,4778,120,1,0,0,0
27,2023-08-17,4,5495,124,1,0,a,0
27,2023-08-18,5,6536,142,1,0,0,0
27,2023-08-19,6,7793,164,1,0,0,0
27,2023-08-20,7,7735,181,1,1,0,0
27,2023-08-21,1,5292,112,1,0,0,0
27,2023-08-22,2,5027,109,1,0,0,0
27,2023-08-23,3,5252,112,1,0,0,0
27,2023-08-24,4,5387,116,1,0,0,0
27,2023-08-25,5,6045,126,1,0,0,0
27,2023-08-26,6,7532,174,1,0,0,0
27,2023-08-27,7,5757,128,1,0,0,0
27,2023-08-28,1,5603,113,1,0,0,0
27,2023-08-29,2,5149,107,1,0,0,0
27,2023-08-30,3,5061,100,1,0,0,0
27,2023-08-31,4,5513,134,1,0,0,0
27,2023-09-01,5,5651,128,1,0,0,0
27,2023-09-02,6,7849,173,1,0,0,0
27,2023-09-03,7,6511,140,1,0,0,0
27,2023-09-04,1,5403,117,1,0,0,0
27,2023-09-05,2,6459,146,1,1,0,0
27,2023-09-06,3,6505,153,1,1,0,0
27,2023-09-07,4,7131,176,1,1,0,0
27,2023-09-08,5,5834,140,1,0,0,0
27,2023-09-09,6,7830,181,1,0,0,0
27,2023-09-10,7,6059,108,1,0,0,0
27,2023-09-11,1,5205,119,1,0,0,0
27,2023-09-12,2,5409,135,1,0,0,0
27,2023-09-13,3,6833,159,1,1,0,0
27,2023-09-14,4,5686,128,1,0,0,0
27,2023-09-15,5,6344,122,1,0,0,0
27,2023-09-16,6,7701,160,1,0,0,0
27,2023-09-17,7,6023,114,1,0,0,0
27,2023-09-18,1,4677,99,1,0,0,0
27,2023-09-19,2,4768,100,1,0,0,0
27,2023-09-20,3,5302,118,1,0,0,0
27,2023-09-21,4,6114,136,1,1,0,0
27,2023-09-22,5,6072,135,1,0,0,0
27,2023-09-23,6,9915,224,1,1,0,0
27,2023-09-24,7,5815,142,1,0,0,0
27,2023-09-25,1,5390,146,1,0,0,0
27,2023-09-26,2,4943,115,1,0,0,0
27,2023-09-27,3,6060,147,1,1,0,0
27,2023-09-28,4,4992,112,1,0,0,0
27,2023-09-29,5,6012,133,1,0,0,0
27,2023-09-30,6,7786,173,1,0,0,0
27,2023-10-01,7,6314,144,1,0,0,0
27,2023-10-02,1,5439,122,1,0,0,0
27,2023-10-03,2,6342,151,1,1,0,0
27,2023-10-04,3,5135,118,1,0,0,0
27,2023-10-05,4,5375,126,1,0,0,0
27,2023-10-06,5,7957,161,1,1,0,0
27,2023-10-07,6,9164,193,1,1,0,0
27,2023-10-08,7,6380,145,1,0,0,0
27,2023-10-09,1,5233,103,1,0,0,0
27,2023-10-10,2,5325,103,1,0,0,0
27,2023-10-11,3,6659,152,1,1,0,0
27,2023-10-12,4,6512,163,1,1,0,0
27,2023-10-13,5,7633,163,1,1,0,0
27,2023-10-14,6,8058,165,1,0,0,0
27,2023-10-15,7,6384,141,1,0,0,0
27,2023-10-16,1,5473,119,1,0,0,0
27,2023-10-17,2,4743,88,1,0,0,0
27,2023-10-18,3,6580,137,1,1,0,0
27,2023-10-19,4,5482,112,1,0,0,0
27,2023-10-20,5,6292,155,1,0,0,0
27,2023-10-21,6,10177,225,1,1,0,0
27,2023-10-22,7,0,0,0,0,0,0
27,2023-10-23,1,5103,107,1,0,0,0
27,2023-10-24,2,6413,136,1,1,0,0
27,2023-10-25,3,6264,131,1,1,0,0
27,2023-10-26,4,6694,145,1,1,0,0
27,2023-10-27,5,6241,154,1,0,0,0
27,2023-10-28,6,7942,176,1,0,0,0
27,2023-10-29,7,0,0,0,0,0,0
27,2023-10-30,1,5002,117,1,0,0,0
27,2023-10-31,2,4887,108,1,0,0,0
27,2023-11-01,3,6411,135,1,1,0,0
27,2023-11-02,4,5539,121,1,0,0,0
27,2023-11-03,5,6443,137,1,0,0,0
27,2023-11-04,6,10417,253,1,1,0,0
27,2023-11-05,7,7596,174,1,1,0,0
27,2023-11-06,1,5300,140,1,0,0,0
27,2023-11-07,2,6463,141,1,1,0,0
27,2023-11-08,3,6735,153,1,1,0,0
27,2023-11-09,4,6548,155,1,1,0,0
27,2023-11-10,5,7328,154,1,1,0,0
27,2023-11-11,6,9955,222,1,1,0,0
27,2023-11-12,7,6258,145,1,0,0,0
27,2023-11-13,1,5246,135,1,0,0,0
27,2023-11-14,2,4848,109,1,0,0,0
27,2023-11-15,3,5210,128,1,0,0,0
27,2023-11-16,4,5148,107,1,0,0,0
27,2023-11-17,5,6179,131,1,0,0,0
27,2023-11-18,6,7705,165,1,0,0,0
27,2023-11-19,7,8095,207,1,1,0,0
27,2023-11-20,1,6418,154,1,1,0,0
27,2023-11-21,2,5176,119,1,0,0,0
27,2023-11-22,3,5832,141,1,0,0,0
27,2023-11-23,4,6725,132,1,1,0,0
27,2023-11-24,5,7822,170,1,1,0,0
27,2023-11-25,6,9495,216,1,1,0,0
27,2023-11-26,7,0,0,0,1,0,0
27,2023-11-27,1,6703,126,1,1,0,0
27,2023-11-28,2,5196,104,1,0,0,0
27,2023-11-29,3,5543,127,1,0,0,0
27,2023-11-30,4,7248,170,1,1,0,0
27,2023-12-01,5,6321,140,1,0,0,0
27,2023-12-02,6,10287,208,1,1,0,0
27,2023-12-03,7,0,0,0,0,0,0
27,2023-12-04,1,6320,141,1,1,0,0
27,2023-12-05,2,5337,117,1,0,0,0
27,2023-12-06,3,5264,148,1,0,0,0
27,2023-12-07,4,5735,132,1,0,0,0
27,2023-12-08,5,7179,155,1,1,0,0
27,2023-12-09,6,7740,177,1,0,0,0
27,2023-12-10,7,7750,201,1,1,0,0
27,2023-12-11,1,6699,142,1,1,0,0
27,2023-12-12,2,6240,144,1,1,0,0
27,2023-12-13,3,6714,158,1,1,0,0
27,2023-12-14,4,5511,121,1,0,0,0
27,2023-12-15,5,6452,144,1,0,0,0
27,2023-12-16,6,8079,150,1,0,0,0
27,2023-12-17,7,8157,195,1,1,0,0
27,2023-12-18,1,6587,146,1,1,0,0
27,2023-12-19,2,4951,111,1,0,0,0
27,2023-12-20,3,5148,107,1,0,0,0
27,2023-12-21,4,5638,142,1,0,0,0
27,2023-12-22,5,5713,110,1,0,0,0
27,2023-12-23,6,7891,156,1,0,0,0
27,2023-12-24,7,0,0,0,0,0,0
27,2023-12-25,1,4901,110,1,0,a,0
27,2023-12-26,2,5142,103,1,0,0,0
27,2023-12-27,3,5394,128,1,0,0,0
27,2023-12-28,4,6148,130,1,0,0,0
27,2023-12-29,5,6160,139,1,0,0,0
27,2023-12-30,6,8265,187,1,0,0,0
27,2023-12-31,7,0,0,0,0,0,0
27,2024-01-01,1,5349,123,1,0,a,0
27,2024-01-02,2,963,21,1,0,0,0
27,2024-01-03,3,5011,110,1,0,0,0
27,2024-01-04,4,6942,153,1,1,0,0
27,2024-01-05,5,6254,147,1,0,0,0
27,2024-01-06,6,7549,151,1,0,0,0
27,2024-01-07,7,0,0,0,0,0,0
27,2024-01-08,1,5314,119,1,0,0,0
27,2024-01-09,2,6412,157,1,1,0,0
27,2024-01-10,3,5170,110,1,0,0,0
27,2024-01-11,4,5377,135,1,0,0,0
27,2024-01-12,5,6078,134,1,0,0,0
27,2024-01-13,6,8096,132,1,0,0,0
27,2024-01-14,7,6505,147,1,0,0,0
27,2024-01-15,1,5351,115,1,0,0,0
27,2024-01-16,2,5122,113,1,0,0,0
27,2024-01-17,3,5191,119,1,0,0,0
27,2024-01-18,4,5510,133,1,0,0,0
27,2024-01-19,5,7411,201,1,1,0,0
27,2024-01-20,6,6752,136,1,0,0,0
27,2024-01-21,7,0,0,0,0,0,0
27,2024-01-22,1,5237,120,1,0,0,0
27,2024-01-23,2,5511,109,1,0,0,0
27,2024-01-24,3,7017,166,1,1,0,0
27,2024-01-25,4,5739,145,1,0,0,0
27,2024-01-26,5,5887,124,1,0,0,0
27,2024-01-27,6,8375,180,1,0,0,0
27,2024-01-28,7,6540,168,1,0,0,0
27,2024-01-29,1,5220,116,1,0,0,0
27,2024-01-30,2,6243,137,1,1,0,0
27,2024-01-31,3,6572,125,1,1,0,0
27,2024-02-01,4,5542,117,1,0,0,0
27,2024-02-02,5,7360,154,1,1,0,0
27,2024-02-03,6,7997,200,1,0,0,0
27,2024-02-04,7,0,0,0,1,0,0
27,2024-02-05,1,6883,155,1,1,0,0
27,2024-02-06,2,5167,114,1,0,0,0
27,2024-02-07,3,4948,100,1,0,0,0
27,2024-02-08,4,6920,184,1,1,0,0
27,2024-02-09,5,5865,146,1,0,0,0
27,2024-02-10,6,7756,174,1,0,0,0
27,2024-02-11,7,6208,159,1,0,0,0
27,2024-02-12,1,7361,146,1,1,0,0
27,2024-02-13,2,6407,150,1,1,0,0
27,2024-02-14,3,5648,103,1,0,0,0
27,2024-02-15,4,6932,136,1,1,0,0
27,2024-02-16,5,6155,122,1,0,0,0
27,2024-02-17,6,9771,229,1,1,0,0
27,2024-02-18,7,0,0,0,0,0,0
27,2024-02-19,1,993,23,1,0,0,0
27,2024-02-20,2,5321,116,1,0,0,0
27,2024-02-21,3,5445,115,1,0,0,0
27,2024-02-22,4,6016,127,1,0,0,0
27,2024-02-23,5,7709,180,1,1,0,0
27,2024-02-24,6,7909,189,1,0,0,0
27,2024-02-25,7,0,0,0,1,0,0
27,2024-02-26,1,5511,135,1,0,0,0
27,2024-02-27,2,5261,104,1,0,0,0
27,2024-02-28,3,5838,120,1,0,0,0
27,2024-02-29,4,7972,189,1,1,0,0
27,2024-03-01,5,6502,126,1,0,0,0
27,2024-03-02,6,10229,221,1,1,0,0
27,2024-03-03,7,0,0,0,1,0,0
27,2024-03-04,1,5728,145,1,0,0,0
27,2024-03-05,2,5561,124,1,0,0,0
27,2024-03-06,3,7374,162,1,1,0,0
27,2024-03-07,4,7355,155,1,1,0,0
27,2024-03-08,5,5959,142,1,0,0,0
27,2024-03-09,6,7657,177,1,0,0,0
27,2024-03-10,7,0,0,0,0,0,0
27,2024-03-11,1,5387,128,1,0,0,0
27,2024-03-12,2,5064,109,1,0,0,0
27,2024-03-13,3,5723,127,1,0,0,0
27,2024-03-14,4,5506,128,1,0,0,0
27,2024-03-15,5,6163,130,1,0,0,0
27,2024-03-16,6,10205,219,1,1,0,0
27,2024-03-17,7,8012,191,1,1,0,0
27,2024-03-18,1,6413,143,1,1,0,0
27,2024-03-19,2,5974,145,1,1,0,0
27,2024-03-20,3,5752,135,1,0,0,0
27,2024-03-21,4,6769,128,1,1,0,0
27,2024-03-22,5,7694,163,1,1,0,0
27,2024-03-23,6,9901,214,1,1,0,0
27,2024-03-24,7,5899,124,1,0,0,0
27,2024-03-25,1,5460,116,1,0,0,0
27,2024-03-26,2,5634,134,1,0,0,0
27,2024-03-27,3,5769,149,1,0,0,0
27,2024-03-28,4,6973,176,1,1,0,0
27,2024-03-29,5,6617,148,1,0,0,0
27,2024-03-30,6,9228,206,1,1,0,0
27,2024-03-31,7,0,0,0,0,0,0
27,2024-04-01,1,5194,127,1,0,0,0
27,2024-04-02,2,5528,132,1,0,0,0
27,2024-04-03,3,9942,208,1,0,0,0
27,2024-04-04,4,9633,208,1,0,0,0
27,2024-04-05,5,11471,266,1,0,0,0
27,2024-04-06,6,14573,337,1,0,0,0
27,2024-04-07,7,15022,351,1,1,0,0
27,2024-04-08,1,9329,211,1,0,0,0
27,2024-04-09,2,11186,238,1,1,0,0
27,2024-04-10,3,0,0,0,0,b,0
27,2024-04-11,4,0,0,0,0,b,0
27,2024-04-12,5,6486,148,1,0,0,0
27,2024-04-13,6,10416,221,1,1,0,0
27,2024-04-14,7,0,0,0,0,0,0
27,2024-04-15,1,5846,133,1,0,0,0
27,2024-04-16,2,6677,118,1,1,0,0
27,2024-04-17,3,5255,148,1,0,0,0
27,2024-04-18,4,5491,124,1,0,0,0
27,2024-04-19,5,7779,158,1,1,0,0
27,2024-04-20,6,8207,175,1,0,0,0
27,2024-04-21,7,7075,161,1,0,0,0
27,2024-04-22,1,5378,138,1,0,0,0
27,2024-04-23,2,5742,121,1,0,0,0
27,2024-04-24,3,6029,113,1,0,0,0
27,2024-04-25,4,5844,129,1,0,0,0
27,2024-04-26,5,8155,179,1,1,0,0
27,2024-04-27,6,7947,168,1,0,0,0
27,2024-04-28,7,7186,171,1,0,0,0
27,2024-04-29,1,6565,141,1,1,0,0
27,2024-04-30,2,5624,120,1,0,0,0
27,2024-05-01,3,6577,154,1,1,0,0
27,2024-05-02,4,7392,164,1,1,0,0
27,2024-05-03,5,6688,142,1,0,0,0
27,2024-05-04,6,8516,169,1,0,0,0
27,2024-05-05,7,8105,195,1,1,0,0
27,2024-05-06,1,6700,155,1,1,0,0
27,2024-05-07,2,5722,125,1,0,0,0
27,2024-05-08,3,5416,131,1,0,0,0
27,2024-05-09,4,5604,111,1,0,0,0
27,2024-05-10,5,6822,167,1,0,0,0
27,2024-05-11,6,8133,186,1,0,0,0
27,2024-05-12,7,6631,146,1,0,0,0
27,2024-05-13,1,7427,177,1,1,0,0
27,2024-05-14,2,5150,127,1,0,0,0
27,2024-05-15,3,6702,145,1,1,0,0
27,2024-05-16,4,5799,125,1,0,0,0
27,2024-05-17,5,6365,135,1,0,0,0
27,2024-05-18,6,7854,170,1,0,0,0
27,2024-05-19,7,0,0,0,0,0,0
27,2024-05-20,1,5454,140,1,0,0,0
27,2024-05-21,2,6684,154,1,1,0,0
27,2024-05-22,3,5573,133,1,0,0,0
27,2024-05-23,4,6820,139,1,1,0,0
27,2024-05-24,5,6104,152,1,0,0,0
27,2024-05-25,6,7537,160,1,0,0,0
27,2024-05-26,7,7050,170,1,0,0,0
27,2024-05-27,1,6824,153,1,1,0,0
27,2024-05-28,2,5604,122,1,0,0,0
27,2024-05-29,3,5457,132,1,0,0,0
27,2024-05-30,4,7621,174,1,1,0,0
27,2024-05-31,5,7323,180,1,1,0,0
27,2024-06-01,6,8595,184,1,0,0,1
27,2024-06-02,7,0,0,0,1,0,1
27,2024-06-03,1,5088,103,1,0,0,1
27,2024-06-04,2,5740,125,1,1,0,1
27,2024-06-05,3,5731,125,1,0,0,1
27,2024-06-06,4,6060,142,1,0,0,1
27,2024-06-07,5,6404,141,1,0,0,1
27,2024-06-08,6,8457,200,1,0,0,1
27,2024-06-09,7,0,0,0,0,0,1
27,2024-06-10,1,6863,166,1,1,0,1
27,2024-06-11,2,7015,160,1,1,0,1
27,2024-06-12,3,5186,108,1,0,0,1
27,2024-06-13,4,5812,131,1,0,0,1
27,2024-06-14,5,6612,167,1,0,0,1
27,2024-06-15,6,8039,190,1,0,0,1
27,2024-06-16,7,8484,181,1,1,0,1
27,2024-06-17,1,5161,115,1,0,0,1
27,2024-06-18,2,5384,111,1,0,0,1
27,2024-06-19,3,5406,117,1,0,0,1
27,2024-06-20,4,5643,137,1,0,0,1
27,2024-06-21,5,6587,128,1,0,0,1
27,2024-06-22,6,7510,157,1,0,0,1
27,2024-06-23,7,6345,125,1,0,0,1
27,2024-06-24,1,5691,114,1,0,0,1
27,2024-06-25,2,5329,112,1,0,0,1
27,2024-06-26,3,5411,118,1,0,0,1
27,2024-06-27,4,5932,136,1,0,0,1
27,2024-06-28,5,7573,166,1,1,0,1
27,2024-06-29,6,7778,181,1,0,0,1
27,2024-06-30,7,8315,182,1,1,0,1
28,2022-01-01,6,5015,133,1,0,a,0
28,2022-01-02,7,3963,101,1,0,0,0
28,2022-01-03,1,3324,76,1,0,0,0
28,2022-01-04,2,3514,84,1,0,0,0
28,2022-01-05,3,3783,92,1,1,0,0
28,2022-01-06,4,3354,90,1,0,0,0
28,2022-01-07,5,3939,110,1,0,0,0
28,2022-01-08,6,4976,137,1,1,0,0
28,2022-01-09,7,4456,107,1,0,0,0
28,2022-01-10,1,3175,90,1,0,0,0
28,2022-01-11,2,3335,90,1,0,0,0
28,2022-01-12,3,3480,87,1,0,0,0
28,2022-01-13,4,3426,84,1,0,0,0
28,2022-01-14,5,4198,102,1,0,0,0
28,2022-01-15,6,6150,171,1,1,0,0
28,2022-01-16,7,4375,115,1,1,0,0
28,2022-01-17,1,3501,80,1,0,0,0
28,2022-01-18,2,3144,75,1,0,0,0
28,2022-01-19,3,3687,100,1,0,0,0
28,2022-01-20,4,3798,100,1,0,0,0
28,2022-01-21,5,4148,114,1,0,0,0
28,2022-01-22,6,5124,131,1,1,0,0
28,2022-01-23,7,0,0,0,1,0,0
28,2022-01-24,1,3298,87,1,0,0,0
28,2022-01-25,2,3215,79,1,0,0,0
28,2022-01-26,3,3695,81,1,0,0,0
28,2022-01-27,4,3255,88,1,0,0,0
28,2022-01-28,5,4034,86,1,0,0,0
28,2022-01-29,6,5278,143,1,0,0,0
28,2022-01-30,7,0,0,0,0,0,0
28,2022-01-31,1,3480,80,1,0,0,0
28,2022-02-01,2,3393,82,1,0,0,0
28,2022-02-02,3,3767,96,1,1,0,0
28,2022-02-03,4,3780,104,1,0,0,0
28,2022-02-04,5,3856,94,1,0,0,0
28,2022-02-05,6,5376,156,1,0,0,0
28,2022-02-06,7,4183,116,1,0,0,0
28,2022-02-07,1,3682,118,1,1,0,0
28,2022-02-08,2,3289,99,1,0,0,0
28,2022-02-09,3,3560,106,1,1,0,0
28,2022-02-10,4,3527,90,1,0,0,0
28,2022-02-11,5,3749,114,1,0,0,0
28,2022-02-12,6,5175,154,1,0,0,0
28,2022-02-13,7,4351,114,1,0,0,0
28,2022-02-14,1,3485,96,1,0,0,0
28,2022-02-15,2,3535,88,1,1,0,0
28,2022-02-16,3,3438,91,1,0,0,0
28,2022-02-17,4,3649,95,1,0,0,0
28,2022-02-18,5,4045,123,1,0,0,0
28,2022-02-19,6,5536,134,1,0,0,0
28,2022-02-20,7,0,0,0,0,0,0
28,2022-02-21,1,3439,90,1,0,0,0
28,2022-02-22,2,3356,84,1,0,0,0
28,2022-02-23,3,3431,84,1,0,0,0
28,2022-02-24,4,3967,92,1,1,0,0
28,2022-02-25,5,4543,124,1,1,0,0
28,2022-02-26,6,4946,138,1,0,0,0
28,2022-02-27,7,4691,132,1,1,0,0
28,2022-02-28,1,3742,109,1,1,0,0
28,2022-03-01,2,3632,102,1,0,0,0
28,2022-03-02,3,3550,94,1,0,0,0
28,2022-03-03,4,3672,93,1,0,0,0
28,2022-03-04,5,3823,97,1,0,0,0
28,2022-03-05,6,6064,156,1,1,0,0
28,2022-03-06,7,0,0,0,1,0,0
28,2022-03-07,1,4026,112,1,1,0,0
28,2022-03-08,2,3320,92,1,0,0,0
28,2022-03-09,3,3504,79,1,0,0,0
28,2022-03-10,4,3372,86,1,0,0,0
28,2022-03-11,5,4371,107,1,0,0,0
28,2022-03-12,6,5242,135,1,0,0,0
28,2022-03-13,7,4584,124,1,0,0,0
28,2022-03-14,1,3373,81,1,0,0,0
28,2022-03-15,2,3437,90,1,0,0,0
28,2022-03-16,3,4054,105,1,1,0,0
28,2022-03-17,4,3686,98,1,0,0,0
28,2022-03-18,5,4337,110,1,1,0,0
28,2022-03-19,6,5537,128,1,1,0,0
28,2022-03-20,7,0,0,0,1,0,0
28,2022-03-21,1,4288,106,1,1,0,0
28,2022-03-22,2,3259,84,1,0,0,0
28,2022-03-23,3,3168,81,1,0,0,0
28,2022-03-24,4,4004,112,1,1,0,0
28,2022-03-25,5,4424,123,1,1,0,0
28,2022-03-26,6,5085,113,1,0,0,0
28,2022-03-27,7,4488,110,1,1,0,0
28,2022-03-28,1,3399,94,1,0,0,0
28,2022-03-29,2,3148,89,1,0,0,0
28,2022-03-30,3,3838,114,1,0,0,0
28,2022-03-31,4,3685,95,1,0,0,0
28,2022-04-01,5,4048,88,1,0,0,0
28,2022-04-02,6,5448,126,1,0,0,0
28,2022-04-03,7,4790,123,1,0,0,0
28,2022-04-04,1,3721,87,1,1,0,0
28,2022-04-05,2,3428,82,1,0,0,0
28,2022-04-06,3,3673,91,1,0,0,0
28,2022-04-07,4,3773,84,1,0,0,0
28,2022-04-08,5,4214,113,1,0,0,0
28,2022-04-09,6,5423,168,1,0,0,0
28,2022-04-10,7,4139,115,1,0,0,0
28,2022-04-11,1,4032,111,1,1,0,0
28,2022-04-12,2,3364,97,1,0,0,0
28,2022-04-13,3,3587,109,1,0,0,0
28,2022-04-14,4,4143,112,1,1,0,0
28,2022-04-15,5,4286,122,1,1,0,0
28,2022-04-16,6,5308,144,1,0,0,0
28,2022-04-17,7,4366,121,1,0,0,0
28,2022-04-18,1,3137,76,1,0,0,0
28,2022-04-19,2,3627,110,1,0,0,0
28,2022-04-20,3,3399,87,1,0,0,0
28,2022-04-21,4,4082,95,1,1,0,0
28,2022-04-22,5,4357,121,1,0,0,0
28,2022-04-23,6,5375,147,1,0,0,0
28,2022-04-24,7,4463,109,1,0,0,0
28,2022-04-25,1,7256,178,1,1,0,0
28,2022-04-26,2,5961,134,1,0,0,0
28,2022-04-27,3,6060,173,1,0,0,0
28,2022-04-28,4,6739,186,1,0,0,0
28,2022-04-29,5,7558,217,1,0,0,0
28,2022-04-30,6,10895,291,1,1,0,0
28,2022-05-01,7,0,0,0,0,0,0
28,2022-05-02,1,0,0,0,0,b,0
28,2022-05-03,2,0,0,0,0,b,0
28,2022-05-04,3,3502,88,1,1,0,0
28,2022-05-05,4,3908,113,1,0,0,0
28,2022-05-06,5,4270,107,1,1,0,0
28,2022-05-07,6,4986,130,1,0,0,0
28,2022-05-08,7,0,0,0,0,0,0
28,2022-05-09,1,3495,83,1,0,0,0
28,2022-05-10,2,3365,86,1,0,0,0
28,2022-05-11,3,3694,108,1,1,0,0
28,2022-05-12,4,4139,131,1,1,0,0
28,2022-05-13,5,4231,93,1,0,0,0
28,2022-05-14,6,5142,132,1,0,0,0
28,2022-05-15,7,0,0,0,0,0,0
28,2022-05-16,1,4153,116,1,1,0,0
28,2022-05-17,2,3365,88,1,0,0,0
28,2022-05-18,3,3515,94,1,0,0,0
28,2022-05-19,4,3681,102,1,0,0,0
28,2022-05-20,5,3913,98,1,0,0,0
28,2022-05-21,6,6135,170,1,1,0,0
28,2022-05-22,7,4872,125,1,1,0,0
28,2022-05-23,1,3583,107,1,0,0,0
28,2022-05-24,2,3816,95,1,0,0,0
28,2022-05-25,3,3452,92,1,0,0,0
28,2022-05-26,4,4324,103,1,1,0,0
28,2022-05-27,5,3631,86,1,0,0,0
28,2022-05-28,6,5422,133,1,0,0,0
28,2022-05-29,7,0,0,0,0,0,0
28,2022-05-30,1,3320,89,1,0,0,0
28,2022-05-31,2,3709,104,1,0,0,0
28,2022-06-01,3,3336,90,1,0,0,1
28,2022-06-02,4,4495,132,1,1,0,1
28,2022-06-03,5,3998,96,1,0,0,1
28,2022-06-04,6,5068,136,1,0,0,1
28,2022-06-05,7,0,0,0,0,0,1
28,2022-06-06,1,3516,96,1,0,0,1
28,2022-06-07,2,3407,95,1,0,0,1
28,2022-06-08,3,3581,110,1,0,0,1
28,2022-06-09,4,3767,86,1,0,0,1
28,2022-06-10,5,4149,126,1,0,0,1
28,2022-06-11,6,5274,147,1,0,0,1
28,2022-06-12,7,0,0,0,0,0,1
28,2022-06-13,1,3952,115,1,1,0,1
28,2022-06-14,2,3504,86,1,0,0,1
28,2022-06-15,3,3656,103,1,0,0,1
28,2022-06-16,4,3715,86,1,0,0,1
28,2022-06-17,5,3965,93,1,0,0,1
28,2022-06-18,6,5832,154,1,1,0,1
28,2022-06-19,7,4246,115,1,0,0,1
28,2022-06-20,1,3475,87,1,1,0,1
28,2022-06-21,2,3618,85,1,0,0,1
28,2022-06-22,3,4016,94,1,1,0,1
28,2022-06-23,4,4090,86,1,1,0,1
28,2022-06-24,5,4223,124,1,0,0,1
28,2022-06-25,6,5602,144,1,1,0,1
28,2022-06-26,7,0,0,0,0,0,1
28,2022-06-27,1,4117,93,1,1,0,1
28,2022-06-28,2,3577,81,1,1,0,1
28,2022-06-29,3,3846,83,1,1,0,1
28,2022-06-30,4,3855,100,1,0,0,1
28,2022-07-01,5,4591,125,1,1,0,1
28,2022-07-02,6,5297,136,1,0,0,1
28,2022-07-03,7,4416,107,1,0,0,1
28,2022-07-04,1,3205,86,1,0,0,1
28,2022-07-05,2,3629,94,1,1,0,1
28,2022-07-06,3,3508,95,1,0,0,1
28,2022-07-07,4,3878,90,1,0,0,1
28,2022-07-08,5,3685,97,1,0,0,1
28,2022-07-09,6,5360,146,1,0,0,1
28,2022-07-10,7,0,0,0,1,0,1
28,2022-07-11,1,4024,105,1,1,0,1
28,2022-07-12,2,3605,93,1,0,0,1
28,2022-07-13,3,3931,103,1,0,0,1
28,2022-07-14,4,3523,99,1,0,0,1
28,2022-07-15,5,3968,108,1,0,0,1
28,2022-07-16,6,5334,136,1,0,0,1
28,2022-07-17,7,0,0,0,0,0,1
28,2022-07-18,1,3627,99,1,0,0,1
28,2022-07-19,2,3490,90,1,0,0,1
28,2022-07-20,3,3852,116,1,0,0,1
28,2022-07-21,4,3675,96,1,0,0,1
28,2022-07-22,5,4388,108,1,0,0,1
28,2022-07-23,6,5793,165,1,0,0,1
28,2022-07-24,7,0,0,0,1,0,1
28,2022-07-25,1,3280,86,1,0,0,1
28,2022-07-26,2,3503,95,1,0,0,1
28,2022-07-27,3,3936,115,1,0,0,1
28,2022-07-28,4,4234,114,1,1,0,1
28,2022-07-29,5,4254,111,1,1,0,1
28,2022-07-30,6,6248,174,1,1,0,1
28,2022-07-31,7,4526,121,1,0,0,1
28,2022-08-01,1,3740,93,1,0,0,0
28,2022-08-02,2,4050,110,1,1,0,0
28,2022-08-03,3,3544,88,1,0,0,0
28,2022-08-04,4,4358,125,1,1,0,0
28,2022-08-05,5,4026,105,1,0,0,0
28,2022-08-06,6,5034,110,1,0,0,0
28,2022-08-07,7,4598,122,1,1,0,0
28,2022-08-08,1,3692,101,1,0,0,0
28,2022-08-09,2,3419,103,1,0,0,0
28,2022-08-10,3,3919,95,1,0,0,0
28,2022-08-11,4,4378,116,1,1,0,0
28,2022-08-12,5,4308,105,1,0,0,0
28,2022-08-13,6,5730,142,1,0,0,0
28,2022-08-14,7,4112,87,1,0,0,0
28,2022-08-15,1,4121,104,1,1,0,0
28,2022-08-16,2,3957,103,1,1,0,0
28,2022-08-17,3,3424,98,1,0,a,0
28,2022-08-18,4,3641,110,1,0,0,0
28,2022-08-19,5,4142,103,1,0,0,0
28,2022-08-20,6,5319,142,1,0,0,0
28,2022-08-21,7,0,0,0,1,0,0
28,2022-08-22,1,3471,100,1,0,0,0
28,2022-08-23,2,3762,100,1,0,0,0
28,2022-08-24,3,3437,94,1,0,0,0
28,2022-08-25,4,3556,100,1,0,0,0
28,2022-08-26,5,3986,120,1,0,0,0
28,2022-08-27,6,5209,115,1,0,0,0
28,2022-08-28,7,4651,117,1,1,0,0
28,2022-08-29,1,3889,105,1,0,0,0
28,2022-08-30,2,3394,82,1,0,0,0
28,2022-08-31,3,3647,102,1,0,0,0
28,2022-09-01,4,3906,98,1,1,0,0
28,2022-09-02,5,4092,108,1,0,0,0
28,2022-09-03,6,6106,176,1,1,0,0
28,2022-09-04,7,4996,115,1,1,0,0
28,2022-09-05,1,4149,118,1,1,0,0
28,2022-09-06,2,3340,75,1,0,0,0
28,2022-09-07,3,3553,98,1,0,0,0
28,2022-09-08,4,3952,106,1,0,0,0
28,2022-09-09,5,4193,102,1,0,0,0
28,2022-09-10,6,5921,168,1,1,0,0
28,2022-09-11,7,4530,105,1,0,0,0
28,2022-09-12,1,3781,108,1,0,0,0
28,2022-09-13,2,3399,88,1,0,0,0
28,2022-09-14,3,4030,98,1,1,0,0
28,2022-09-15,4,3781,106,1,0,0,0
28,2022-09-16,5,4002,103,1,0,0,0
28,2022-09-17,6,5490,137,1,0,0,0
28,2022-09-18,7,4718,129,1,1,0,0
28,2022-09-19,1,3607,96,1,0,0,0
28,2022-09-20,2,3643,103,1,0,0,0
28,2022-09-21,3,3739,88,1,0,0,0
28,2022-09-22,4,4006,105,1,1,0,0
28,2022-09-23,5,4256,126,1,0,0,0
28,2022-09-24,6,6001,178,1,1,0,0
28,2022-09-25,7,0,0,0,0,0,0
28,2022-09-26,1,3458,89,1,0,0,0
28,2022-09-27,2,3562,108,1,0,0,0
28,2022-09-28,3,3438,77,1,0,0,0
28,2022-09-29,4,3614,92,1,0,0,0
28,2022-09-30,5,3950,106,1,0,0,0
28,2022-10-01,6,780,20,1,0,0,0
28,2022-10-02,7,0,0,0,0,0,0
28,2022-10-03,1,3813,102,1,0,0,0
28,2022-10-04,2,4015,105,1,1,0,0
28,2022-10-05,3,4302,115,1,1,0,0
28,2022-10-06,4,3708,104,1,0,0,0
28,2022-10-07,5,3803,99,1,0,0,0
28,2022-10-08,6,5803,158,1,1,0,0
28,2022-10-09,7,5150,122,1,1,0,0
28,2022-10-10,1,3911,112,1,1,0,0
28,2022-10-11,2,3543,99,1,0,0,0
28,2022-10-12,3,3670,93,1,0,0,0
28,2022-10-13,4,3965,110,1,0,0,0
28,2022-10-14,5,4412,122,1,0,0,0
28,2022-10-15,6,5025,134,1,0,0,0
28,2022-10-16,7,3900,104,1,0,0,0
28,2022-10-17,1,3752,106,1,0,0,0
28,2022-10-18,2,3516,94,1,0,0,0
28,2022-10-19,3,3838,87,1,0,0,0
28,2022-10-20,4,3784,110,1,0,0,0
28,2022-10-21,5,4789,115,1,1,0,0
28,2022-10-22,6,5962,143,1,1,0,0
28,2022-10-23,7,4288,115,1,0,0,0
28,2022-10-24,1,3924,108,1,1,0,0
28,2022-10-25,2,3530,92,1,0,0,0
28,2022-10-26,3,3836,98,1,0,0,0
28,2022-10-27,4,4193,122,1,1,0,0
28,2022-10-28,5,4023,105,1,0,0,0
28,2022-10-29,6,5922,170,1,0,0,0
28,2022-10-30,7,0,0,0,0,0,0
28,2022-10-31,1,3894,102,1,0,0,0
28,2022-11-01,2,3371,74,1,0,0,0
28,2022-11-02,3,3682,111,1,0,0,0
28,2022-11-03,4,3889,106,1,0,0,0
28,2022-11-04,5,4838,127,1,1,0,0
28,2022-11-05,6,4960,130,1,0,0,0
28,2022-11-06,7,4049,106,1,0,0,0
28,2022-11-07,1,3532,86,1,0,0,0
28,2022-11-08,2,4037,114,1,1,0,0
28,2022-11-09,3,3971,117,1,1,0,0
28,2022-11-10,4,4218,97,1,1,0,0
28,2022-11-11,5,4277,106,1,0,0,0
28,2022-11-12,6,5259,149,1,0,0,0
28,2022-11-13,7,0,0,0,0,0,0
28,2022-11-14,1,3514,102,1,0,0,0
28,2022-11-15,2,3209,91,1,0,0,0
28,2022-11-16,3,3915,112,1,1,0,0
28,2022-11-17,4,3704,100,1,0,0,0
28,2022-11-18,5,4742,133,1,1,0,0
28,2022-11-19,6,5558,151,1,0,0,0
28,2022-11-20,7,5072,145,1,1,0,0
28,2022-11-21,1,4010,107,1,0,0,0
28,2022-11-22,2,3949,112,1,1,0,0
28,2022-11-23,3,3907,92,1,0,0,0
28,2022-11-24,4,4165,120,1,1,0,0
28,2022-11-25,5,4343,117,1,0,0,0
28,2022-11-26,6,5410,144,1,0,0,0
28,2022-11-27,7,0,0,0,0,0,0
28,2022-11-28,1,3703,97,1,0,0,0
28,2022-11-29,2,3768,107,1,0,0,0
28,2022-11-30,3,4120,98,1,1,0,0
28,2022-12-01,4,3868,98,1,0,0,0
28,2022-12-02,5,4791,119,1,1,0,0
28,2022-12-03,6,5758,142,1,0,0,0
28,2022-12-04,7,0,0,0,0,0,0
28,2022-12-05,1,3724,89,1,0,0,0
28,2022-12-06,2,3694,88,1,1,0,0
28,2022-12-07,3,4009,100,1,0,0,0
28,2022-12-08,4,3952,105,1,0,0,0
28,2022-12-09,5,4560,128,1,0,0,0
28,2022-12-10,6,5065,137,1,0,0,0
28,2022-12-11,7,0,0,0,0,0,0
28,2022-12-12,1,3846,96,1,0,0,0
28,2022-12-13,2,3857,95,1,0,0,0
28,2022-12-14,3,3835,99,1,0,0,0
28,2022-12-15,4,4191,111,1,1,0,0
28,2022-12-16,5,4246,104,1,0,0,0
28,2022-12-17,6,5771,118,1,1,0,0
28,2022-12-18,7,4841,104,1,0,0,0
28,2022-12-19,1,3812,102,1,0,0,0
28,2022-12-20,2,3578,101,1,0,0,0
28,2022-12-21,3,3878,93,1,0,0,0
28,2022-12-22,4,3878,102,1,0,0,0
28,2022-12-23,5,4246,127,1,0,0,0
28,2022-12-24,6,5335,149,1,0,0,0
28,2022-12-25,7,4352,114,1,0,a,0
28,2022-12-26,1,3768,101,1,0,0,0
28,2022-12-27,2,3806,102,1,0,0,0
28,2022-12-28,3,4090,107,1,1,0,0
28,2022-12-29,4,4127,96,1,1,0,0
28,2022-12-30,5,4524,118,1,0,0,0
28,2022-12-31,6,6134,158,1,1,0,0
28,2023-01-01,7,0,0,0,1,a,0
28,2023-01-02,1,3574,97,1,0,0,0
28,2023-01-03,2,3708,94,1,0,0,0
28,2023-01-04,3,4003,111,1,1,0,0
28,2023-01-05,4,3923,109,1,0,0,0
28,2023-01-06,5,4057,112,1,0,0,0
28,2023-01-07,6,5449,133,1,0,0,0
28,2023-01-08,7,0,0,0,1,0,0
28,2023-01-09,1,3831,92,1,1,0,0
28,2023-01-10,2,3492,103,1,0,0,0
28,2023-01-11,3,4357,119,1,1,0,0
28,2023-01-12,4,4002,115,1,0,0,0
28,2023-01-13,5,4778,124,1,0,0,0
28,2023-01-14,6,5407,125,1,0,0,0
28,2023-01-15,7,5251,129,1,1,0,0
28,2023-01-16,1,4063,107,1,0,0,0
28,2023-01-17,2,3839,104,1,0,0,0
28,2023-01-18,3,4018,113,1,0,0,0
28,2023-01-19,4,3951,88,1,0,0,0
28,2023-01-20,5,4392,116,1,0,0,0
28,2023-01-21,6,5326,155,1,0,0,0
28,2023-01-22,7,4337,137,1,1,0,0
28,2023-01-23,1,3762,116,1,0,0,0
28,2023-01-24,2,3467,105,1,0,0,0
28,2023-01-25,3,3728,97,1,0,0,0
28,2023-01-26,4,3771,102,1,0,0,0
28,2023-01-27,5,4419,126,1,0,0,0
28,2023-01-28,6,6091,173,1,1,0,0
28,2023-01-29,7,0,0,0,0,0,0
28,2023-01-30,1,3955,102,1,1,0,0
28,2023-01-31,2,4049,99,1,1,0,0
28,2023-02-01,3,3779,104,1,0,0,0
28,2023-02-02,4,3883,109,1,0,0,0
28,2023-02-03,5,4340,113,1,0,0,0
28,2023-02-04,6,6028,163,1,0,0,0
28,2023-02-05,7,4759,137,1,0,0,0
28,2023-02-06,1,3652,100,1,0,0,0
28,2023-02-07,2,3543,79,1,0,0,0
28,2023-02-08,3,4040,107,1,1,0,0
28,2023-02-09,4,3970,102,1,0,0,0
28,2023-02-10,5,4033,103,1,0,0,0
28,2023-02-11,6,5552,142,1,0,0,0
28,2023-02-12,7,0,0,0,0,0,0
28,2023-02-13,1,3608,104,1,0,0,0
28,2023-02-14,2,4035,109,1,1,0,0
28,2023-02-15,3,4267,127,1,1,0,0
28,2023-02-16,4,3606,83,1,0,0,0
28,2023-02-17,5,4417,110,1,0,0,0
28,2023-02-18,6,5493,137,1,0,0,0
28,2023-02-19,7,0,0,0,0,0,0
28,2023-02-20,1,4166,106,1,1,0,0
28,2023-02-21,2,3849,105,1,1,0,0
28,2023-02-22,3,3487,113,1,0,0,0
28,2023-02-23,4,3951,104,1,0,0,0
28,2023-02-24,5,4665,130,1,0,0,0
28,2023-02-25,6,5461,138,1,0,0,0
28,2023-02-26,7,4662,134,1,0,0,0
28,2023-02-27,1,3895,108,1,0,0,0
28,2023-02-28,2,3800,104,1,0,0,0
28,2023-03-01,3,3841,101,1,0,0,0
28,2023-03-02,4,3837,109,1,0,0,0
28,2023-03-03,5,4330,120,1,0,0,0
28,2023-03-04,6,5340,156,1,0,0,0
28,2023-03-05,7,0,0,0,0,0,0
28,2023-03-06,1,3949,106,1,0,0,0
28,2023-03-07,2,4116,109,1,1,0,0
28,2023-03-08,3,3904,100,1,0,0,0
28,2023-03-09,4,4215,113,1,1,0,0
28,2023-03-10,5,4657,130,1,0,0,0
28,2023-03-11,6,5585,154,1,0,0,0
28,2023-03-12,7,0,0,0,0,0,0
28,2023-03-13,1,3989,98,1,0,0,0
28,2023-03-14,2,3553,96,1,0,0,0
28,2023-03-15,3,4106,97,1,1,0,0
28,2023-03-16,4,4187,113,1,0,0,0
28,2023-03-17,5,4581,116,1,0,0,0
28,2023-03-18,6,5758,165,1,0,0,0
28,2023-03-19,7,0,0,0,0,0,0
28,2023-03-20,1,4419,107,1,1,0,0
28,2023-03-21,2,3938,109,1,1,0,0
28,2023-03-22,3,3749,99,1,0,0,0
28,2023-03-23,4,3948,102,1,0,0,0
28,2023-03-24,5,4145,106,1,0,0,0
28,2023-03-25,6,6617,166,1,1,0,0
28,2023-03-26,7,0,0,0,0,0,0
28,2023-03-27,1,4306,111,1,1,0,0
28,2023-03-28,2,3556,98,1,0,0,0
28,2023-03-29,3,4465,122,1,1,0,0
28,2023-03-30,4,4280,122,1,0,0,0
28,2023-03-31,5,4135,110,1,0,0,0
28,2023-04-01,6,5361,121,1,0,0,0
28,2023-04-02,7,0,0,0,1,0,0
28,2023-04-03,1,4360,113,1,1,0,0
28,2023-04-04,2,4113,106,1,1,0,0
28,2023-04-05,3,4248,132,1,1,0,0
28,2023-04-06,4,4075,117,1,0,0,0
28,2023-04-07,5,5337,144,1,1,0,0
28,2023-04-08,6,5713,147,1,1,0,0
28,2023-04-09,7,0,0,0,0,0,0
28,2023-04-10,1,3211,69,1,0,0,0
28,2023-04-11,2,3806,109,1,0,0,0
28,2023-04-12,3,4092,100,1,0,0,0
28,2023-04-13,4,4342,102,1,1,0,0
28,2023-04-14,5,4577,110,1,0,0,0
28,2023-04-15,6,9471,239,1,0,0,0
28,2023-04-16,7,0,0,0,0,0,0
28,2023-04-17,1,7683,202,1,0,0,0
28,2023-04-18,2,6565,160,1,0,0,0
28,2023-04-19,3,7859,196,1,1,0,0
28,2023-04-20,4,7015,167,1,0,0,0
28,2023-04-21,5,8867,248,1,1,0,0
28,2023-04-22,6,0,0,0,0,b,0
28,2023-04-23,7,0,0,0,1,b,0
28,2023-04-24,1,3789,99,1,0,0,0
28,2023-04-25,2,3702,99,1,0,0,0
28,2023-04-26,3,3661,100,1,0,0,0
28,2023-04-27,4,4650,130,1,1,0,0
28,2023-04-28,5,4614,104,1,0,0,0
28,2023-04-29,6,5360,135,1,0,0,0
28,2023-04-30,7,5172,132,1,1,0,0
28,2023-05-01,1,3638,84,1,0,0,0
28,2023-05-02,2,3646,104,1,0,0,0
28,2023-05-03,3,4059,93,1,0,0,0
28,2023-05-04,4,4229,99,1,0,0,0
28,2023-05-05,5,4613,117,1,0,0,0
28,2023-05-06,6,5651,146,1,0,0,0
28,2023-05-07,7,5254,154,1,1,0,0
28,2023-05-08,1,3673,112,1,0,0,0
28,2023-05-09,2,3878,104,1,0,0,0
28,2023-05-10,3,3904,97,1,0,0,0
28,2023-05-11,4,3940,94,1,0,0,0
28,2023-05-12,5,4299,119,1,0,0,0
28,2023-05-13,6,6526,155,1,1,0,0
28,2023-05-14,7,0,0,0,1,0,0
28,2023-05-15,1,4107,117,1,1,0,0
28,2023-05-16,2,3651,100,1,0,0,0
28,2023-05-17,3,4038,100,1,1,0,0
28,2023-05-18,4,4484,125,1,1,0,0
28,2023-05-19,5,4534,113,1,0,0,0
28,2023-05-20,6,5322,155,1,0,0,0
28,2023-05-21,7,4433,110,1,0,0,0
28,2023-05-22,1,3518,101,1,0,0,0
28,2023-05-23,2,4373,108,1,1,0,0
28,2023-05-24,3,4042,114,1,0,0,0
28,2023-05-25,4,4273,118,1,0,0,0
28,2023-05-26,5,4840,120,1,0,0,0
28,2023-05-27,6,5884,178,1,0,0,0
28,2023-05-28,7,0,0,0,0,0,0
28,2023-05-29,1,4266,109,1,1,0,0
28,2023-05-30,2,3635,88,1,0,0,0
28,2023-05-31,3,4147,112,1,1,0,0
28,2023-06-01,4,3971,107,1,0,0,1
28,2023-06-02,5,4429,107,1,0,0,1
28,2023-06-03,6,5289,139,1,0,0,1
28,2023-06-04,7,0,0,0,1,0,1
28,2023-06-05,1,3602,99,1,0,0,1
28,2023-06-06,2,3515,105,1,0,0,1
28,2023-06-07,3,4060,110,1,0,0,1
28,2023-06-08,4,4395,102,1,1,0,1
28,2023-06-09,5,4449,109,1,0,0,1
28,2023-06-10,6,5888,155,1,0,0,1
28,2023-06-11,7,4902,119,1,0,0,1
28,2023-06-12,1,3941,105,1,0,0,1
28,2023-06-13,2,4485,128,1,1,0,1
28,2023-06-14,3,4343,126,1,1,0,1
28,2023-06-15,4,4110,108,1,0,0,1
28,2023-06-16,5,4800,119,1,1,0,1
28,2023-06-17,6,5763,163,1,1,0,1
28,2023-06-18,7,0,0,0,0,0,1
28,2023-06-19,1,4429,116,1,1,0,1
28,2023-06-20,2,3635,92,1,0,0,1
28,2023-06-21,3,3847,86,1,0,0,1
28,2023-06-22,4,4273,115,1,0,0,1
28,2023-06-23,5,4496,122,1,0,0,1
28,2023-06-24,6,5529,172,1,0,0,1
28,2023-06-25,7,4948,126,1,1,0,1
28,2023-06-26,1,4392,119,1,1,0,1
28,2023-06-27,2,4132,111,1,1,0,1
28,2023-06-28,3,3925,111,1,0,0,1
28,2023-06-29,4,4182,118,1,1,0,1
28,2023-06-30,5,4623,136,1,0,0,1
28,2023-07-01,6,6106,167,1,0,0,1
28,2023-07-02,7,999,27,1,0,0,1
28,2023-07-03,1,3952,114,1,0,0,1
28,2023-07-04,2,3710,100,1,0,0,1
28,2023-07-05,3,4078,107,1,0,0,1
28,2023-07-06,4,4611,136,1,1,0,1
28,2023-07-07,5,4879,140,1,1,0,1
28,2023-07-08,6,5717,145,1,1,0,1
28,2023-07-09,7,4551,118,1,0,0,1
28,2023-07-10,1,4341,115,1,1,0,1
28,2023-07-11,2,4358,122,1,1,0,1
28,2023-07-12,3,3847,97,1,0,0,1
28,2023-07-13,4,4810,109,1,1,0,1
28,2023-07-14,5,4868,136,1,0,0,1
28,2023-07-15,6,6029,156,1,0,0,1
28,2023-07-16,7,4478,107,1,0,0,1
28,2023-07-17,1,4024,93,1,0,0,1
28,2023-07-18,2,4068,118,1,1,0,1
28,2023-07-19,3,3856,111,1,0,0,1
28,2023-07-20,4,4197,114,1,0,0,1
28,2023-07-21,5,5098,130,1,1,0,1
28,2023-07-22,6,6565,169,1,1,0,1
28,2023-07-23,7,4912,124,1,0,0,1
28,2023-07-24,1,3881,97,1,0,0,1
28,2023-07-25,2,3531,91,1,0,0,1
28,2023-07-26,3,4395,106,1,0,0,1
28,2023-07-27,4,4031,97,1,0,0,1
28,2023-07-28,5,4383,101,1,0,0,1
28,2023-07-29,6,6039,142,1,1,0,1
28,2023-07-30,7,0,0,0,1,0,1
28,2023-07-31,1,3905,92,1,0,0,1
28,2023-08-01,2,3790,105,1,0,0,0
28,2023-08-02,3,4286,111,1,0,0,0
28,2023-08-03,4,4254,116,1,0,0,0
28,2023-08-04,5,4321,111,1,0,0,0
28,2023-08-05,6,6462,163,1,0,0,0
28,2023-08-06,7,4410,125,1,0,0,0
28,2023-08-07,1,3882,97,1,0,0,0
28,2023-08-08,2,3680,92,1,0,0,0
28,2023-08-09,3,4068,112,1,0,0,0
28,2023-08-10,4,4256,110,1,0,0,0
28,2023-08-11,5,4466,123,1,0,0,0
28,2023-08-12,6,6172,158,1,0,0,0
28,2023-08-13,7,0,0,0,0,0,0
28,2023-08-14,1,4197,106,1,0,0,0
28,2023-08-15,2,4003,112,1,0,0,0
28,2023-08-16,3,3906,92,1,0,0,0
28,2023-08-17,4,4785,124,1,1,a,0
28,2023-08-18,5,4420,100,1,0,0,0
28,2023-08-19,6,6058,159,1,0,0,0
28,2023-08-20,7,5405,146,1,1,0,0
28,2023-08-21,1,4198,104,1,1,0,0
28,2023-08-22,2,3450,94,1,0,0,0
28,2023-08-23,3,4733,103,1,1,0,0
28,2023-08-24,4,4225,130,1,0,0,0
28,2023-08-25,5,5038,146,1,1,0,0
28,2023-08-26,6,5889,164,1,0,0,0
28,2023-08-27,7,5532,157,1,1,0,0
28,2023-08-28,1,4789,133,1,1,0,0
28,2023-08-29,2,4011,110,1,0,0,0
28,2023-08-30,3,4496,131,1,1,0,0
28,2023-08-31,4,4205,107,1,0,0,0
28,2023-09-01,5,4666,112,1,0,0,0
28,2023-09-02,6,5598,126,1,0,0,0
28,2023-09-03,7,5438,146,1,1,0,0
28,2023-09-04,1,3673,102,1,0,0,0
28,2023-09-05,2,3929,110,1,0,0,0
28,2023-09-06,3,3925,93,1,0,0,0
28,2023-09-07,4,4332,110,1,0,0,0
28,2023-09-08,5,1159,29,1,0,0,0
28,2023-09-09,6,6380,170,1,1,0,0
28,2023-09-10,7,0,0,0,1,0,0
28,2023-09-11,1,4228,107,1,0,0,0
28,2023-09-12,2,3834,104,1,0,0,0
28,2023-09-13,3,4377,117,1,0,0,0
28,2023-09-14,4,3903,107,1,0,0,0
28,2023-09-15,5,4540,122,1,0,0,0
28,2023-09-16,6,5248,124,1,0,0,0
28,2023-09-17,7,0,0,0,0,0,0
28,2023-09-18,1,4109,115,1,0,0,0
28,2023-09-19,2,4114,109,1,1,0,0
28,2023-09-20,3,4292,124,1,1,0,0
28,2023-09-21,4,4085,116,1,0,0,0
28,2023-09-22,5,4550,121,1,0,0,0
28,2023-09-23,6,5757,164,1,0,0,0
28,2023-09-24,7,0,0,0,1,0,0
28,2023-09-25,1,3858,102,1,0,0,0
28,2023-09-26,2,3847,93,1,1,0,0
28,2023-09-27,3,3988,107,1,0,0,0
28,2023-09-28,4,4066,114,1,0,0,0
28,2023-09-29,5,4311,121,1,0,0,0
28,2023-09-30,6,5988,151,1,0,0,0
28,2023-10-01,7,0,0,0,0,0,0
28,2023-10-02,1,4032,105,1,0,0,0
28,2023-10-03,2,4250,126,1,1,0,0
28,2023-10-04,3,3933,103,1,0,0,0
28,2023-10-05,4,3940,106,1,0,0,0
28,2023-10-06,5,4282,118,1,0,0,0
28,2023-10-07,6,6204,170,1,0,0,0
28,2023-10-08,7,4770,132,1,0,0,0
28,2023-10-09,1,3631,95,1,0,0,0
28,2023-10-10,2,3874,101,1,0,0,0
28,2023-10-11,3,3998,101,1,0,0,0
28,2023-10-12,4,4482,121,1,0,0,0
28,2023-10-13,5,4533,138,1,0,0,0
28,2023-10-14,6,6868,195,1,1,0,0
28,2023-10-15,7,4798,117,1,0,0,0
28,2023-10-16,1,4109,112,1,1,0,0
28,2023-10-17,2,3974,102,1,0,0,0
28,2023-10-18,3,4307,111,1,0,0,0
28,2023-10-19,4,4383,119,1,0,0,0
28,2023-10-20,5,4708,120,1,0,0,0
28,2023-10-21,6,6259,162,1,0,0,0
28,2023-10-22,7,0,0,0,0,0,0
28,2023-10-23,1,3992,105,1,0,0,0
28,2023-10-24,2,3602,95,1,0,0,0
28,2023-10-25,3,4521,125,1,1,0,0
28,2023-10-26,4,4968,112,1,1,0,0
28,2023-10-27,5,4263,115,1,0,0,0
28,2023-10-28,6,5579,135,1,0,0,0
28,2023-10-29,7,0,0,0,0,0,0
28,2023-10-30,1,3713,106,1,0,0,0
28,2023-10-31,2,4431,120,1,1,0,0
28,2023-11-01,3,3721,112,1,0,0,0
28,2023-11-02,4,4350,119,1,0,0,0
28,2023-11-03,5,4884,136,1,0,0,0
28,2023-11-04,6,6795,154,1,1,0,0
28,2023-11-05,7,4879,136,1,0,0,0
28,2023-11-06,1,4096,107,1,0,0,0
28,2023-11-07,2,3676,94,1,0,0,0
28,2023-11-08,3,4133,112,1,0,0,0
28,2023-11-09,4,4083,110,1,0,0,0
28,2023-11-10,5,5352,137,1,1,0,0
28,2023-11-11,6,6203,176,1,0,0,0
28,2023-11-12,7,5153,133,1,1,0,0
28,2023-11-13,1,4066,124,1,0,0,0
28,2023-11-14,2,3984,104,1,0,0,0
28,2023-11-15,3,4388,116,1,1,0,0
28,2023-11-16,4,4225,113,1,0,0,0
28,2023-11-17,5,5264,133,1,1,0,0
28,2023-11-18,6,6450,183,1,1,0,0
28,2023-11-19,7,4674,132,1,0,0,0
28,2023-11-20,1,4452,101,1,1,0,0
28,2023-11-21,2,4625,108,1,1,0,0
28,2023-11-22,3,4062,89,1,0,0,0
28,2023-11-23,4,4153,101,1,0,0,0
28,2023-11-24,5,4488,106,1,0,0,0
28,2023-11-25,6,6356,164,1,0,0,0
28,2023-11-26,7,5112,140,1,0,0,0
28,2023-11-27,1,3979,127,1,0,0,0
28,2023-11-28,2,3766,91,1,0,0,0
28,2023-11-29,3,3936,108,1,0,0,0
28,2023-11-30,4,4053,120,1,0,0,0
28,2023-12-01,5,4565,114,1,0,0,0
28,2023-12-02,6,5851,186,1,0,0,0
28,2023-12-03,7,0,0,0,1,0,0
28,2023-12-04,1,4239,104,1,0,0,0
28,2023-12-05,2,4238,109,1,0,0,0
28,2023-12-06,3,3882,112,1,0,0,0
28,2023-12-07,4,4120,100,1,0,0,0
28,2023-12-08,5,4466,106,1,0,0,0
28,2023-12-09,6,6738,171,1,1,0,0
28,2023-12-10,7,4830,118,1,0,0,0
28,2023-12-11,1,4196,126,1,1,0,0
28,2023-12-12,2,4258,109,1,0,0,0
28,2023-12-13,3,4213,104,1,0,0,0
28,2023-12-14,4,4444,102,1,1,0,0
28,2023-12-15,5,5555,129,1,1,0,0
28,2023-12-16,6,5693,129,1,0,0,0
28,2023-12-17,7,5580,170,1,1,0,0
28,2023-12-18,1,4515,126,1,0,0,0
28,2023-12-19,2,4305,126,1,1,0,0
28,2023-12-20,3,4060,120,1,0,0,0
28,2023-12-21,4,4719,126,1,1,0,0
28,2023-12-22,5,5227,134,1,0,0,0
28,2023-12-23,6,6495,190,1,0,0,0
28,2023-12-24,7,0,0,0,0,0,0
28,2023-12-25,1,4096,110,1,0,a,0
28,2023-12-26,2,4128,97,1,0,0,0
28,2023-12-27,3,4037,108,1,0,0,0
28,2023-12-28,4,4020,102,1,0,0,0
28,2023-12-29,5,5463,119,1,1,0,0
28,2023-12-30,6,6213,161,1,0,0,0
28,2023-12-31,7,5518,131,1,1,0,0
28,2024-01-01,1,4264,98,1,0,a,0
28,2024-01-02,2,3726,95,1,0,0,0
28,2024-01-03,3,4085,106,1,0,0,0
28,2024-01-04,4,4831,125,1,0,0,0
28,2024-01-05,5,4853,132,1,0,0,0
28,2024-01-06,6,6259,172,1,0,0,0
28,2024-01-07,7,4972,132,1,0,0,0
28,2024-01-08,1,3675,96,1,0,0,0
28,2024-01-09,2,3796,111,1,0,0,0
28,2024-01-10,3,4761,115,1,1,0,0
28,2024-01-11,4,4575,105,1,1,0,0
28,2024-01-12,5,5155,138,1,1,0,0
28,2024-01-13,6,6783,156,1,1,0,0
28,2024-01-14,7,4711,124,1,0,0,0
28,2024-01-15,1,3794,106,1,0,0,0
28,2024-01-16,2,4358,112,1,1,0,0
28,2024-01-17,3,4069,105,1,0,0,0
28,2024-01-18,4,4764,138,1,1,0,0
28,2024-01-19,5,4395,113,1,0,0,0
28,2024-01-20,6,5925,152,1,0,0,0
28,2024-01-21,7,5132,134,1,0,0,0
28,2024-01-22,1,5124,158,1,1,0,0
28,2024-01-23,2,4394,108,1,1,0,0
28,2024-01-24,3,4721,125,1,1,0,0
28,2024-01-25,4,4393,102,1,0,0,0
28,2024-01-26,5,4811,113,1,0,0,0
28,2024-01-27,6,6305,178,1,0,0,0
28,2024-01-28,7,5204,128,1,1,0,0
28,2024-01-29,1,3994,108,1,0,0,0
28,2024-01-30,2,4027,102,1,0,0,0
28,2024-01-31,3,3958,125,1,0,0,0
28,2024-02-01,4,4389,123,1,0,0,0
28,2024-02-02,5,4294,114,1,0,0,0
28,2024-02-03,6,6355,173,1,0,0,0
28,2024-02-04,7,0,0,0,0,0,0
28,2024-02-05,1,4636,125,1,1,0,0
28,2024-02-06,2,4182,106,1,0,0,0
28,2024-02-07,3,4459,131,1,0,0,0
28,2024-02-08,4,4360,114,1,0,0,0
28,2024-02-09,5,4779,118,1,1,0,0
28,2024-02-10,6,5578,165,1,0,0,0
28,2024-02-11,7,0,0,0,0,0,0
28,2024-02-12,1,4227,102,1,0,0,0
28,2024-02-13,2,3709,99,1,0,0,0
28,2024-02-14,3,4536,116,1,1,0,0
28,2024-02-15,4,4640,119,1,1,0,0
28,2024-02-16,5,4850,115,1,0,0,0
28,2024-02-17,6,6345,155,1,0,0,0
28,2024-02-18,7,0,0,0,0,0,0
28,2024-02-19,1,4250,97,1,0,0,0
28,2024-02-20,2,4154,105,1,1,0,0
28,2024-02-21,3,4392,124,1,0,0,0
28,2024-02-22,4,4344,111,1,0,0,0
28,2024-02-23,5,5448,122,1,1,0,0
28,2024-02-24,6,5977,169,1,0,0,0
28,2024-02-25,7,0,0,0,0,0,0
28,2024-02-26,1,4229,116,1,0,0,0
28,2024-02-27,2,3974,108,1,0,0,0
28,2024-02-28,3,4881,113,1,1,0,0
28,2024-02-29,4,4414,112,1,0,0,0
28,2024-03-01,5,5484,157,1,0,0,0
28,2024-03-02,6,6536,165,1,0,0,0
28,2024-03-03,7,0,0,0,0,0,0
28,2024-03-04,1,4152,118,1,1,0,0
28,2024-03-05,2,3834,97,1,0,0,0
28,2024-03-06,3,4395,129,1,1,0,0
28,2024-03-07,4,4639,121,1,1,0,0
28,2024-03-08,5,5232,136,1,1,0,0
28,2024-03-09,6,6879,182,1,1,0,0
28,2024-03-10,7,5361,143,1,0,0,0
28,2024-03-11,1,4319,101,1,1,0,0
28,2024-03-12,2,3736,88,1,0,0,0
28,2024-03-13,3,4373,104,1,0,0,0
28,2024-03-14,4,4625,138,1,0,0,0
28,2024-03-15,5,4676,108,1,0,0,0
28,2024-03-16,6,6486,161,1,0,0,0
28,2024-03-17,7,0,0,0,0,0,0
28,2024-03-18,1,3761,92,1,0,0,0
28,2024-03-19,2,3893,108,1,0,0,0
28,2024-03-20,3,4105,107,1,0,0,0
28,2024-03-21,4,5253,136,1,1,0,0
28,2024-03-22,5,4924,140,1,0,0,0
28,2024-03-23,6,6019,134,1,0,0,0
28,2024-03-24,7,4857,114,1,0,0,0
28,2024-03-25,1,3795,109,1,0,0,0
28,2024-03-26,2,4243,103,1,0,0,0
28,2024-03-27,3,4295,104,1,0,0,0
28,2024-03-28,4,4485,126,1,0,0,0
28,2024-03-29,5,4500,107,1,0,0,0
28,2024-03-30,6,6412,165,1,0,0,0
28,2024-03-31,7,5478,138,1,1,0,0
28,2024-04-01,1,3975,111,1,0,0,0
28,2024-04-02,2,4551,127,1,1,0,0
28,2024-04-03,3,7851,212,1,1,0,0
28,2024-04-04,4,7913,228,1,0,0,0
28,2024-04-05,5,9410,227,1,1,0,0
28,2024-04-06,6,12922,326,1,1,0,0
28,2024-04-07,7,9492,294,1,0,0,0
28,2024-04-08,1,7470,207,1,0,0,0
28,2024-04-09,2,7375,207,1,0,0,0
28,2024-04-10,3,0,0,0,0,b,0
28,2024-04-11,4,0,0,0,0,b,0
28,2024-04-12,5,5090,145,1,1,0,0
28,2024-04-13,6,6660,169,1,1,0,0
28,2024-04-14,7,0,0,0,0,0,0
28,2024-04-15,1,4762,136,1,1,0,0
28,2024-04-16,2,4540,136,1,1,0,0
28,2024-04-17,3,4142,118,1,0,0,0
28,2024-04-18,4,4212,116,1,0,0,0
28,2024-04-19,5,4889,145,1,0,0,0
28,2024-04-20,6,6352,173,1,1,0,0
28,2024-04-21,7,0,0,0,1,0,0
28,2024-04-22,1,4140,115,1,0,0,0
28,2024-04-23,2,4548,124,1,0,0,0
28,2024-04-24,3,4768,123,1,1,0,0
28,2024-04-25,4,4860,129,1,1,0,0
28,2024-04-26,5,4556,137,1,0,0,0
28,2024-04-27,6,5933,166,1,0,0,0
28,2024-04-28,7,0,0,0,1,0,0
28,2024-04-29,1,4055,101,1,0,0,0
28,2024-04-30,2,4074,93,1,0,0,0
28,2024-05-01,3,4808,135,1,1,0,0
28,2024-05-02,4,4292,103,1,0,0,0
28,2024-05-03,5,5196,148,1,1,0,0
28,2024-05-04,6,5696,131,1,0,0,0
28,2024-05-05,7,4771,132,1,0,0,0
28,2024-05-06,1,4279,124,1,0,0,0
28,2024-05-07,2,3977,112,1,0,0,0
28,2024-05-08,3,4394,115,1,0,0,0
28,2024-05-09,4,4043,118,1,0,0,0
28,2024-05-10,5,641,16,1,0,0,0
28,2024-05-11,6,6853,174,1,1,0,0
28,2024-05-12,7,0,0,0,0,0,0
28,2024-05-13,1,4399,105,1,0,0,0
28,2024-05-14,2,3786,95,1,0,0,0
28,2024-05-15,3,4487,114,1,0,0,0
28,2024-05-16,4,4391,120,1,0,0,0
28,2024-05-17,5,4645,130,1,0,0,0
28,2024-05-18,6,7513,183,1,1,0,0
28,2024-05-19,7,0,0,0,0,0,0
28,2024-05-20,1,4423,119,1,0,0,0
28,2024-05-21,2,4167,114,1,0,0,0
28,2024-05-22,3,4219,134,1,0,0,0
28,2024-05-23,4,4213,126,1,0,0,0
28,2024-05-24,5,5308,135,1,1,0,0
28,2024-05-25,6,6313,162,1,0,0,0
28,2024-05-26,7,5312,146,1,0,0,0
28,2024-05-27,1,4095,117,1,0,0,0
28,2024-05-28,2,4609,125,1,1,0,0
28,2024-05-29,3,4630,125,1,0,0,0
28,2024-05-30,4,4446,126,1,0,0,0
28,2024-05-31,5,4399,120,1,0,0,0
28,2024-06-01,6,6916,173,1,1,0,1
28,2024-06-02,7,5087,136,1,0,0,1
28,2024-06-03,1,4157,115,1,0,0,1
28,2024-06-04,2,4141,117,1,1,0,1
28,2024-06-05,3,4337,116,1,0,0,1
28,2024-06-06,4,4301,122,1,0,0,1
28,2024-06-07,5,4859,127,1,0,0,1
28,2024-06-08,6,7237,170,1,1,0,1
28,2024-06-09,7,0,0,0,0,0,1
28,2024-06-10,1,4168,89,1,0,0,1
28,2024-06-11,2,4462,122,1,1,0,1
28,2024-06-12,3,4249,104,1,0,0,1
28,2024-06-13,4,4327,98,1,0,0,1
28,2024-06-14,5,5276,124,1,1,0,1
28,2024-06-15,6,6818,186,1,0,0,1
28,2024-06-16,7,0,0,0,0,0,1
28,2024-06-17,1,4253,106,1,0,0,1
28,2024-06-18,2,4125,111,1,0,0,1
28,2024-06-19,3,4737,115,1,1,0,1
28,2024-06-20,4,4538,122,1,0,0,1
28,2024-06-21,5,4745,136,1,0,0,1
28,2024-06-22,6,7417,191,1,1,0,1
28,2024-06-23,7,4899,130,1,0,0,1
28,2024-06-24,1,4168,125,1,0,0,1
28,2024-06-25,2,3866,104,1,0,0,1
28,2024-06-26,3,4491,121,1,0,0,1
28,2024-06-27,4,4234,131,1,0,0,1
28,2024-06-28,5,5093,135,1,0,0,1
28,2024-06-29,6,6394,170,1,0,0,1
28,2024-06-30,7,5188,146,1,0,0,1
29,2022-01-01,6,5533,142,1,0,a,0
29,2022-01-02,7,0,0,0,0,0,0
29,2022-01-03,1,3752,77,1,0,0,0
29,2022-01-04,2,3353,102,1,0,0,0
29,2022-01-05,3,3652,90,1,0,0,0
29,2022-01-06,4,3657,94,1,0,0,0
29,2022-01-07,5,4209,96,1,0,0,0
29,2022-01-08,6,4987,137,1,0,0,0
29,2022-01-09,7,0,0,0,0,0,0
29,2022-01-10,1,3506,105,1,0,0,0
29,2022-01-11,2,3500,101,1,0,0,0
29,2022-01-12,3,4020,106,1,1,0,0
29,2022-01-13,4,3895,115,1,1,0,0
29,2022-01-14,5,4358,111,1,0,0,0
29,2022-01-15,6,5246,144,1,0,0,0
29,2022-01-16,7,0,0,0,0,0,0
29,2022-01-17,1,3617,99,1,1,0,0
29,2022-01-18,2,3697,92,1,1,0,0
29,2022-01-19,3,3783,80,1,0,0,0
29,2022-01-20,4,4411,131,1,1,0,0
29,2022-01-21,5,4185,96,1,0,0,0
29,2022-01-22,6,5248,148,1,0,0,0
29,2022-01-23,7,0,0,0,1,0,0
29,2022-01-24,1,3656,90,1,0,0,0
29,2022-01-25,2,3840,106,1,1,0,0
29,2022-01-26,3,3173,84,1,0,0,0
29,2022-01-27,4,3392,89,1,0,0,0
29,2022-01-28,5,4178,113,1,0,0,0
29,2022-01-29,6,5061,150,1,0,0,0
29,2022-01-30,7,4080,102,1,0,0,0
29,2022-01-31,1,3504,105,1,0,0,0
29,2022-02-01,2,3504,93,1,0,0,0
29,2022-02-02,3,3860,96,1,0,0,0
29,2022-02-03,4,3926,84,1,1,0,0
29,2022-02-04,5,4204,113,1,0,0,0
29,2022-02-05,6,5019,125,1,0,0,0
29,2022-02-06,7,4206,107,1,0,0,0
29,2022-02-07,1,3563,97,1,0,0,0
29,2022-02-08,2,3426,85,1,0,0,0
29,2022-02-09,3,3363,89,1,0,0,0
29,2022-02-10,4,3824,99,1,0,0,0
29,2022-02-11,5,4275,125,1,0,0,0
29,2022-02-12,6,5926,159,1,0,0,0
29,2022-02-13,7,4805,130,1,1,0,0
29,2022-02-14,1,3567,90,1,0,0,0
29,2022-02-15,2,3862,102,1,1,0,0
29,2022-02-16,3,3370,99,1,0,0,0
29,2022-02-17,4,3493,96,1,0,0,0
29,2022-02-18,5,4113,119,1,0,0,0
29,2022-02-19,6,5171,150,1,1,0,0
29,2022-02-20,7,4084,109,1,0,0,0
29,2022-02-21,1,3455,102,1,0,0,0
29,2022-02-22,2,3640,90,1,0,0,0
29,2022-02-23,3,3670,102,1,0,0,0
29,2022-02-24,4,3804,114,1,1,0,0
29,2022-02-25,5,4542,110,1,1,0,0
29,2022-02-26,6,6024,165,1,1,0,0
29,2022-02-27,7,4492,112,1,0,0,0
29,2022-02-28,1,4108,122,1,1,0,0
29,2022-03-01,2,3679,101,1,0,0,0
29,2022-03-02,3,3734,106,1,0,0,0
29,2022-03-03,4,884,22,1,1,0,0
29,2022-03-04,5,4194,108,1,0,0,0
29,2022-03-05,6,5556,120,1,0,0,0
29,2022-03-06,7,4174,98,1,0,0,0
29,2022-03-07,1,3520,97,1,0,0,0
29,2022-03-08,2,3356,91,1,0,0,0
29,2022-03-09,3,3716,87,1,0,0,0
29,2022-03-10,4,4079,109,1,1,0,0
29,2022-03-11,5,4800,127,1,1,0,0
29,2022-03-12,6,5891,179,1,1,0,0
29,2022-03-13,7,4585,135,1,0,0,0
29,2022-03-14,1,3505,102,1,1,0,0
29,2022-03-15,2,3695,94,1,1,0,0
29,2022-03-16,3,3815,94,1,0,0,0
29,2022-03-17,4,3768,104,1,0,0,0
29,2022-03-18,5,4381,106,1,0,0,0
29,2022-03-19,6,5419,139,1,0,0,0
29,2022-03-20,7,0,0,0,0,0,0
29,2022-03-21,1,3890,105,1,0,0,0
29,2022-03-22,2,3375,78,1,0,0,0
29,2022-03-23,3,3515,96,1,0,0,0
29,2022-03-24,4,3925,96,1,0,0,0
29,2022-03-25,5,4377,108,1,1,0,0
29,2022-03-26,6,5516,133,1,1,0,0
29,2022-03-27,7,4202,105,1,0,0,0
29,2022-03-28,1,3723,87,1,0,0,0
29,2022-03-29,2,3872,105,1,0,0,0
29,2022-03-30,3,3659,84,1,0,0,0
29,2022-03-31,4,3641,99,1,0,0,0
29,2022-04-01,5,4878,136,1,1,0,0
29,2022-04-02,6,5206,141,1,0,0,0
29,2022-04-03,7,4709,126,1,1,0,0
29,2022-04-04,1,4023,95,1,1,0,0
29,2022-04-05,2,3704,106,1,0,0,0
29,2022-04-06,3,3677,93,1,0,0,0
29,2022-04-07,4,3718,99,1,0,0,0
29,2022-04-08,5,4670,121,1,0,0,0
29,2022-04-09,6,5201,150,1,0,0,0
29,2022-04-10,7,4690,130,1,1,0,0
29,2022-04-11,1,3872,86,1,1,0,0
29,2022-04-12,2,3968,120,1,1,0,0
29,2022-04-13,3,3586,98,1,0,0,0
29,2022-04-14,4,3947,101,1,0,0,0
29,2022-04-15,5,4182,110,1,0,0,0
29,2022-04-16,6,5306,151,1,0,0,0
29,2022-04-17,7,4271,116,1,0,0,0
29,2022-04-18,1,3592,98,1,0,0,0
29,2022-04-19,2,3596,98,1,0,0,0
29,2022-04-20,3,4039,115,1,1,0,0
29,2022-04-21,4,4228,122,1,1,0,0
29,2022-04-22,5,4037,108,1,0,0,0
29,2022-04-23,6,5729,144,1,1,0,0
29,2022-04-24,7,0,0,0,0,0,0
29,2022-04-25,1,6524,169,1,0,0,0
29,2022-04-26,2,6994,181,1,1,0,0
29,2022-04-27,3,6437,175,1,0,0,0
29,2022-04-28,4,7564,209,1,1,0,0
29,2022-04-29,5,7584,203,1,0,0,0
29,2022-04-30,6,10650,292,1,1,0,0
29,2022-05-01,7,0,0,0,1,0,0
29,2022-05-02,1,0,0,0,0,b,0
29,2022-05-03,2,0,0,0,0,b,0
29,2022-05-04,3,3553,91,1,0,0,0
29,2022-05-05,4,3790,98,1,0,0,0
29,2022-05-06,5,4093,89,1,0,0,0
29,2022-05-07,6,5965,143,1,1,0,0
29,2022-05-08,7,4735,99,1,0,0,0
29,2022-05-09,1,4008,106,1,1,0,0
29,2022-05-10,2,3930,111,1,1,0,0
29,2022-05-11,3,3962,115,1,0,0,0
29,2022-05-12,4,3872,109,1,0,0,0
29,2022-05-13,5,4315,109,1,0,0,0
29,2022-05-14,6,5471,149,1,0,0,0
29,2022-05-15,7,4342,113,1,0,0,0
29,2022-05-16,1,3704,95,1,0,0,0
29,2022-05-17,2,3845,103,1,0,0,0
29,2022-05-18,3,3461,88,1,0,0,0
29,2022-05-19,4,4114,111,1,1,0,0
29,2022-05-20,5,4456,127,1,1,0,0
29,2022-05-21,6,5240,124,1,0,0,0
29,2022-05-22,7,4707,114,1,0,0,0
29,2022-05-23,1,3961,113,1,1,0,0
29,2022-05-24,2,4046,107,1,1,0,0
29,2022-05-25,3,3589,97,1,0,0,0
29,2022-05-26,4,3711,94,1,0,0,0
29,2022-05-27,5,4024,100,1,0,0,0
29,2022-05-28,6,5846,145,1,0,0,0
29,2022-05-29,7,0,0,0,0,0,0
29,2022-05-30,1,3446,88,1,0,0,0
29,2022-05-31,2,3760,97,1,0,0,0
29,2022-06-01,3,3671,94,1,0,0,1
29,2022-06-02,4,3929,99,1,0,0,1
29,2022-06-03,5,4257,106,1,0,0,1
29,2022-06-04,6,5577,161,1,1,0,1
29,2022-06-05,7,0,0,0,0,0,1
29,2022-06-06,1,4279,114,1,1,0,1
29,2022-06-07,2,3731,114,1,0,0,1
29,2022-06-08,3,3536,98,1,0,0,1
29,2022-06-09,4,3889,99,1,0,0,1
29,2022-06-10,5,4209,122,1,0,0,1
29,2022-06-11,6,5785,154,1,0,0,1
29,2022-06-12,7,4414,130,1,0,0,1
29,2022-06-13,1,3861,107,1,1,0,1
29,2022-06-14,2,4072,101,1,1,0,1
29,2022-06-15,3,3955,108,1,0,0,1
29,2022-06-16,4,4325,99,1,1,0,1
29,2022-06-17,5,4385,113,1,0,0,1
29,2022-06-18,6,5155,152,1,0,0,1
29,2022-06-19,7,4183,115,1,0,0,1
29,2022-06-20,1,3410,77,1,0,0,1
29,2022-06-21,2,3764,107,1,0,0,1
29,2022-06-22,3,3668,94,1,0,0,1
29,2022-06-23,4,4023,104,1,0,0,1
29,2022-06-24,5,4143,107,1,0,0,1
29,2022-06-25,6,5488,127,1,0,0,1
29,2022-06-26,7,0,0,0,0,0,1
29,2022-06-27,1,3603,88,1,0,0,1
29,2022-06-28,2,3277,95,1,0,0,1
29,2022-06-29,3,4056,102,1,1,0,1
29,2022-06-30,4,3791,105,1,0,0,1
29,2022-07-01,5,3916,102,1,0,0,1
29,2022-07-02,6,5619,154,1,0,0,1
29,2022-07-03,7,5075,113,1,1,0,1
29,2022-07-04,1,3549,87,1,0,0,1
29,2022-07-05,2,3373,94,1,0,0,1
29,2022-07-06,3,4078,100,1,0,0,1
29,2022-07-07,4,4319,109,1,1,0,1
29,2022-07-08,5,3776,86,1,0,0,1
29,2022-07-09,6,5394,156,1,0,0,1
29,2022-07-10,7,4346,123,1,0,0,1
29,2022-07-11,1,3544,86,1,0,0,1
29,2022-07-12,2,3792,100,1,0,0,1
29,2022-07-13,3,4189,115,1,1,0,1
29,2022-07-14,4,4008,110,1,0,0,1
29,2022-07-15,5,4265,116,1,0,0,1
29,2022-07-16,6,5758,167,1,0,0,1
29,2022-07-17,7,0,0,0,0,0,1
29,2022-07-18,1,3726,101,1,0,0,1
29,2022-07-19,2,3690,99,1,0,0,1
29,2022-07-20,3,3650,100,1,0,0,1
29,2022-07-21,4,3483,96,1,0,0,1
29,2022-07-22,5,3938,102,1,0,0,1
29,2022-07-23,6,6789,200,1,1,0,1
29,2022-07-24,7,4656,119,1,0,0,1
29,2022-07-25,1,4201,119,1,1,0,1
29,2022-07-26,2,3866,94,1,0,0,1
29,2022-07-27,3,3562,96,1,0,0,1
29,2022-07-28,4,3757,109,1,0,0,1
29,2022-07-29,5,4072,114,1,0,0,1
29,2022-07-30,6,6196,168,1,0,0,1
29,2022-07-31,7,4721,98,1,1,0,1
29,2022-08-01,1,4322,119,1,1,0,0
29,2022-08-02,2,3497,98,1,0,0,0
29,2022-08-03,3,4177,110,1,1,0,0
29,2022-08-04,4,4153,112,1,0,0,0
29,2022-08-05,5,4817,130,1,1,0,0
29,2022-08-06,6,5516,154,1,0,0,0
29,2022-08-07,7,5543,151,1,1,0,0
29,2022-08-08,1,3364,97,1,0,0,0
29,2022-08-09,2,3797,100,1,1,0,0
29,2022-08-10,3,3729,87,1,0,0,0
29,2022-08-11,4,4117,117,1,0,0,0
29,2022-08-12,5,4217,122,1,0,0,0
29,2022-08-13,6,6415,183,1,1,0,0
29,2022-08-14,7,4143,126,1,0,0,0
29,2022-08-15,1,3923,105,1,0,0,0
29,2022-08-16,2,3791,103,1,0,0,0
29,2022-08-17,3,3950,98,1,1,a,0
29,2022-08-18,4,3913,116,1,0,0,0
29,2022-08-19,5,4275,91,1,0,0,0
29,2022-08-20,6,6268,146,1,1,0,0
29,2022-08-21,7,0,0,0,0,0,0
29,2022-08-22,1,3590,87,1,0,0,0
29,2022-08-23,2,3703,90,1,0,0,0
29,2022-08-24,3,4233,102,1,1,0,0
29,2022-08-25,4,3951,119,1,0,0,0
29,2022-08-26,5,4657,132,1,0,0,0
29,2022-08-27,6,6190,166,1,1,0,0
29,2022-08-28,7,0,0,0,0,0,0
29,2022-08-29,1,4247,110,1,1,0,0
29,2022-08-30,2,3934,92,1,0,0,0
29,2022-08-31,3,3835,107,1,0,0,0
29,2022-09-01,4,4200,117,1,0,0,0
29,2022-09-02,5,4258,106,1,0,0,0
29,2022-09-03,6,5709,158,1,0,0,0
29,2022-09-04,7,0,0,0,0,0,0
29,2022-09-05,1,3979,99,1,1,0,0
29,2022-09-06,2,3679,94,1,0,0,0
29,2022-09-07,3,4338,108,1,1,0,0
29,2022-09-08,4,4027,109,1,0,0,0
29,2022-09-09,5,4636,146,1,0,0,0
29,2022-09-10,6,5692,152,1,1,0,0
29,2022-09-11,7,0,0,0,0,0,0
29,2022-09-12,1,3964,109,1,1,0,0
29,2022-09-13,2,3431,89,1,0,0,0
29,2022-09-14,3,4020,109,1,0,0,0
29,2022-09-15,4,3728,102,1,0,0,0
29,2022-09-16,5,4673,130,1,0,0,0
29,2022-09-17,6,5001,120,1,0,0,0
29,2022-09-18,7,4842,131,1,1,0,0
29,2022-09-19,1,3908,94,1,0,0,0
29,2022-09-20,2,3785,91,1,0,0,0
29,2022-09-21,3,3657,106,1,1,0,0
29,2022-09-22,4,4206,124,1,1,0,0
29,2022-09-23,5,3997,111,1,0,0,0
29,2022-09-24,6,5662,155,1,0,0,0
29,2022-09-25,7,0,0,0,0,0,0
29,2022-09-26,1,3704,103,1,0,0,0
29,2022-09-27,2,3649,96,1,0,0,0
29,2022-09-28,3,3987,93,1,1,0,0
29,2022-09-29,4,3817,103,1,0,0,0
29,2022-09-30,5,4614,104,1,0,0,0
29,2022-10-01,6,6045,133,1,1,0,0
29,2022-10-02,7,4460,118,1,0,0,0
29,2022-10-03,1,4369,124,1,1,0,0
29,2022-10-04,2,3458,94,1,0,0,0
29,2022-10-05,3,4127,113,1,0,0,0
29,2022-10-06,4,4708,115,1,1,0,0
29,2022-10-07,5,4165,110,1,0,0,0
29,2022-10-08,6,6493,176,1,1,0,0
29,2022-10-09,7,0,0,0,0,0,0
29,2022-10-10,1,4162,109,1,1,0,0
29,2022-10-11,2,3496,86,1,0,0,0
29,2022-10-12,3,3947,111,1,0,0,0
29,2022-10-13,4,4039,111,1,0,0,0
29,2022-10-14,5,4335,113,1,0,0,0
29,2022-10-15,6,5344,140,1,0,0,0
29,2022-10-16,7,4819,145,1,0,0,0
29,2022-10-17,1,3765,101,1,0,0,0
29,2022-10-18,2,3558,87,1,0,0,0
29,2022-10-19,3,4133,119,1,1,0,0
29,2022-10-20,4,3964,104,1,0,0,0
29,2022-10-21,5,4382,101,1,0,0,0
29,2022-10-22,6,5751,165,1,0,0,0
29,2022-10-23,7,4836,127,1,0,0,0
29,2022-10-24,1,4373,113,1,1,0,0
29,2022-10-25,2,3653,98,1,0,0,0
29,2022-10-26,3,3946,103,1,0,0,0
29,2022-10-27,4,3950,98,1,0,0,0
29,2022-10-28,5,5147,143,1,1,0,0
29,2022-10-29,6,5636,150,1,0,0,0
29,2022-10-30,7,5117,136,1,1,0,0
29,2022-10-31,1,3779,101,1,0,0,0
29,2022-11-01,2,4165,110,1,1,0,0
29,2022-11-02,3,3993,107,1,0,0,0
29,2022-11-03,4,4702,134,1,1,0,0
29,2022-11-04,5,4687,131,1,0,0,0
29,2022-11-05,6,5696,166,1,0,0,0
29,2022-11-06,7,5084,136,1,1,0,0
29,2022-11-07,1,3748,101,1,0,0,0
29,2022-11-08,2,3895,98,1,0,0,0
29,2022-11-09,3,4317,101,1,1,0,0
29,2022-11-10,4,4498,116,1,0,0,0
29,2022-11-11,5,4413,126,1,0,0,0
29,2022-11-12,6,6127,158,1,0,0,0
29,2022-11-13,7,4995,138,1,0,0,0
29,2022-11-14,1,4492,106,1,1,0,0
29,2022-11-15,2,3653,90,1,0,0,0
29,2022-11-16,3,3868,111,1,0,0,0
29,2022-11-17,4,3979,112,1,0,0,0
29,2022-11-18,5,4762,114,1,0,0,0
29,2022-11-19,6,6133,163,1,1,0,0
29,2022-11-20,7,4966,122,1,1,0,0
29,2022-11-21,1,3936,106,1,0,0,0
29,2022-11-22,2,3474,98,1,0,0,0
29,2022-11-23,3,4444,129,1,1,0,0
29,2022-11-24,4,3789,95,1,0,0,0
29,2022-11-25,5,4351,102,1,0,0,0
29,2022-11-26,6,6044,150,1,0,0,0
29,2022-11-27,7,4527,115,1,0,0,0
29,2022-11-28,1,4256,132,1,1,0,0
29,2022-11-29,2,3953,96,1,0,0,0
29,2022-11-30,3,4043,110,1,1,0,0
29,2022-12-01,4,4061,114,1,0,0,0
29,2022-12-02,5,4595,119,1,0,0,0
29,2022-12-03,6,5849,149,1,1,0,0
29,2022-12-04,7,4865,141,1,1,0,0
29,2022-12-05,1,4539,117,1,1,0,0
29,2022-12-06,2,3520,88,1,0,0,0
29,2022-12-07,3,4220,106,1,1,0,0
29,2022-12-08,4,3626,101,1,0,0,0
29,2022-12-09,5,4283,111,1,0,0,0
29,2022-12-10,6,5956,164,1,0,0,0
29,2022-12-11,7,0,0,0,0,0,0
29,2022-12-12,1,4374,125,1,1,0,0
29,2022-12-13,2,3734,109,1,0,0,0
29,2022-12-14,3,3701,99,1,0,0,0
29,2022-12-15,4,4124,105,1,0,0,0
29,2022-12-16,5,4368,105,1,0,0,0
29,2022-12-17,6,5282,144,1,0,0,0
29,2022-12-18,7,4688,123,1,0,0,0
29,2022-12-19,1,4075,110,1,0,0,0
29,2022-12-20,2,3955,100,1,0,0,0
29,2022-12-21,3,4564,112,1,1,0,0
29,2022-12-22,4,4108,114,1,0,0,0
29,2022-12-23,5,4266,113,1,0,0,0
29,2022-12-24,6,6515,180,1,1,0,0
29,2022-12-25,7,4725,144,1,0,a,0
29,2022-12-26,1,4167,116,1,1,0,0
29,2022-12-27,2,3879,122,1,0,0,0
29,2022-12-28,3,4416,122,1,1,0,0
29,2022-12-29,4,3929,113,1,0,0,0
29,2022-12-30,5,4333,117,1,0,0,0
29,2022-12-31,6,5432,129,1,0,0,0
29,2023-01-01,7,0,0,0,0,a,0
29,2023-01-02,1,4421,115,1,1,0,0
29,2023-01-03,2,3649,92,1,0,0,0
29,2023-01-04,3,3722,89,1,0,0,0
29,2023-01-05,4,4164,115,1,0,0,0
29,2023-01-06,5,5329,146,1,1,0,0
29,2023-01-07,6,6984,183,1,1,0,0
29,2023-01-08,7,5063,142,1,0,0,0
29,2023-01-09,1,3842,111,1,0,0,0
29,2023-01-10,2,3597,101,1,0,0,0
29,2023-01-11,3,4059,116,1,0,0,0
29,2023-01-12,4,4054,105,1,0,0,0
29,2023-01-13,5,4453,121,1,0,0,0
29,2023-01-14,6,6967,200,1,1,0,0
29,2023-01-15,7,5545,148,1,1,0,0
29,2023-01-16,1,3981,100,1,0,0,0
29,2023-01-17,2,3755,94,1,0,0,0
29,2023-01-18,3,4342,107,1,1,0,0
29,2023-01-19,4,3761,99,1,0,0,0
29,2023-01-20,5,4741,143,1,0,0,0
29,2023-01-21,6,6787,174,1,1,0,0
29,2023-01-22,7,4542,115,1,0,0,0
29,2023-01-23,1,3743,111,1,0,0,0
29,2023-01-24,2,3964,88,1,0,0,0
29,2023-01-25,3,3889,84,1,0,0,0
29,2023-01-26,4,4314,116,1,0,0,0
29,2023-01-27,5,4337,117,1,0,0,0
29,2023-01-28,6,5714,162,1,0,0,0
29,2023-01-29,7,5339,155,1,1,0,0
29,2023-01-30,1,3809,102,1,0,0,0
29,2023-01-31,2,3714,84,1,0,0,0
29,2023-02-01,3,3880,109,1,0,0,0
29,2023-02-02,4,4232,95,1,0,0,0
29,2023-02-03,5,5213,138,1,1,0,0
29,2023-02-04,6,5958,167,1,0,0,0
29,2023-02-05,7,0,0,0,0,0,0
29,2023-02-06,1,4143,110,1,0,0,0
29,2023-02-07,2,3841,103,1,0,0,0
29,2023-02-08,3,4175,99,1,0,0,0
29,2023-02-09,4,3832,100,1,0,0,0
29,2023-02-10,5,4793,144,1,0,0,0
29,2023-02-11,6,6288,167,1,1,0,0
29,2023-02-12,7,5106,130,1,1,0,0
29,2023-02-13,1,4360,128,1,1,0,0
29,2023-02-14,2,3751,112,1,1,0,0
29,2023-02-15,3,4447,104,1,1,0,0
29,2023-02-16,4,4452,109,1,1,0,0
29,2023-02-17,5,4858,118,1,0,0,0
29,2023-02-18,6,5914,168,1,0,0,0
29,2023-02-19,7,4971,130,1,1,0,0
29,2023-02-20,1,3736,102,1,0,0,0
29,2023-02-21,2,3338,88,1,0,0,0
29,2023-02-22,3,4463,129,1,0,0,0
29,2023-02-23,4,3596,90,1,0,0,0
29,2023-02-24,5,4422,109,1,0,0,0
29,2023-02-25,6,6061,156,1,0,0,0
29,2023-02-26,7,0,0,0,0,0,0
29,2023-02-27,1,4675,121,1,1,0,0
29,2023-02-28,2,4173,103,1,1,0,0
29,2023-03-01,3,4496,143,1,1,0,0
29,2023-03-02,4,4461,107,1,1,0,0
29,2023-03-03,5,4198,95,1,0,0,0
29,2023-03-04,6,5549,153,1,0,0,0
29,2023-03-05,7,4362,111,1,0,0,0
29,2023-03-06,1,4363,122,1,1,0,0
29,2023-03-07,2,3754,85,1,0,0,0
29,2023-03-08,3,4352,122,1,1,0,0
29,2023-03-09,4,4264,114,1,0,0,0
29,2023-03-10,5,5078,139,1,1,0,0
29,2023-03-11,6,6059,146,1,0,0,0
29,2023-03-12,7,5734,144,1,1,0,0
29,2023-03-13,1,3756,110,1,0,0,0
29,2023-03-14,2,3467,90,1,0,0,0
29,2023-03-15,3,3885,98,1,0,0,0
29,2023-03-16,4,4498,128,1,1,0,0
29,2023-03-17,5,4668,111,1,0,0,0
29,2023-03-18,6,6696,177,1,1,0,0
29,2023-03-19,7,4987,121,1,1,0,0
29,2023-03-20,1,4049,128,1,1,0,0
29,2023-03-21,2,4094,107,1,0,0,0
29,2023-03-22,3,4071,115,1,0,0,0
29,2023-03-23,4,4212,99,1,0,0,0
29,2023-03-24,5,5100,149,1,1,0,0
29,2023-03-25,6,6521,163,1,1,0,0
29,2023-03-26,7,5217,133,1,1,0,0
29,2023-03-27,1,3786,126,1,0,0,0
29,2023-03-28,2,3735,102,1,0,0,0
29,2023-03-29,3,4894,141,1,1,0,0
29,2023-03-30,4,4520,99,1,0,0,0
29,2023-03-31,5,5276,128,1,1,0,0
29,2023-04-01,6,5875,157,1,0,0,0
29,2023-04-02,7,4940,137,1,0,0,0
29,2023-04-03,1,4017,102,1,1,0,0
29,2023-04-04,2,4037,88,1,0,0,0
29,2023-04-05,3,3973,103,1,0,0,0
29,2023-04-06,4,4572,120,1,1,0,0
29,2023-04-07,5,4614,114,1,0,0,0
29,2023-04-08,6,6437,182,1,1,0,0
29,2023-04-09,7,0,0,0,1,0,0
29,2023-04-10,1,4253,106,1,0,0,0
29,2023-04-11,2,4017,113,1,0,0,0
29,2023-04-12,3,4041,107,1,0,0,0
29,2023-04-13,4,3939,99,1,0,0,0
29,2023-04-14,5,4609,115,1,0,0,0
29,2023-04-15,6,11667,293,1,1,0,0
29,2023-04-16,7,0,0,0,0,0,0
29,2023-04-17,1,6873,212,1,0,0,0
29,2023-04-18,2,6637,180,1,0,0,0
29,2023-04-19,3,7371,202,1,0,0,0
29,2023-04-20,4,7847,176,1,0,0,0
29,2023-04-21,5,9192,233,1,1,0,0
29,2023-04-22,6,0,0,0,0,b,0
29,2023-04-23,7,0,0,0,0,b,0
29,2023-04-24,1,4046,113,1,0,0,0
29,2023-04-25,2,3617,87,1,0,0,0
29,2023-04-26,3,4581,123,1,0,0,0
29,2023-04-27,4,4900,137,1,1,0,0
29,2023-04-28,5,4704,109,1,0,0,0
29,2023-04-29,6,5459,142,1,0,0,0
29,2023-04-30,7,0,0,0,0,0,0
29,2023-05-01,1,4334,124,1,0,0,0
29,2023-05-02,2,3648,110,1,0,0,0
29,2023-05-03,3,4150,103,1,0,0,0
29,2023-05-04,4,4563,147,1,0,0,0
29,2023-05-05,5,4648,117,1,0,0,0
29,2023-05-06,6,5590,154,1,0,0,0
29,2023-05-07,7,0,0,0,0,0,0
29,2023-05-08,1,4041,104,1,0,0,0
29,2023-05-09,2,4031,103,1,1,0,0
29,2023-05-10,3,4056,108,1,0,0,0
29,2023-05-11,4,4362,112,1,1,0,0
29,2023-05-12,5,4492,114,1,0,0,0
29,2023-05-13,6,5786,139,1,0,0,0
29,2023-05-14,7,0,0,0,0,0,0
29,2023-05-15,1,4208,98,1,1,0,0
29,2023-05-16,2,3940,104,1,0,0,0
29,2023-05-17,3,4265,108,1,0,0,0
29,2023-05-18,4,4120,104,1,0,0,0
29,2023-05-19,5,4699,124,1,0,0,0
29,2023-05-20,6,5687,158,1,0,0,0
29,2023-05-21,7,4481,116,1,0,0,0
29,2023-05-22,1,4059,99,1,0,0,0
29,2023-05-23,2,4063,114,1,0,0,0
29,2023-05-24,3,3680,97,1,0,0,0
29,2023-05-25,4,4184,109,1,0,0,0
29,2023-05-26,5,4747,116,1,0,0,0
29,2023-05-27,6,6062,162,1,0,0,0
29,2023-05-28,7,0,0,0,0,0,0
29,2023-05-29,1,3995,111,1,0,0,0
29,2023-05-30,2,4079,118,1,0,0,0
29,2023-05-31,3,3901,110,1,0,0,0
29,2023-06-01,4,4537,112,1,0,0,1
29,2023-06-02,5,4331,111,1,0,0,1
29,2023-06-03,6,6254,159,1,0,0,1
29,2023-06-04,7,4891,120,1,0,0,1
29,2023-06-05,1,3890,109,1,0,0,1
29,2023-06-06,2,3545,92,1,0,0,1
29,2023-06-07,3,4759,115,1,1,0,1
29,2023-06-08,4,4020,89,1,0,0,1
29,2023-06-09,5,4655,139,1,0,0,1
29,2023-06-10,6,6137,155,1,0,0,1
29,2023-06-11,7,5468,143,1,0,0,1
29,2023-06-12,1,4321,110,1,1,0,1
29,2023-06-13,2,4313,108,1,1,0,1
29,2023-06-14,3,4592,135,1,1,0,1
29,2023-06-15,4,4674,119,1,1,0,1
29,2023-06-16,5,4492,116,1,0,0,1
29,2023-06-17,6,6452,186,1,0,0,1
29,2023-06-18,7,0,0,0,1,0,1
29,2023-06-19,1,4099,110,1,0,0,1
29,2023-06-20,2,4263,93,1,1,0,1
29,2023-06-21,3,3973,97,1,0,0,1
29,2023-06-22,4,4453,101,1,0,0,1
29,2023-06-23,5,5213,142,1,1,0,1
29,2023-06-24,6,5359,132,1,0,0,1
29,2023-06-25,7,5474,127,1,1,0,1
29,2023-06-26,1,3887,96,1,0,0,1
29,2023-06-27,2,3612,102,1,0,0,1
29,2023-06-28,3,4730,126,1,1,0,1
29,2023-06-29,4,4077,106,1,0,0,1
29,2023-06-30,5,4747,122,1,0,0,1
29,2023-07-01,6,6303,163,1,0,0,1
29,2023-07-02,7,0,0,0,1,0,1
29,2023-07-03,1,4477,109,1,1,0,1
29,2023-07-04,2,3797,86,1,0,0,1
29,2023-07-05,3,4337,105,1,0,0,1
29,2023-07-06,4,4628,105,1,1,0,1
29,2023-07-07,5,5302,141,1,1,0,1
29,2023-07-08,6,6490,173,1,0,0,1
29,2023-07-09,7,4464,122,1,0,0,1
29,2023-07-10,1,4277,120,1,1,0,1
29,2023-07-11,2,3903,108,1,0,0,1
29,2023-07-12,3,4558,110,1,1,0,1
29,2023-07-13,4,4383,113,1,0,0,1
29,2023-07-14,5,4988,130,1,0,0,1
29,2023-07-15,6,5821,146,1,0,0,1
29,2023-07-16,7,0,0,0,1,0,1
29,2023-07-17,1,4259,106,1,0,0,1
29,2023-07-18,2,4011,104,1,0,0,1
29,2023-07-19,3,3773,110,1,0,0,1
29,2023-07-20,4,4268,116,1,1,0,1
29,2023-07-21,5,4594,127,1,0,0,1
29,2023-07-22,6,6223,170,1,0,0,1
29,2023-07-23,7,5067,134,1,0,0,1
29,2023-07-24,1,3859,80,1,0,0,1
29,2023-07-25,2,4082,127,1,0,0,1
29,2023-07-26,3,4183,110,1,0,0,1
29,2023-07-27,4,4036,113,1,0,0,1
29,2023-07-28,5,5033,125,1,1,0,1
29,2023-07-29,6,6024,163,1,1,0,1
29,2023-07-30,7,5115,129,1,1,0,1
29,2023-07-31,1,3665,109,1,0,0,1
29,2023-08-01,2,4016,95,1,1,0,0
29,2023-08-02,3,4485,111,1,0,0,0
29,2023-08-03,4,4188,107,1,0,0,0
29,2023-08-04,5,4306,113,1,0,0,0
29,2023-08-05,6,6203,173,1,0,0,0
29,2023-08-06,7,5024,142,1,0,0,0
29,2023-08-07,1,4092,95,1,0,0,0
29,2023-08-08,2,3791,94,1,0,0,0
29,2023-08-09,3,4274,117,1,0,0,0
29,2023-08-10,4,4046,105,1,0,0,0
29,2023-08-11,5,4920,128,1,0,0,0
29,2023-08-12,6,6355,146,1,0,0,0
29,2023-08-13,7,4944,103,1,0,0,0
29,2023-08-14,1,3762,88,1,0,0,0
29,2023-08-15,2,4129,112,1,0,0,0
29,2023-08-16,3,4030,109,1,0,0,0
29,2023-08-17,4,4781,120,1,1,a,0
29,2023-08-18,5,4904,129,1,0,0,0
29,2023-08-19,6,5850,142,1,0,0,0
29,2023-08-20,7,6052,171,1,1,0,0
29,2023-08-21,1,4057,96,1,0,0,0
29,2023-08-22,2,3843,103,1,0,0,0
29,2023-08-23,3,4366,105,1,0,0,0
29,2023-08-24,4,4628,103,1,0,0,0
29,2023-08-25,5,4258,125,1,0,0,0
29,2023-08-26,6,6253,149,1,1,0,0
29,2023-08-27,7,4784,125,1,0,0,0
29,2023-08-28,1,4503,122,1,0,0,0
29,2023-08-29,2,3888,112,1,0,0,0
29,2023-08-30,3,4930,118,1,1,0,0
29,2023-08-31,4,4784,130,1,1,0,0
29,2023-09-01,5,4411,110,1,0,0,0
29,2023-09-02,6,6386,160,1,0,0,0
29,2023-09-03,7,5064,126,1,0,0,0
29,2023-09-04,1,3904,97,1,0,0,0
29,2023-09-05,2,3858,106,1,0,0,0
29,2023-09-06,3,3953,117,1,0,0,0
29,2023-09-07,4,4592,138,1,1,0,0
29,2023-09-08,5,4921,155,1,0,0,0
29,2023-09-09,6,5850,145,1,0,0,0
29,2023-09-10,7,5014,163,1,0,0,0
29,2023-09-11,1,4150,110,1,0,0,0
29,2023-09-12,2,3986,109,1,0,0,0
29,2023-09-13,3,4226,121,1,1,0,0
29,2023-09-14,4,4478,117,1,0,0,0
29,2023-09-15,5,4943,133,1,1,0,0
29,2023-09-16,6,5960,161,1,0,0,0
29,2023-09-17,7,0,0,0,0,0,0
29,2023-09-18,1,4086,108,1,0,0,0
29,2023-09-19,2,4022,99,1,0,0,0
29,2023-09-20,3,4329,113,1,0,0,0
29,2023-09-21,4,4256,125,1,0,0,0
29,2023-09-22,5,4489,132,1,0,0,0
29,2023-09-23,6,7129,157,1,1,0,0
29,2023-09-24,7,4909,133,1,0,0,0
29,2023-09-25,1,4062,108,1,0,0,0
29,2023-09-26,2,3809,94,1,0,0,0
29,2023-09-27,3,4011,100,1,0,0,0
29,2023-09-28,4,4643,119,1,0,0,0
29,2023-09-29,5,4458,123,1,0,0,0
29,2023-09-30,6,5779,145,1,0,0,0
29,2023-10-01,7,4902,135,1,0,0,0
29,2023-10-02,1,4589,127,1,1,0,0
29,2023-10-03,2,4204,113,1,1,0,0
29,2023-10-04,3,3868,101,1,0,0,0
29,2023-10-05,4,4073,106,1,0,0,0
29,2023-10-06,5,5165,136,1,1,0,0
29,2023-10-07,6,5858,170,1,0,0,0
29,2023-10-08,7,5585,146,1,0,0,0
29,2023-10-09,1,4973,133,1,1,0,0
29,2023-10-10,2,4257,106,1,0,0,0
29,2023-10-11,3,4714,114,1,1,0,0
29,2023-10-12,4,4427,111,1,0,0,0
29,2023-10-13,5,5121,150,1,0,0,0
29,2023-10-14,6,6217,165,1,0,0,0
29,2023-10-15,7,0,0,0,1,0,0
29,2023-10-16,1,4557,125,1,0,0,0
29,2023-10-17,2,4145,98,1,0,0,0
29,2023-10-18,3,4971,117,1,1,0,0
29,2023-10-19,4,5221,137,1,1,0,0
29,2023-10-20,5,4823,140,1,1,0,0
29,2023-10-21,6,5920,171,1,0,0,0
29,2023-10-22,7,5490,139,1,1,0,0
29,2023-10-23,1,4230,108,1,0,0,0
29,2023-10-24,2,4221,117,1,0,0,0
29,2023-10-25,3,4628,122,1,1,0,0
29,2023-10-26,4,4641,125,1,0,0,0
29,2023-10-27,5,4966,129,1,0,0,0
29,2023-10-28,6,6382,160,1,0,0,0
29,2023-10-29,7,5479,159,1,1,0,0
29,2023-10-30,1,4199,112,1,0,0,0
29,2023-10-31,2,4105,100,1,0,0,0
29,2023-11-01,3,4431,123,1,0,0,0
29,2023-11-02,4,4078,100,1,0,0,0
29,2023-11-03,5,5496,143,1,1,0,0
29,2023-11-04,6,5696,160,1,0,0,0
29,2023-11-05,7,4843,119,1,0,0,0
29,2023-11-06,1,4692,117,1,1,0,0
29,2023-11-07,2,3879,118,1,0,0,0
29,2023-11-08,3,4240,108,1,0,0,0
29,2023-11-09,4,4172,103,1,0,0,0
29,2023-11-10,5,5477,153,1,1,0,0
29,2023-11-11,6,6232,161,1,0,0,0
29,2023-11-12,7,5061,159,1,0,0,0
29,2023-11-13,1,4375,111,1,0,0,0
29,2023-11-14,2,4140,108,1,0,0,0
29,2023-11-15,3,4780,133,1,1,0,0
29,2023-11-16,4,5085,125,1,1,0,0
29,2023-11-17,5,5136,137,1,0,0,0
29,2023-11-18,6,5931,159,1,0,0,0
29,2023-11-19,7,0,0,0,1,0,0
29,2023-11-20,1,4243,109,1,0,0,0
29,2023-11-21,2,4328,111,1,0,0,0
29,2023-11-22,3,4372,113,1,1,0,0
29,2023-11-23,4,4236,108,1,0,0,0
29,2023-11-24,5,4802,121,1,0,0,0
29,2023-11-25,6,6675,198,1,0,0,0
29,2023-11-26,7,0,0,0,1,0,0
29,2023-11-27,1,4151,116,1,0,0,0
29,2023-11-28,2,4322,120,1,1,0,0
29,2023-11-29,3,4863,125,1,1,0,0
29,2023-11-30,4,4997,129,1,1,0,0
29,2023-12-01,5,5198,148,1,1,0,0
29,2023-12-02,6,5921,150,1,0,0,0
29,2023-12-03,7,0,0,0,1,0,0
29,2023-12-04,1,4273,119,1,0,0,0
29,2023-12-05,2,4334,98,1,1,0,0
29,2023-12-06,3,4409,116,1,0,0,0
29,2023-12-07,4,4542,98,1,0,0,0
29,2023-12-08,5,5165,132,1,0,0,0
29,2023-12-09,6,7175,167,1,1,0,0
29,2023-12-10,7,5013,118,1,0,0,0
29,2023-12-11,1,4015,116,1,0,0,0
29,2023-12-12,2,4942,120,1,1,0,0
29,2023-12-13,3,4159,99,1,0,0,0
29,2023-12-14,4,4004,98,1,0,0,0
29,2023-12-15,5,4579,116,1,0,0,0
29,2023-12-16,6,5632,157,1,0,0,0
29,2023-12-17,7,0,0,0,0,0,0
29,2023-12-18,1,5017,140,1,1,0,0
29,2023-12-19,2,4139,94,1,0,0,0
29,2023-12-20,3,3932,101,1,0,0,0
29,2023-12-21,4,4681,122,1,0,0,0
29,2023-12-22,5,5495,146,1,1,0,0
29,2023-12-23,6,6664,159,1,0,0,0
29,2023-12-24,7,0,0,0,0,0,0
29,2023-12-25,1,3897,89,1,0,a,0
29,2023-12-26,2,4653,122,1,1,0,0
29,2023-12-27,3,4344,127,1,1,0,0
29,2023-12-28,4,4252,108,1,0,0,0
29,2023-12-29,5,5142,129,1,0,0,0
29,2023-12-30,6,6597,175,1,0,0,0
29,2023-12-31,7,0,0,0,0,0,0
29,2024-01-01,1,3955,114,1,0,a,0
29,2024-01-02,2,4107,95,1,0,0,0
29,2024-01-03,3,4718,136,1,0,0,0
29,2024-01-04,4,5009,117,1,1,0,0
29,2024-01-05,5,5473,141,1,0,0,0
29,2024-01-06,6,6246,152,1,0,0,0
29,2024-01-07,7,5359,134,1,0,0,0
29,2024-01-08,1,4134,109,1,0,0,0
29,2024-01-09,2,3944,113,1,0,0,0
29,2024-01-10,3,4091,123,1,0,0,0
29,2024-01-11,4,4967,135,1,1,0,0
29,2024-01-12,5,5745,147,1,1,0,0
29,2024-01-13,6,6825,183,1,1,0,0
29,2024-01-14,7,5506,157,1,0,0,0
29,2024-01-15,1,5051,145,1,1,0,0
29,2024-01-16,2,4293,119,1,0,0,0
29,2024-01-17,3,4373,116,1,0,0,0
29,2024-01-18,4,4295,96,1,0,0,0
29,2024-01-19,5,5233,151,1,0,0,0
29,2024-01-20,6,6553,175,1,1,0,0
29,2024-01-21,7,5305,113,1,0,0,0
29,2024-01-22,1,3942,96,1,0,0,0
29,2024-01-23,2,3903,109,1,0,0,0
29,2024-01-24,3,4726,121,1,1,0,0
29,2024-01-25,4,5068,131,1,1,0,0
29,2024-01-26,5,5168,148,1,0,0,0
29,2024-01-27,6,6329,149,1,0,0,0
29,2024-01-28,7,0,0,0,1,0,0
29,2024-01-29,1,4054,88,1,0,0,0
29,2024-01-30,2,4272,113,1,0,0,0
29,2024-01-31,3,4459,105,1,0,0,0
29,2024-02-01,4,4498,115,1,0,0,0
29,2024-02-02,5,5003,120,1,0,0,0
29,2024-02-03,6,6845,209,1,0,0,0
29,2024-02-04,7,5428,141,1,0,0,0
29,2024-02-05,1,4321,122,1,1,0,0
29,2024-02-06,2,4318,118,1,0,0,0
29,2024-02-07,3,4622,135,1,0,0,0
29,2024-02-08,4,4282,110,1,0,0,0
29,2024-02-09,5,5170,130,1,0,0,0
29,2024-02-10,6,7302,199,1,0,0,0
29,2024-02-11,7,5828,156,1,1,0,0
29,2024-02-12,1,4184,108,1,0,0,0
29,2024-02-13,2,4120,110,1,0,0,0
29,2024-02-14,3,4358,113,1,0,0,0
29,2024-02-15,4,4120,108,1,0,0,0
29,2024-02-16,5,4997,142,1,1,0,0
29,2024-02-17,6,6444,173,1,0,0,0
29,2024-02-18,7,5686,137,1,1,0,0
29,2024-02-19,1,4819,132,1,1,0,0
29,2024-02-20,2,4089,94,1,0,0,0
29,2024-02-21,3,4355,114,1,0,0,0
29,2024-02-22,4,4692,140,1,0,0,0
29,2024-02-23,5,4827,143,1,1,0,0
29,2024-02-24,6,6076,147,1,0,0,0
29,2024-02-25,7,5054,128,1,0,0,0
29,2024-02-26,1,4214,102,1,0,0,0
29,2024-02-27,2,3860,110,1,0,0,0
29,2024-02-28,3,4561,118,1,1,0,0
29,2024-02-29,4,4643,129,1,0,0,0
29,2024-03-01,5,5075,134,1,0,0,0
29,2024-03-02,6,5488,142,1,0,0,0
29,2024-03-03,7,5140,111,1,0,0,0
29,2024-03-04,1,4224,113,1,0,0,0
29,2024-03-05,2,3971,108,1,0,0,0
29,2024-03-06,3,4320,106,1,0,0,0
29,2024-03-07,4,4582,119,1,0,0,0
29,2024-03-08,5,5145,135,1,0,0,0
29,2024-03-09,6,6421,168,1,0,0,0
29,2024-03-10,7,5912,155,1,1,0,0
29,2024-03-11,1,4689,116,1,1,0,0
29,2024-03-12,2,3691,91,1,0,0,0
29,2024-03-13,3,4328,117,1,0,0,0
29,2024-03-14,4,4646,117,1,1,0,0
29,2024-03-15,5,5004,134,1,0,0,0
29,2024-03-16,6,6961,178,1,1,0,0
29,2024-03-17,7,0,0,0,1,0,0
29,2024-03-18,1,4089,109,1,0,0,0
29,2024-03-19,2,4090,113,1,0,0,0
29,2024-03-20,3,4431,124,1,0,0,0
29,2024-03-21,4,4302,109,1,0,0,0
29,2024-03-22,5,5311,142,1,1,0,0
29,2024-03-23,6,6432,162,1,1,0,0
29,2024-03-24,7,5296,156,1,0,0,0
29,2024-03-25,1,4001,104,1,0,0,0
29,2024-03-26,2,4186,97,1,0,0,0
29,2024-03-27,3,4526,126,1,0,0,0
29,2024-03-28,4,4802,122,1,0,0,0
29,2024-03-29,5,5402,164,1,1,0,0
29,2024-03-30,6,6619,176,1,0,0,0
29,2024-03-31,7,0,0,0,0,0,0
29,2024-04-01,1,3880,97,1,0,0,0
29,2024-04-02,2,3876,93,1,0,0,0
29,2024-04-03,3,8214,233,1,0,0,0
29,2024-04-04,4,8610,197,1,0,0,0
29,2024-04-05,5,8045,221,1,0,0,0
29,2024-04-06,6,12941,318,1,1,0,0
29,2024-04-07,7,9557,237,1,0,0,0
29,2024-04-08,1,7408,207,1,0,0,0
29,2024-04-09,2,7974,196,1,1,0,0
29,2024-04-10,3,0,0,0,1,b,0
29,2024-04-11,4,0,0,0,0,b,0
29,2024-04-12,5,4743,137,1,0,0,0
29,2024-04-13,6,7329,185,1,1,0,0
29,2024-04-14,7,0,0,0,0,0,0
29,2024-04-15,1,4452,108,1,0,0,0
29,2024-04-16,2,3780,89,1,0,0,0
29,2024-04-17,3,4488,118,1,0,0,0
29,2024-04-18,4,4712,132,1,0,0,0
29,2024-04-19,5,4359,108,1,0,0,0
29,2024-04-20,6,6907,200,1,1,0,0
29,2024-04-21,7,5881,149,1,1,0,0
29,2024-04-22,1,5039,125,1,1,0,0
29,2024-04-23,2,3916,114,1,0,0,0
29,2024-04-24,3,4704,127,1,0,0,0
29,2024-04-25,4,5107,146,1,1,0,0
29,2024-04-26,5,4771,136,1,0,0,0
29,2024-04-27,6,6779,192,1,0,0,0
29,2024-04-28,7,0,0,0,0,0,0
29,2024-04-29,1,4235,123,1,0,0,0
29,2024-04-30,2,4125,119,1,0,0,0
29,2024-05-01,3,4196,100,1,0,0,0
29,2024-05-02,4,5465,153,1,1,0,0
29,2024-05-03,5,4847,135,1,0,0,0
29,2024-05-04,6,6771,154,1,1,0,0
29,2024-05-05,7,0,0,0,1,0,0
29,2024-05-06,1,4182,110,1,0,0,0
29,2024-05-07,2,4507,110,1,1,0,0
29,2024-05-08,3,4238,116,1,0,0,0
29,2024-05-09,4,4394,114,1,0,0,0
29,2024-05-10,5,5074,133,1,0,0,0
29,2024-05-11,6,6916,194,1,0,0,0
29,2024-05-12,7,5018,123,1,0,0,0
29,2024-05-13,1,4040,111,1,0,0,0
29,2024-05-14,2,4295,121,1,0,0,0
29,2024-05-15,3,4537,127,1,0,0,0
29,2024-05-16,4,4916,130,1,0,0,0
29,2024-05-17,5,5401,137,1,0,0,0
29,2024-05-18,6,5975,173,1,0,0,0
29,2024-05-19,7,0,0,0,1,0,0
29,2024-05-20,1,4450,113,1,0,0,0
29,2024-05-21,2,4781,127,1,1,0,0
29,2024-05-22,3,4754,138,1,0,0,0
29,2024-05-23,4,4661,122,1,0,0,0
29,2024-05-24,5,4911,118,1,0,0,0
29,2024-05-25,6,6837,184,1,0,0,0
29,2024-05-26,7,5522,139,1,1,0,0
29,2024-05-27,1,4770,116,1,0,0,0
29,2024-05-28,2,4297,94,1,0,0,0
29,2024-05-29,3,4269,114,1,0,0,0
29,2024-05-30,4,4375,119,1,0,0,0
29,2024-05-31,5,5622,133,1,1,0,0
29,2024-06-01,6,6483,176,1,0,0,1
29,2024-06-02,7,0,0,0,1,0,1
29,2024-06-03,1,4057,109,1,0,0,1
29,2024-06-04,2,4211,111,1,0,0,1
29,2024-06-05,3,4623,126,1,0,0,1
29,2024-06-06,4,4412,105,1,0,0,1
29,2024-06-07,5,5648,164,1,1,0,1
29,2024-06-08,6,6884,180,1,0,0,1
29,2024-06-09,7,5480,143,1,0,0,1
29,2024-06-10,1,4493,112,1,1,0,1
29,2024-06-11,2,4321,104,1,0,0,1
29,2024-06-12,3,4772,117,1,0,0,1
29,2024-06-13,4,4707,116,1,0,0,1
29,2024-06-14,5,5377,149,1,0,0,1
29,2024-06-15,6,6849,192,1,0,0,1
29,2024-06-16,7,0,0,0,0,0,1
29,2024-06-17,1,5217,145,1,1,0,1
29,2024-06-18,2,4526,130,1,0,0,1
29,2024-06-19,3,4829,142,1,1,0,1
29,2024-06-20,4,4898,117,1,0,0,1
29,2024-06-21,5,5053,137,1,0,0,1
29,2024-06-22,6,7161,172,1,1,0,1
29,2024-06-23,7,0,0,0,1,0,1
29,2024-06-24,1,4136,105,1,0,0,1
29,2024-06-25,2,4297,120,1,0,0,1
29,2024-06-26,3,4844,133,1,1,0,1
29,2024-06-27,4,4691,138,1,1,0,1
29,2024-06-28,5,5700,141,1,1,0,1
29,2024-06-29,6,6717,161,1,0,0,1
29,2024-06-30,7,0,0,0,0,0,1
30,2022-01-01,6,7144,139,1,0,a,0
30,2022-01-02,7,7321,177,1,1,0,0
30,2022-01-03,1,4736,100,1,0,0,0
30,2022-01-04,2,4674,91,1,0,0,0
30,2022-01-05,3,6157,131,1,1,0,0
30,2022-01-06,4,4817,107,1,0,0,0
30,2022-01-07,5,6423,155,1,1,0,0
30,2022-01-08,6,7168,143,1,0,0,0
30,2022-01-09,7,0,0,0,0,0,0
30,2022-01-10,1,4813,103,1,0,0,0
30,2022-01-11,2,4865,98,1,0,0,0
30,2022-01-12,3,4805,113,1,0,0,0
30,2022-01-13,4,4939,104,1,0,0,0
30,2022-01-14,5,5625,119,1,0,0,0
30,2022-01-15,6,8385,195,1,1,0,0
30,2022-01-16,7,5774,135,1,0,0,0
30,2022-01-17,1,4691,111,1,0,0,0
30,2022-01-18,2,4814,112,1,0,0,0
30,2022-01-19,3,4712,108,1,0,0,0
30,2022-01-20,4,6255,130,1,1,0,0
30,2022-01-21,5,5464,102,1,0,0,0
30,2022-01-22,6,6202,136,1,0,0,0
30,2022-01-23,7,0,0,0,1,0,0
30,2022-01-24,1,4722,85,1,0,0,0
30,2022-01-25,2,4415,89,1,0,0,0
30,2022-01-26,3,6003,130,1,1,0,0
30,2022-01-27,4,6656,141,1,1,0,0
30,2022-01-28,5,5783,129,1,0,0,0
30,2022-01-29,6,6434,152,1,0,0,0
30,2022-01-30,7,0,0,0,1,0,0
30,2022-01-31,1,4866,111,1,0,0,0
30,2022-02-01,2,5760,126,1,1,0,0
30,2022-02-02,3,5342,115,1,1,0,0
30,2022-02-03,4,5196,126,1,0,0,0
30,2022-02-04,5,5409,125,1,0,0,0
30,2022-02-05,6,7184,154,1,0,0,0
30,2022-02-06,7,5514,128,1,0,0,0
30,2022-02-07,1,4566,107,1,0,0,0
30,2022-02-08,2,6069,138,1,1,0,0
30,2022-02-09,3,5244,130,1,0,0,0
30,2022-02-10,4,4903,108,1,0,0,0
30,2022-02-11,5,7447,163,1,1,0,0
30,2022-02-12,6,6970,133,1,0,0,0
30,2022-02-13,7,5678,125,1,0,0,0
30,2022-02-14,1,4414,89,1,0,0,0
30,2022-02-15,2,4763,92,1,0,0,0
30,2022-02-16,3,6015,139,1,1,0,0
30,2022-02-17,4,4984,106,1,0,0,0
30,2022-02-18,5,5444,114,1,0,0,0
30,2022-02-19,6,6783,131,1,0,0,0
30,2022-02-20,7,7498,147,1,1,0,0
30,2022-02-21,1,5932,151,1,1,0,0
30,2022-02-22,2,4844,129,1,0,0,0
30,2022-02-23,3,5799,126,1,1,0,0
30,2022-02-24,4,5089,109,1,0,0,0
30,2022-02-25,5,6154,143,1,0,0,0
30,2022-02-26,6,8620,191,1,1,0,0
30,2022-02-27,7,5686,120,1,0,0,0
30,2022-02-28,1,4651,99,1,0,0,0
30,2022-03-01,2,4421,99,1,0,0,0
30,2022-03-02,3,5282,119,1,0,0,0
30,2022-03-03,4,4458,100,1,0,0,0
30,2022-03-04,5,5230,110,1,0,0,0
30,2022-03-05,6,7331,154,1,0,0,0
30,2022-03-06,7,5625,112,1,0,0,0
30,2022-03-07,1,4771,131,1,0,0,0
30,2022-03-08,2,4667,114,1,0,0,0
30,2022-03-09,3,6261,151,1,1,0,0
30,2022-03-10,4,5069,114,1,0,0,0
30,2022-03-11,5,6840,145,1,1,0,0
30,2022-03-12,6,9030,187,1,1,0,0
30,2022-03-13,7,5797,146,1,0,0,0
30,2022-03-14,1,5193,114,1,0,0,0
30,2022-03-15,2,4547,109,1,0,0,0
30,2022-03-16,3,5032,109,1,0,0,0
30,2022-03-17,4,5288,119,1,0,0,0
30,2022-03-18,5,5222,116,1,0,0,0
30,2022-03-19,6,6791,159,1,0,0,0
30,2022-03-20,7,8033,159,1,1,0,0
30,2022-03-21,1,5793,129,1,1,0,0
30,2022-03-22,2,4694,103,1,0,0,0
30,2022-03-23,3,4863,114,1,0,0,0
30,2022-03-24,4,5057,117,1,0,0,0
30,2022-03-25,5,5498,128,1,0,0,0
30,2022-03-26,6,9060,213,1,1,0,0
30,2022-03-27,7,7041,164,1,1,0,0
30,2022-03-28,1,4752,101,1,0,0,0
30,2022-03-29,2,4237,104,1,0,0,0
30,2022-03-30,3,4886,120,1,0,0,0
30,2022-03-31,4,6452,144,1,1,0,0
30,2022-04-01,5,5881,129,1,0,0,0
30,2022-04-02,6,7632,180,1,0,0,0
30,2022-04-03,7,7215,147,1,1,0,0
30,2022-04-04,1,6271,133,1,1,0,0
30,2022-04-05,2,5547,116,1,1,0,0
30,2022-04-06,3,4797,97,1,0,0,0
30,2022-04-07,4,5498,126,1,0,0,0
30,2022-04-08,5,5674,138,1,0,0,0
30,2022-04-09,6,9144,189,1,1,0,0
30,2022-04-10,7,7301,155,1,1,0,0
30,2022-04-11,1,6593,147,1,1,0,0
30,2022-04-12,2,4843,108,1,0,0,0
30,2022-04-13,3,6624,155,1,1,0,0
30,2022-04-14,4,4945,110,1,0,0,0
30,2022-04-15,5,5359,111,1,0,0,0
30,2022-04-16,6,6968,186,1,0,0,0
30,2022-04-17,7,0,0,0,0,0,0
30,2022-04-18,1,5230,113,1,0,0,0
30,2022-04-19,2,6129,138,1,1,0,0
30,2022-04-20,3,6449,142,1,1,0,0
30,2022-04-21,4,5149,117,1,0,0,0
30,2022-04-22,5,5285,116,1,0,0,0
30,2022-04-23,6,7993,179,1,0,0,0
30,2022-04-24,7,0,0,0,0,0,0
30,2022-04-25,1,8943,179,1,0,0,0
30,2022-04-26,2,11120,238,1,1,0,0
30,2022-04-27,3,8149,184,1,0,0,0
30,2022-04-28,4,11219,250,1,1,0,0
30,2022-04-29,5,13118,284,1,1,0,0
30,2022-04-30,6,12995,303,1,0,0,0
30,2022-05-01,7,0,0,0,0,0,0
30,2022-05-02,1,0,0,0,1,b,0
30,2022-05-03,2,0,0,0,0,b,0
30,2022-05-04,3,6938,157,1,1,0,0
30,2022-05-05,4,6392,159,1,1,0,0
30,2022-05-06,5,5893,131,1,0,0,0
30,2022-05-07,6,9327,211,1,1,0,0
30,2022-05-08,7,0,0,0,0,0,0
30,2022-05-09,1,5761,122,1,1,0,0
30,2022-05-10,2,4762,120,1,0,0,0
30,2022-05-11,3,6809,166,1,1,0,0
30,2022-05-12,4,5033,106,1,0,0,0
30,2022-05-13,5,7278,165,1,1,0,0
30,2022-05-14,6,7205,145,1,0,0,0
30,2022-05-15,7,0,0,0,0,0,0
30,2022-05-16,1,5147,114,1,0,0,0
30,2022-05-17,2,5986,137,1,1,0,0
30,2022-05-18,3,4826,116,1,0,0,0
30,2022-05-19,4,5556,122,1,0,0,0
30,2022-05-20,5,6892,162,1,1,0,0
30,2022-05-21,6,9450,204,1,1,0,0
30,2022-05-22,7,5516,127,1,0,0,0
30,2022-05-23,1,6489,145,1,1,0,0
30,2022-05-24,2,5392,113,1,0,0,0
30,2022-05-25,3,6227,141,1,1,0,0
30,2022-05-26,4,6110,147,1,1,0,0
30,2022-05-27,5,5915,135,1,0,0,0
30,2022-05-28,6,7359,113,1,0,0,0
30,2022-05-29,7,0,0,0,0,0,0
30,2022-05-30,1,4740,95,1,0,0,0
30,2022-05-31,2,5575,137,1,1,0,0
30,2022-06-01,3,5074,125,1,0,0,1
30,2022-06-02,4,6641,157,1,1,0,1
30,2022-06-03,5,5488,127,1,0,0,1
30,2022-06-04,6,9615,208,1,1,0,1
30,2022-06-05,7,7498,159,1,1,0,1
30,2022-06-06,1,6037,133,1,1,0,1
30,2022-06-07,2,4918,109,1,0,0,1
30,2022-06-08,3,4935,86,1,0,0,1
30,2022-06-09,4,4982,128,1,0,0,1
30,2022-06-10,5,5256,117,1,0,0,1
30,2022-06-11,6,7126,164,1,0,0,1
30,2022-06-12,7,8426,189,1,1,0,1
30,2022-06-13,1,4913,114,1,0,0,1
30,2022-06-14,2,4553,94,1,0,0,1
30,2022-06-15,3,5334,121,1,0,0,1
30,2022-06-16,4,5169,125,1,0,0,1
30,2022-06-17,5,5812,126,1,0,0,1
30,2022-06-18,6,9334,212,1,1,0,1
30,2022-06-19,7,6450,147,1,0,0,1
30,2022-06-20,1,5734,120,1,1,0,1
30,2022-06-21,2,5156,135,1,0,0,1
30,2022-06-22,3,6516,134,1,1,0,1
30,2022-06-23,4,5211,128,1,0,0,1
30,2022-06-24,5,6867,165,1,1,0,1
30,2022-06-25,6,7289,153,1,0,0,1
30,2022-06-26,7,6028,124,1,0,0,1
30,2022-06-27,1,5368,115,1,0,0,1
30,2022-06-28,2,6450,144,1,1,0,1
30,2022-06-29,3,6171,142,1,1,0,1
30,2022-06-30,4,5723,123,1,0,0,1
30,2022-07-01,5,6022,115,1,0,0,1
30,2022-07-02,6,7568,161,1,0,0,1
30,2022-07-03,7,5941,124,1,0,0,1
30,2022-07-04,1,4789,95,1,0,0,1
30,2022-07-05,2,4954,108,1,0,0,1
30,2022-07-06,3,6426,134,1,1,0,1
30,2022-07-07,4,6385,147,1,1,0,1
30,2022-07-08,5,6080,140,1,0,0,1
30,2022-07-09,6,7468,176,1,0,0,1
30,2022-07-10,7,0,0,0,0,0,1
30,2022-07-11,1,5206,117,1,0,0,1
30,2022-07-12,2,5032,113,1,0,0,1
30,2022-07-13,3,4644,100,1,0,0,1
30,2022-07-14,4,6773,143,1,1,0,1
30,2022-07-15,5,7223,149,1,1,0,1
30,2022-07-16,6,7255,170,1,0,0,1
30,2022-07-17,7,6064,109,1,0,0,1
30,2022-07-18,1,6092,127,1,1,0,1
30,2022-07-19,2,6090,143,1,1,0,1
30,2022-07-20,3,5057,98,1,0,0,1
30,2022-07-21,4,6761,157,1,1,0,1
30,2022-07-22,5,5338,106,1,0,0,1
30,2022-07-23,6,7502,165,1,0,0,1
30,2022-07-24,7,6050,129,1,0,0,1
30,2022-07-25,1,6896,165,1,1,0,1
30,2022-07-26,2,4375,104,1,0,0,1
30,2022-07-27,3,5305,114,1,0,0,1
30,2022-07-28,4,6690,134,1,1,0,1
30,2022-07-29,5,7516,164,1,1,0,1
30,2022-07-30,6,9101,191,1,1,0,1
30,2022-07-31,7,6167,133,1,0,0,1
30,2022-08-01,1,6255,128,1,1,0,0
30,2022-08-02,2,5718,133,1,0,0,0
30,2022-08-03,3,5002,107,1,0,0,0
30,2022-08-04,4,5042,111,1,0,0,0
30,2022-08-05,5,6382,127,1,0,0,0
30,2022-08-06,6,7590,182,1,0,0,0
30,2022-08-07,7,7797,181,1,1,0,0
30,2022-08-08,1,5257,108,1,0,0,0
30,2022-08-09,2,4886,125,1,0,0,0
30,2022-08-10,3,4983,108,1,0,0,0
30,2022-08-11,4,5292,106,1,0,0,0
30,2022-08-12,5,5568,122,1,0,0,0
30,2022-08-13,6,8665,207,1,1,0,0
30,2022-08-14,7,7294,165,1,1,0,0
30,2022-08-15,1,5496,118,1,1,0,0
30,2022-08-16,2,4787,118,1,0,0,0
30,2022-08-17,3,4972,117,1,0,a,0
30,2022-08-18,4,5426,130,1,0,0,0
30,2022-08-19,5,7325,154,1,1,0,0
30,2022-08-20,6,7436,171,1,0,0,0
30,2022-08-21,7,6462,153,1,0,0,0
30,2022-08-22,1,4891,94,1,0,0,0
30,2022-08-23,2,4614,94,1,0,0,0
30,2022-08-24,3,4463,95,1,0,0,0
30,2022-08-25,4,5283,119,1,0,0,0
30,2022-08-26,5,7272,166,1,1,0,0
30,2022-08-27,6,9972,236,1,1,0,0
30,2022-08-28,7,5849,112,1,0,0,0
30,2022-08-29,1,5191,128,1,0,0,0
30,2022-08-30,2,5358,121,1,1,0,0
30,2022-08-31,3,4785,100,1,0,0,0
30,2022-09-01,4,5387,126,1,0,0,0
30,2022-09-02,5,7556,138,1,1,0,0
30,2022-09-03,6,6892,152,1,0,0,0
30,2022-09-04,7,5882,136,1,0,0,0
30,2022-09-05,1,5024,107,1,0,0,0
30,2022-09-06,2,4879,113,1,0,0,0
30,2022-09-07,3,5267,125,1,0,0,0
30,2022-09-08,4,5537,108,1,0,0,0
30,2022-09-09,5,5480,118,1,0,0,0
30,2022-09-10,6,7696,188,1,0,0,0
30,2022-09-11,7,0,0,0,0,0,0
30,2022-09-12,1,5106,105,1,0,0,0
30,2022-09-13,2,4797,117,1,0,0,0
30,2022-09-14,3,5413,126,1,0,0,0
30,2022-09-15,4,5461,129,1,0,0,0
30,2022-09-16,5,5575,139,1,0,0,0
30,2022-09-17,6,6909,147,1,0,0,0
30,2022-09-18,7,6513,142,1,0,0,0
30,2022-09-19,1,4853,101,1,0,0,0
30,2022-09-20,2,4772,98,1,0,0,0
30,2022-09-21,3,6670,162,1,1,0,0
30,2022-09-22,4,5043,110,1,0,0,0
30,2022-09-23,5,5934,139,1,0,0,0
30,2022-09-24,6,7563,176,1,0,0,0
30,2022-09-25,7,7666,159,1,1,0,0
30,2022-09-26,1,5341,120,1,0,0,0
30,2022-09-27,2,5044,97,1,0,0,0
30,2022-09-28,3,5407,122,1,0,0,0
30,2022-09-29,4,5257,115,1,0,0,0
30,2022-09-30,5,7091,136,1,1,0,0
30,2022-10-01,6,9953,221,1,1,0,0
30,2022-10-02,7,5993,159,1,0,0,0
30,2022-10-03,1,5080,120,1,0,0,0
30,2022-10-04,2,6303,134,1,1,0,0
30,2022-10-05,3,4965,106,1,0,0,0
30,2022-10-06,4,5129,114,1,0,0,0
30,2022-10-07,5,7270,169,1,1,0,0
30,2022-10-08,6,7865,163,1,0,0,0
30,2022-10-09,7,7859,168,1,1,0,0
30,2022-10-10,1,4716,103,1,0,0,0
30,2022-10-11,2,5430,106,1,0,0,0
30,2022-10-12,3,5271,121,1,0,0,0
30,2022-10-13,4,6537,149,1,1,0,0
30,2022-10-14,5,5862,124,1,0,0,0
30,2022-10-15,6,7505,159,1,0,0,0
30,2022-10-16,7,7595,156,1,1,0,0
30,2022-10-17,1,5362,122,1,0,0,0
30,2022-10-18,2,5544,115,1,0,0,0
30,2022-10-19,3,5049,117,1,0,0,0
30,2022-10-20,4,5230,125,1,0,0,0
30,2022-10-21,5,5891,134,1,0,0,0
30,2022-10-22,6,7086,153,1,0,0,0
30,2022-10-23,7,7958,173,1,1,0,0
30,2022-10-24,1,5123,107,1,0,0,0
30,2022-10-25,2,6252,142,1,1,0,0
30,2022-10-26,3,4710,100,1,0,0,0
30,2022-10-27,4,5944,146,1,1,0,0
30,2022-10-28,5,5819,115,1,0,0,0
30,2022-10-29,6,7876,169,1,0,0,0
30,2022-10-30,7,5661,120,1,0,0,0
30,2022-10-31,1,5313,120,1,0,0,0
30,2022-11-01,2,4898,102,1,0,0,0
30,2022-11-02,3,4985,116,1,0,0,0
30,2022-11-03,4,5394,122,1,0,0,0
30,2022-11-04,5,5553,127,1,0,0,0
30,2022-11-05,6,6668,128,1,0,0,0
30,2022-11-06,7,8250,173,1,1,0,0
30,2022-11-07,1,6352,150,1,1,0,0
30,2022-11-08,2,4802,98,1,0,0,0
30,2022-11-09,3,5059,104,1,0,0,0
30,2022-11-10,4,5173,121,1,0,0,0
30,2022-11-11,5,7305,148,1,1,0,0
30,2022-11-12,6,9510,185,1,1,0,0
30,2022-11-13,7,6450,135,1,0,0,0
30,2022-11-14,1,4925,127,1,0,0,0
30,2022-11-15,2,4727,94,1,0,0,0
30,2022-11-16,3,5079,101,1,0,0,0
30,2022-11-17,4,6055,152,1,0,0,0
30,2022-11-18,5,6006,137,1,0,0,0
30,2022-11-19,6,7817,179,1,0,0,0
30,2022-11-20,7,6167,118,1,0,0,0
30,2022-11-21,1,6944,135,1,1,0,0
30,2022-11-22,2,5215,117,1,0,0,0
30,2022-11-23,3,4956,98,1,0,0,0
30,2022-11-24,4,5443,129,1,0,0,0
30,2022-11-25,5,5855,118,1,0,0,0
30,2022-11-26,6,9794,230,1,1,0,0
30,2022-11-27,7,0,0,0,0,0,0
30,2022-11-28,1,4808,102,1,0,0,0
30,2022-11-29,2,5098,100,1,0,0,0
30,2022-11-30,3,5026,132,1,0,0,0
30,2022-12-01,4,7241,150,1,1,0,0
30,2022-12-02,5,6270,149,1,0,0,0
30,2022-12-03,6,6926,139,1,0,0,0
30,2022-12-04,7,0,0,0,0,0,0
30,2022-12-05,1,4785,113,1,0,0,0
30,2022-12-06,2,5002,111,1,0,0,0
30,2022-12-07,3,5326,112,1,0,0,0
30,2022-12-08,4,5634,133,1,0,0,0
30,2022-12-09,5,7397,155,1,1,0,0
30,2022-12-10,6,7596,174,1,0,0,0
30,2022-12-11,7,6369,146,1,0,0,0
30,2022-12-12,1,5949,143,1,0,0,0
30,2022-12-13,2,4645,103,1,0,0,0
30,2022-12-14,3,4762,94,1,0,0,0
30,2022-12-15,4,5283,96,1,0,0,0
30,2022-12-16,5,5786,117,1,0,0,0
30,2022-12-17,6,9292,227,1,1,0,0
30,2022-12-18,7,6287,149,1,0,0,0
30,2022-12-19,1,6059,144,1,1,0,0
30,2022-12-20,2,6106,122,1,1,0,0
30,2022-12-21,3,6484,149,1,1,0,0
30,2022-12-22,4,5364,110,1,0,0,0
30,2022-12-23,5,7462,164,1,1,0,0
30,2022-12-24,6,9592,193,1,1,0,0
30,2022-12-25,7,0,0,0,0,a,0
30,2022-12-26,1,5091,106,1,0,0,0
30,2022-12-27,2,5042,119,1,0,0,0
30,2022-12-28,3,5528,128,1,0,0,0
30,2022-12-29,4,5044,110,1,0,0,0
30,2022-12-30,5,6030,116,1,0,0,0
30,2022-12-31,6,9761,211,1,1,0,0
30,2023-01-01,7,0,0,0,0,a,0
30,2023-01-02,1,6532,142,1,1,0,0
30,2023-01-03,2,4721,106,1,0,0,0
30,2023-01-04,3,5326,124,1,0,0,0
30,2023-01-05,4,5486,114,1,0,0,0
30,2023-01-06,5,6198,144,1,0,0,0
30,2023-01-07,6,9618,228,1,1,0,0
30,2023-01-08,7,0,0,0,0,0,0
30,2023-01-09,1,5434,132,1,0,0,0
30,2023-01-10,2,5941,124,1,1,0,0
30,2023-01-11,3,4929,96,1,0,0,0
30,2023-01-12,4,6410,154,1,1,0,0
30,2023-01-13,5,6148,137,1,0,0,0
30,2023-01-14,6,7491,167,1,0,0,0
30,2023-01-15,7,0,0,0,0,0,0
30,2023-01-16,1,6929,138,1,1,0,0
30,2023-01-17,2,4772,98,1,0,0,0
30,2023-01-18,3,6064,150,1,1,0,0
30,2023-01-19,4,7129,151,1,1,0,0
30,2023-01-20,5,5802,120,1,0,0,0
30,2023-01-21,6,7330,167,1,0,0,0
30,2023-01-22,7,0,0,0,1,0,0
30,2023-01-23,1,5144,111,1,0,0,0
30,2023-01-24,2,4859,109,1,0,0,0
30,2023-01-25,3,5460,124,1,0,0,0
30,2023-01-26,4,6590,152,1,1,0,0
30,2023-01-27,5,7268,168,1,1,0,0
30,2023-01-28,6,7072,162,1,0,0,0
30,2023-01-29,7,5576,114,1,0,0,0
30,2023-01-30,1,6580,144,1,1,0,0
30,2023-01-31,2,4752,96,1,0,0,0
30,2023-02-01,3,6600,158,1,1,0,0
30,2023-02-02,4,6025,129,1,0,0,0
30,2023-02-03,5,7771,174,1,1,0,0
30,2023-02-04,6,9780,215,1,1,0,0
30,2023-02-05,7,6503,138,1,0,0,0
30,2023-02-06,1,5773,126,1,0,0,0
30,2023-02-07,2,4616,93,1,0,0,0
30,2023-02-08,3,5293,112,1,0,0,0
30,2023-02-09,4,5911,130,1,0,0,0
30,2023-02-10,5,6179,143,1,0,0,0
30,2023-02-11,6,8298,171,1,0,0,0
30,2023-02-12,7,6179,154,1,0,0,0
30,2023-02-13,1,6117,119,1,1,0,0
30,2023-02-14,2,5593,135,1,0,0,0
30,2023-02-15,3,5359,109,1,0,0,0
30,2023-02-16,4,5742,113,1,0,0,0
30,2023-02-17,5,7959,168,1,1,0,0
30,2023-02-18,6,8342,194,1,0,0,0
30,2023-02-19,7,6484,123,1,0,0,0
30,2023-02-20,1,5318,113,1,0,0,0
30,2023-02-21,2,6552,148,1,1,0,0
30,2023-02-22,3,6471,139,1,1,0,0
30,2023-02-23,4,5814,126,1,0,0,0
30,2023-02-24,5,5932,137,1,0,0,0
30,2023-02-25,6,8288,197,1,0,0,0
30,2023-02-26,7,8319,181,1,1,0,0
30,2023-02-27,1,4660,106,1,0,0,0
30,2023-02-28,2,5330,124,1,0,0,0
30,2023-03-01,3,5420,109,1,0,0,0
30,2023-03-02,4,7378,163,1,1,0,0
30,2023-03-03,5,6647,128,1,0,0,0
30,2023-03-04,6,7911,196,1,0,0,0
30,2023-03-05,7,6526,156,1,0,0,0
30,2023-03-06,1,4911,105,1,0,0,0
30,2023-03-07,2,5089,116,1,0,0,0
30,2023-03-08,3,5811,102,1,0,0,0
30,2023-03-09,4,5543,140,1,0,0,0
30,2023-03-10,5,6412,135,1,0,0,0
30,2023-03-11,6,7872,184,1,0,0,0
30,2023-03-12,7,0,0,0,0,0,0
30,2023-03-13,1,5407,135,1,0,0,0
30,2023-03-14,2,4392,98,1,0,0,0
30,2023-03-15,3,5476,100,1,0,0,0
30,2023-03-16,4,4928,113,1,0,0,0
30,2023-03-17,5,6113,136,1,0,0,0
30,2023-03-18,6,7564,154,1,0,0,0
30,2023-03-19,7,6062,142,1,0,0,0
30,2023-03-20,1,7068,153,1,1,0,0
30,2023-03-21,2,5438,128,1,0,0,0
30,2023-03-22,3,5289,112,1,0,0,0
30,2023-03-23,4,6223,135,1,0,0,0
30,2023-03-24,5,6454,143,1,0,0,0
30,2023-03-25,6,7845,180,1,0,0,0
30,2023-03-26,7,0,0,0,1,0,0
30,2023-03-27,1,5248,124,1,0,0,0
30,2023-03-28,2,4996,96,1,0,0,0
30,2023-03-29,3,6587,168,1,1,0,0
30,2023-03-30,4,5687,136,1,0,0,0
30,2023-03-31,5,5966,141,1,0,0,0
30,2023-04-01,6,8444,190,1,0,0,0
30,2023-04-02,7,0,0,0,0,0,0
30,2023-04-03,1,5013,119,1,0,0,0
30,2023-04-04,2,5335,124,1,0,0,0
30,2023-04-05,3,5396,116,1,0,0,0
30,2023-04-06,4,7275,160,1,1,0,0
30,2023-04-07,5,7778,170,1,1,0,0
30,2023-04-08,6,9229,190,1,1,0,0
30,2023-04-09,7,8206,191,1,1,0,0
30,2023-04-10,1,5052,109,1,0,0,0
30,2023-04-11,2,5214,120,1,0,0,0
30,2023-04-12,3,5251,118,1,0,0,0
30,2023-04-13,4,6916,132,1,1,0,0
30,2023-04-14,5,6194,150,1,0,0,0
30,2023-04-15,6,14832,385,1,0,0,0
30,2023-04-16,7,14173,295,1,1,0,0
30,2023-04-17,1,10264,227,1,1,0,0
30,2023-04-18,2,11108,276,1,1,0,0
30,2023-04-19,3,9825,227,1,0,0,0
30,2023-04-20,4,10676,203,1,0,0,0
30,2023-04-21,5,11311,246,1,0,0,0
30,2023-04-22,6,0,0,0,0,b,0
30,2023-04-23,7,0,0,0,0,b,0
30,2023-04-24,1,5368,117,1,0,0,0
30,2023-04-25,2,5131,120,1,0,0,0
30,2023-04-26,3,5716,118,1,0,0,0
30,2023-04-27,4,7589,183,1,1,0,0
30,2023-04-28,5,7378,178,1,1,0,0
30,2023-04-29,6,8065,174,1,0,0,0
30,2023-04-30,7,6113,126,1,0,0,0
30,2023-05-01,1,5764,141,1,0,0,0
30,2023-05-02,2,5247,98,1,0,0,0
30,2023-05-03,3,6794,163,1,1,0,0
30,2023-05-04,4,6624,155,1,1,0,0
30,2023-05-05,5,7677,186,1,1,0,0
30,2023-05-06,6,7959,140,1,0,0,0
30,2023-05-07,7,0,0,0,1,0,0
30,2023-05-08,1,5369,111,1,0,0,0
30,2023-05-09,2,4988,112,1,0,0,0
30,2023-05-10,3,5568,127,1,0,0,0
30,2023-05-11,4,6689,171,1,1,0,0
30,2023-05-12,5,6271,126,1,0,0,0
30,2023-05-13,6,7925,166,1,0,0,0
30,2023-05-14,7,6620,134,1,0,0,0
30,2023-05-15,1,5382,125,1,0,0,0
30,2023-05-16,2,5245,133,1,0,0,0
30,2023-05-17,3,5257,117,1,0,0,0
30,2023-05-18,4,5794,125,1,0,0,0
30,2023-05-19,5,6323,156,1,0,0,0
30,2023-05-20,6,8271,195,1,0,0,0
30,2023-05-21,7,6525,117,1,0,0,0
30,2023-05-22,1,5298,126,1,0,0,0
30,2023-05-23,2,6204,134,1,1,0,0
30,2023-05-24,3,5287,106,1,0,0,0
30,2023-05-25,4,5514,137,1,0,0,0
30,2023-05-26,5,6544,134,1,0,0,0
30,2023-05-27,6,7530,154,1,0,0,0
30,2023-05-28,7,0,0,0,1,0,0
30,2023-05-29,1,5337,108,1,0,0,0
30,2023-05-30,2,5037,105,1,0,0,0
30,2023-05-31,3,5372,121,1,0,0,0
30,2023-06-01,4,5533,115,1,0,0,1
30,2023-06-02,5,6057,132,1,0,0,1
30,2023-06-03,6,9670,206,1,1,0,1
30,2023-06-04,7,0,0,0,1,0,1
30,2023-06-05,1,5265,125,1,0,0,1
30,2023-06-06,2,4863,104,1,0,0,1
30,2023-06-07,3,7066,158,1,1,0,1
30,2023-06-08,4,5416,116,1,0,0,1
30,2023-06-09,5,6407,154,1,0,0,1
30,2023-06-10,6,7791,156,1,0,0,1
30,2023-06-11,7,6907,179,1,0,0,1
30,2023-06-12,1,6730,136,1,1,0,1
30,2023-06-13,2,6216,156,1,1,0,1
30,2023-06-14,3,7727,163,1,1,0,1
30,2023-06-15,4,5558,118,1,0,0,1
30,2023-06-16,5,7626,157,1,1,0,1
30,2023-06-17,6,7873,164,1,0,0,1
30,2023-06-18,7,6708,136,1,0,0,1
30,2023-06-19,1,4992,114,1,0,0,1
30,2023-06-20,2,5300,107,1,0,0,1
30,2023-06-21,3,5041,92,1,0,0,1
30,2023-06-22,4,7081,144,1,1,0,1
30,2023-06-23,5,6640,151,1,0,0,1
30,2023-06-24,6,7859,189,1,0,0,1
30,2023-06-25,7,0,0,0,1,0,1
30,2023-06-26,1,6177,143,1,1,0,1
30,2023-06-27,2,5109,127,1,0,0,1
30,2023-06-28,3,5176,126,1,0,0,1
30,2023-06-29,4,7798,154,1,1,0,1
30,2023-06-30,5,7710,183,1,1,0,1
30,2023-07-01,6,7834,175,1,0,0,1
30,2023-07-02,7,6514,166,1,0,0,1
30,2023-07-03,1,5402,114,1,0,0,1
30,2023-07-04,2,6480,157,1,1,0,1
30,2023-07-05,3,5194,131,1,0,0,1
30,2023-07-06,4,6090,137,1,0,0,1
30,2023-07-07,5,8312,204,1,1,0,1
30,2023-07-08,6,8246,169,1,0,0,1
30,2023-07-09,7,8378,191,1,1,0,1
30,2023-07-10,1,5468,137,1,0,0,1
30,2023-07-11,2,5170,125,1,0,0,1
30,2023-07-12,3,5376,119,1,0,0,1
30,2023-07-13,4,7712,146,1,1,0,1
30,2023-07-14,5,8143,158,1,1,0,1
30,2023-07-15,6,9480,187,1,1,0,1
30,2023-07-16,7,6472,143,1,0,0,1
30,2023-07-17,1,5551,120,1,0,0,1
30,2023-07-18,2,795,17,1,0,0,1
30,2023-07-19,3,5688,125,1,0,0,1
30,2023-07-20,4,5298,111,1,0,0,1
30,2023-07-21,5,8036,177,1,1,0,1
30,2023-07-22,6,8591,167,1,0,0,1
30,2023-07-23,7,0,0,0,1,0,1
30,2023-07-24,1,7375,200,1,1,0,1
30,2023-07-25,2,5396,127,1,0,0,1
30,2023-07-26,3,6977,185,1,1,0,1
30,2023-07-27,4,5460,136,1,0,0,1
30,2023-07-28,5,7671,158,1,1,0,1
30,2023-07-29,6,7997,168,1,0,0,1
30,2023-07-30,7,6170,128,1,0,0,1
30,2023-07-31,1,5351,140,1,0,0,1
30,2023-08-01,2,6350,153,1,1,0,0
30,2023-08-02,3,7187,162,1,1,0,0
30,2023-08-03,4,4868,104,1,0,0,0
30,2023-08-04,5,7838,140,1,1,0,0
30,2023-08-05,6,7770,175,1,0,0,0
30,2023-08-06,7,8319,189,1,1,0,0
30,2023-08-07,1,6087,129,1,0,0,0
30,2023-08-08,2,5772,121,1,0,0,0
30,2023-08-09,3,5431,126,1,0,0,0
30,2023-08-10,4,5699,123,1,0,0,0
30,2023-08-11,5,6093,130,1,0,0,0
30,2023-08-12,6,8116,181,1,0,0,0
30,2023-08-13,7,0,0,0,0,0,0
30,2023-08-14,1,5096,117,1,0,0,0
30,2023-08-15,2,7191,160,1,1,0,0
30,2023-08-16,3,5834,137,1,0,0,0
30,2023-08-17,4,6013,121,1,0,a,0
30,2023-08-18,5,6492,145,1,0,0,0
30,2023-08-19,6,7822,198,1,0,0,0
30,2023-08-20,7,8768,164,1,1,0,0
30,2023-08-21,1,6720,152,1,1,0,0
30,2023-08-22,2,4892,105,1,0,0,0
30,2023-08-23,3,5610,123,1,0,0,0
30,2023-08-24,4,6796,161,1,1,0,0
30,2023-08-25,5,7734,170,1,1,0,0
30,2023-08-26,6,8495,200,1,0,0,0
30,2023-08-27,7,0,0,0,0,0,0
30,2023-08-28,1,5462,117,1,0,0,0
30,2023-08-29,2,5665,124,1,0,0,0
30,2023-08-30,3,6207,146,1,1,0,0
30,2023-08-31,4,6106,115,1,0,0,0
30,2023-09-01,5,6438,141,1,0,0,0
30,2023-09-02,6,8190,190,1,0,0,0
30,2023-09-03,7,0,0,0,0,0,0
30,2023-09-04,1,5657,116,1,0,0,0
30,2023-09-05,2,5636,112,1,0,0,0
30,2023-09-06,3,6925,151,1,1,0,0
30,2023-09-07,4,5752,128,1,0,0,0
30,2023-09-08,5,6596,147,1,0,0,0
30,2023-09-09,6,7369,156,1,0,0,0
30,2023-09-10,7,6676,130,1,0,0,0
30,2023-09-11,1,5628,123,1,0,0,0
30,2023-09-12,2,5238,123,1,0,0,0
30,2023-09-13,3,6739,157,1,1,0,0
30,2023-09-14,4,5756,112,1,0,0,0
30,2023-09-15,5,7780,153,1,1,0,0
30,2023-09-16,6,8145,179,1,0,0,0
30,2023-09-17,7,6562,150,1,0,0,0
30,2023-09-18,1,5929,141,1,0,0,0
30,2023-09-19,2,5072,120,1,0,0,0
30,2023-09-20,3,5859,116,1,0,0,0
30,2023-09-21,4,5639,141,1,0,0,0
30,2023-09-22,5,6527,145,1,0,0,0
30,2023-09-23,6,8527,189,1,0,0,0
30,2023-09-24,7,7246,185,1,0,0,0
30,2023-09-25,1,7021,178,1,1,0,0
30,2023-09-26,2,6601,138,1,1,0,0
30,2023-09-27,3,5652,120,1,0,0,0
30,2023-09-28,4,6377,170,1,0,0,0
30,2023-09-29,5,6486,148,1,0,0,0
30,2023-09-30,6,7732,166,1,0,0,0
30,2023-10-01,7,8267,175,1,1,0,0
30,2023-10-02,1,5405,130,1,0,0,0
30,2023-10-03,2,5593,121,1,0,0,0
30,2023-10-04,3,6623,124,1,1,0,0
30,2023-10-05,4,7101,173,1,1,0,0
30,2023-10-06,5,8140,171,1,1,0,0
30,2023-10-07,6,10213,221,1,1,0,0
30,2023-10-08,7,8480,174,1,1,0,0
30,2023-10-09,1,5568,108,1,0,0,0
30,2023-10-10,2,5463,118,1,0,0,0
30,2023-10-11,3,5390,122,1,0,0,0
30,2023-10-12,4,6071,140,1,0,0,0
30,2023-10-13,5,7852,170,1,1,0,0
30,2023-10-14,6,8295,197,1,0,0,0
30,2023-10-15,7,0,0,0,0,0,0
30,2023-10-16,1,5547,121,1,0,0,0
30,2023-10-17,2,5466,115,1,0,0,0
30,2023-10-18,3,7090,166,1,1,0,0
30,2023-10-19,4,5619,116,1,0,0,0
30,2023-10-20,5,6829,180,1,0,0,0
30,2023-10-21,6,8556,208,1,0,0,0
30,2023-10-22,7,6728,160,1,0,0,0
30,2023-10-23,1,6880,147,1,1,0,0
30,2023-10-24,2,5223,116,1,0,0,0
30,2023-10-25,3,6868,145,1,1,0,0
30,2023-10-26,4,7855,184,1,1,0,0
30,2023-10-27,5,7949,166,1,1,0,0
30,2023-10-28,6,9478,239,1,0,0,0
30,2023-10-29,7,7991,167,1,1,0,0
30,2023-10-30,1,5656,109,1,0,0,0
30,2023-10-31,2,6866,167,1,1,0,0
30,2023-11-01,3,7113,171,1,1,0,0
30,2023-11-02,4,6749,151,1,1,0,0
30,2023-11-03,5,7551,166,1,1,0,0
30,2023-11-04,6,8422,193,1,0,0,0
30,2023-11-05,7,6449,152,1,0,0,0
30,2023-11-06,1,5899,142,1,0,0,0
30,2023-11-07,2,6725,145,1,1,0,0
30,2023-11-08,3,5762,151,1,0,0,0
30,2023-11-09,4,5864,124,1,0,0,0
30,2023-11-10,5,1795,36,1,0,0,0
30,2023-11-11,6,8989,207,1,0,0,0
30,2023-11-12,7,0,0,0,1,0,0
30,2023-11-13,1,5615,134,1,0,0,0
30,2023-11-14,2,7042,175,1,1,0,0
30,2023-11-15,3,6033,144,1,0,0,0
30,2023-11-16,4,7137,165,1,1,0,0
30,2023-11-17,5,6001,119,1,0,0,0
30,2023-11-18,6,8599,205,1,0,0,0
30,2023-11-19,7,9056,183,1,1,0,0
30,2023-11-20,1,5102,111,1,0,0,0
30,2023-11-21,2,5293,103,1,0,0,0
30,2023-11-22,3,5639,118,1,0,0,0
30,2023-11-23,4,5605,128,1,0,0,0
30,2023-11-24,5,6470,145,1,0,0,0
30,2023-11-25,6,7914,180,1,0,0,0
30,2023-11-26,7,0,0,0,0,0,0
30,2023-11-27,1,5785,135,1,0,0,0
30,2023-11-28,2,4901,125,1,0,0,0
30,2023-11-29,3,5416,112,1,0,0,0
30,2023-11-30,4,7898,172,1,1,0,0
30,2023-12-01,5,6259,123,1,0,0,0
30,2023-12-02,6,9130,210,1,1,0,0
30,2023-12-03,7,6900,178,1,0,0,0
30,2023-12-04,1,5578,121,1,0,0,0
30,2023-12-05,2,5516,128,1,0,0,0
30,2023-12-06,3,5742,130,1,0,0,0
30,2023-12-07,4,6291,146,1,0,0,0
30,2023-12-08,5,6308,130,1,0,0,0
30,2023-12-09,6,10461,225,1,1,0,0
30,2023-12-10,7,6704,137,1,0,0,0
30,2023-12-11,1,7247,151,1,1,0,0
30,2023-12-12,2,7122,159,1,1,0,0
30,2023-12-13,3,5842,139,1,0,0,0
30,2023-12-14,4,6562,140,1,0,0,0
30,2023-12-15,5,6730,152,1,0,0,0
30,2023-12-16,6,8950,209,1,0,0,0
30,2023-12-17,7,6560,146,1,0,0,0
30,2023-12-18,1,1909,46,1,1,0,0
30,2023-12-19,2,7547,169,1,1,0,0
30,2023-12-20,3,6694,131,1,1,0,0
30,2023-12-21,4,6161,147,1,0,0,0
30,2023-12-22,5,6981,144,1,0,0,0
30,2023-12-23,6,8931,216,1,0,0,0
30,2023-12-24,7,0,0,0,0,0,0
30,2023-12-25,1,5527,116,1,0,a,0
30,2023-12-26,2,5673,144,1,0,0,0
30,2023-12-27,3,7459,190,1,1,0,0
30,2023-12-28,4,7425,143,1,1,0,0
30,2023-12-29,5,6341,136,1,0,0,0
30,2023-12-30,6,10416,229,1,1,0,0
30,2023-12-31,7,6673,147,1,0,0,0
30,2024-01-01,1,5285,130,1,0,a,0
30,2024-01-02,2,6786,136,1,1,0,0
30,2024-01-03,3,7870,172,1,1,0,0
30,2024-01-04,4,5869,147,1,0,0,0
30,2024-01-05,5,6083,134,1,0,0,0
30,2024-01-06,6,10388,248,1,1,0,0
30,2024-01-07,7,7493,147,1,0,0,0
30,2024-01-08,1,5195,132,1,0,0,0
30,2024-01-09,2,5520,137,1,0,0,0
30,2024-01-10,3,7481,167,1,1,0,0
30,2024-01-11,4,5622,121,1,0,0,0
30,2024-01-12,5,8317,190,1,1,0,0
30,2024-01-13,6,8089,175,1,0,0,0
30,2024-01-14,7,6484,154,1,0,0,0
30,2024-01-15,1,7286,156,1,1,0,0
30,2024-01-16,2,6033,122,1,0,0,0
30,2024-01-17,3,5669,134,1,0,0,0
30,2024-01-18,4,6145,127,1,0,0,0
30,2024-01-19,5,8451,189,1,1,0,0
30,2024-01-20,6,8563,212,1,0,0,0
30,2024-01-21,7,6681,134,1,0,0,0
30,2024-01-22,1,5375,107,1,0,0,0
30,2024-01-23,2,5317,117,1,0,0,0
30,2024-01-24,3,5739,128,1,0,0,0
30,2024-01-25,4,7319,171,1,1,0,0
30,2024-01-26,5,6232,158,1,0,0,0
30,2024-01-27,6,8416,166,1,0,0,0
30,2024-01-28,7,6710,150,1,0,0,0
30,2024-01-29,1,7286,141,1,1,0,0
30,2024-01-30,2,5438,126,1,0,0,0
30,2024-01-31,3,6044,128,1,0,0,0
30,2024-02-01,4,7574,174,1,1,0,0
30,2024-02-02,5,6458,149,1,0,0,0
30,2024-02-03,6,8447,195,1,0,0,0
30,2024-02-04,7,6894,152,1,0,0,0
30,2024-02-05,1,7159,136,1,1,0,0
30,2024-02-06,2,5655,113,1,0,0,0
30,2024-02-07,3,7098,164,1,1,0,0
30,2024-02-08,4,5928,142,1,0,0,0
30,2024-02-09,5,6671,128,1,0,0,0
30,2024-02-10,6,7269,135,1,0,0,0
30,2024-02-11,7,8930,226,1,1,0,0
30,2024-02-12,1,5418,122,1,0,0,0
30,2024-02-13,2,5484,107,1,0,0,0
30,2024-02-14,3,5621,113,1,0,0,0
30,2024-02-15,4,6234,133,1,0,0,0
30,2024-02-16,5,6984,142,1,0,0,0
30,2024-02-17,6,8495,177,1,0,0,0
30,2024-02-18,7,6928,159,1,0,0,0
30,2024-02-19,1,5687,125,1,0,0,0
30,2024-02-20,2,6961,157,1,1,0,0
30,2024-02-21,3,7649,177,1,1,0,0
30,2024-02-22,4,6925,146,1,0,0,0
30,2024-02-23,5,6597,164,1,0,0,0
30,2024-02-24,6,8800,204,1,0,0,0
30,2024-02-25,7,6679,153,1,0,0,0
30,2024-02-26,1,5492,117,1,0,0,0
30,2024-02-27,2,5297,123,1,0,0,0
30,2024-02-28,3,7784,179,1,1,0,0
30,2024-02-29,4,6240,144,1,0,0,0
30,2024-03-01,5,6536,154,1,0,0,0
30,2024-03-02,6,8662,200,1,0,0,0
30,2024-03-03,7,0,0,0,0,0,0
30,2024-03-04,1,7573,184,1,1,0,0
30,2024-03-05,2,5705,115,1,0,0,0
30,2024-03-06,3,7341,180,1,1,0,0
30,2024-03-07,4,6436,144,1,0,0,0
30,2024-03-08,5,6307,129,1,0,0,0
30,2024-03-09,6,9699,240,1,1,0,0
30,2024-03-10,7,7435,167,1,0,0,0
30,2024-03-11,1,5597,128,1,0,0,0
30,2024-03-12,2,7467,161,1,1,0,0
30,2024-03-13,3,6417,150,1,0,0,0
30,2024-03-14,4,6608,157,1,0,0,0
30,2024-03-15,5,5679,121,1,0,0,0
30,2024-03-16,6,8942,183,1,0,0,0
30,2024-03-17,7,6829,159,1,0,0,0
30,2024-03-18,1,6934,141,1,1,0,0
30,2024-03-19,2,5712,133,1,0,0,0
30,2024-03-20,3,5681,127,1,0,0,0
30,2024-03-21,4,6284,140,1,0,0,0
30,2024-03-22,5,7138,142,1,0,0,0
30,2024-03-23,6,8524,190,1,0,0,0
30,2024-03-24,7,0,0,0,0,0,0
30,2024-03-25,1,7015,132,1,1,0,0
30,2024-03-26,2,5748,120,1,0,0,0
30,2024-03-27,3,6290,135,1,0,0,0
30,2024-03-28,4,6191,137,1,0,0,0
30,2024-03-29,5,6667,146,1,0,0,0
30,2024-03-30,6,11487,234,1,1,0,0
30,2024-03-31,7,6886,130,1,0,0,0
30,2024-04-01,1,5642,119,1,0,0,0
30,2024-04-02,2,5439,135,1,0,0,0
30,2024-04-03,3,9758,241,1,0,0,0
30,2024-04-04,4,13083,306,1,1,0,0
30,2024-04-05,5,12124,262,1,0,0,0
30,2024-04-06,6,15727,378,1,0,0,0
30,2024-04-07,7,12059,239,1,0,0,0
30,2024-04-08,1,10106,231,1,0,0,0
30,2024-04-09,2,9182,199,1,0,0,0
30,2024-04-10,3,0,0,0,1,b,0
30,2024-04-11,4,0,0,0,0,b,0
30,2024-04-12,5,8108,181,1,1,0,0
30,2024-04-13,6,8711,173,1,0,0,0
30,2024-04-14,7,8426,210,1,1,0,0
30,2024-04-15,1,6066,135,1,0,0,0
30,2024-04-16,2,5825,147,1,0,0,0
30,2024-04-17,3,6892,147,1,1,0,0
30,2024-04-18,4,5798,145,1,0,0,0
30,2024-04-19,5,6715,152,1,0,0,0
30,2024-04-20,6,11581,281,1,1,0,0
30,2024-04-21,7,0,0,0,0,0,0
30,2024-04-22,1,6157,126,1,0,0,0
30,2024-04-23,2,7175,184,1,1,0,0
30,2024-04-24,3,7080,122,1,1,0,0
30,2024-04-25,4,7471,153,1,1,0,0
30,2024-04-26,5,6962,171,1,0,0,0
30,2024-04-27,6,9044,217,1,0,0,0
30,2024-04-28,7,0,0,0,1,0,0
30,2024-04-29,1,5850,130,1,0,0,0
30,2024-04-30,2,7234,163,1,1,0,0
30,2024-05-01,3,6588,151,1,0,0,0
30,2024-05-02,4,6850,146,1,0,0,0
30,2024-05-03,5,6775,145,1,0,0,0
30,2024-05-04,6,9905,220,1,1,0,0
30,2024-05-05,7,0,0,0,0,0,0
30,2024-05-06,1,7289,163,1,1,0,0
30,2024-05-07,2,6640,173,1,1,0,0
30,2024-05-08,3,7457,159,1,1,0,0
30,2024-05-09,4,7255,187,1,1,0,0
30,2024-05-10,5,8621,186,1,1,0,0
30,2024-05-11,6,11206,262,1,1,0,0
30,2024-05-12,7,7282,161,1,0,0,0
30,2024-05-13,1,6094,126,1,0,0,0
30,2024-05-14,2,5812,136,1,0,0,0
30,2024-05-15,3,6172,135,1,0,0,0
30,2024-05-16,4,6529,141,1,0,0,0
30,2024-05-17,5,6630,125,1,0,0,0
30,2024-05-18,6,10821,232,1,1,0,0
30,2024-05-19,7,6980,158,1,0,0,0
30,2024-05-20,1,5599,130,1,0,0,0
30,2024-05-21,2,7003,142,1,1,0,0
30,2024-05-22,3,6196,134,1,0,0,0
30,2024-05-23,4,6366,135,1,0,0,0
30,2024-05-24,5,7769,153,1,1,0,0
30,2024-05-25,6,9482,204,1,0,0,0
30,2024-05-26,7,7419,150,1,0,0,0
30,2024-05-27,1,5891,123,1,0,0,0
30,2024-05-28,2,5303,111,1,0,0,0
30,2024-05-29,3,7004,165,1,1,0,0
30,2024-05-30,4,6614,139,1,0,0,0
30,2024-05-31,5,8928,211,1,1,0,0
30,2024-06-01,6,9240,191,1,0,0,1
30,2024-06-02,7,0,0,0,0,0,1
30,2024-06-03,1,7768,158,1,1,0,1
30,2024-06-04,2,6643,139,1,1,0,1
30,2024-06-05,3,5598,123,1,0,0,1
30,2024-06-06,4,6472,148,1,0,0,1
30,2024-06-07,5,8124,194,1,1,0,1
30,2024-06-08,6,8742,183,1,0,0,1
30,2024-06-09,7,0,0,0,0,0,1
30,2024-06-10,1,6264,119,1,1,0,1
30,2024-06-11,2,5422,137,1,0,0,1
30,2024-06-12,3,5862,117,1,0,0,1
30,2024-06-13,4,5886,128,1,0,0,1
30,2024-06-14,5,8792,182,1,1,0,1
30,2024-06-15,6,9217,210,1,0,0,1
30,2024-06-16,7,9210,192,1,1,0,1
30,2024-06-17,1,5513,105,1,0,0,1
30,2024-06-18,2,5873,119,1,0,0,1
30,2024-06-19,3,5617,123,1,0,0,1
30,2024-06-20,4,6756,131,1,0,0,1
30,2024-06-21,5,6849,160,1,0,0,1
30,2024-06-22,6,8411,216,1,0,0,1
30,2024-06-23,7,8975,231,1,1,0,1
30,2024-06-24,1,7387,150,1,1,0,1
30,2024-06-25,2,5934,111,1,0,0,1
30,2024-06-26,3,6784,139,1,1,0,1
30,2024-06-27,4,5975,136,1,0,0,1
30,2024-06-28,5,7008,147,1,0,0,1
30,2024-06-29,6,9143,214,1,0,0,1
30,2024-06-30,7,8345,169,1,0,0,1
